2020-04-07 20:36:29, 	Binance     , 	Bitfinex    , 	BTC/EUR, 	6753.63, 	0.16417, 	6720.5, 	0.002325, 	0.492969%, 	0.300000%, 	0.192969%
2020-04-07 20:36:59, 	Binance     , 	Bitfinex    , 	BTC/EUR, 	6754.09, 	0.164158, 	6718.3, 	0.01, 	0.532724%, 	0.300000%, 	0.232724%
2020-04-07 20:37:29, 	Binance     , 	Bitfinex    , 	BTC/EUR, 	6754.51, 	0.164148, 	6721.3, 	0.01, 	0.494101%, 	0.300000%, 	0.194101%
2020-04-07 20:37:59, 	Binance     , 	Bitfinex    , 	BTC/EUR, 	6775.6, 	0.00232, 	6718.2, 	0.00537, 	0.854396%, 	0.300000%, 	0.554396%
2020-04-07 20:38:29, 	Binance     , 	Bitfinex    , 	BTC/EUR, 	6775.6, 	0.00232, 	6717.0, 	0.00537, 	0.872413%, 	0.300000%, 	0.572413%
2020-04-07 20:38:59, 	Binance     , 	Bitfinex    , 	BTC/EUR, 	6775.6, 	0.00232, 	6718.9, 	0.004553, 	0.843888%, 	0.300000%, 	0.543888%
2020-04-07 20:39:29, 	Binance     , 	Bitfinex    , 	BTC/EUR, 	6762.77, 	0.004561, 	6723.7, 	0.00768, 	0.581079%, 	0.300000%, 	0.281079%
2020-04-07 20:39:59, 	Binance     , 	Bitfinex    , 	BTC/EUR, 	6762.77, 	0.157656, 	6724.4, 	0.00768, 	0.570609%, 	0.300000%, 	0.270609%
2020-04-07 20:58:39, 	Binance     , 	Bitfinex    , 	BTC/EUR, 	6765.0, 	0.60296, 	6703.4, 	0.071615, 	0.918937%, 	0.300000%, 	0.618937%
2020-04-07 20:59:09, 	Binance     , 	Bitfinex    , 	BTC/EUR, 	6762.76, 	0.002324, 	6698.5, 	0.071615, 	0.959319%, 	0.300000%, 	0.659319%
2020-04-07 20:59:39, 	Binance     , 	Bitfinex    , 	BTC/EUR, 	6754.56, 	0.01, 	6695.9, 	0.18, 	0.876058%, 	0.300000%, 	0.576058%
2020-04-07 21:00:09, 	Binance     , 	Bitfinex    , 	BTC/EUR, 	6755.0, 	0.302997, 	6687.7, 	0.030267, 	1.006325%, 	0.300000%, 	0.706325%
2020-04-07 21:00:39, 	Binance     , 	Bitfinex    , 	BTC/EUR, 	6755.0, 	0.302997, 	6686.8, 	0.122, 	1.019920%, 	0.300000%, 	0.719920%
2020-04-07 21:01:09, 	Binance     , 	Bitfinex    , 	BTC/EUR, 	6755.0, 	0.200418, 	6683.0, 	0.177151, 	1.077360%, 	0.300000%, 	0.777360%
2020-04-07 21:01:39, 	Binance     , 	Bitfinex    , 	BTC/EUR, 	6752.52, 	0.226331, 	6683.2, 	0.022881, 	1.037228%, 	0.300000%, 	0.737228%
2020-04-07 21:02:09, 	Binance     , 	Bitfinex    , 	BTC/EUR, 	6742.59, 	0.189582, 	6676.0, 	0.022881, 	0.997454%, 	0.300000%, 	0.697454%
2020-04-07 21:02:39, 	Binance     , 	Bitfinex    , 	BTC/EUR, 	6742.59, 	0.084616, 	6676.0, 	0.022881, 	0.997454%, 	0.300000%, 	0.697454%
2020-04-07 21:03:09, 	Binance     , 	Bitfinex    , 	BTC/EUR, 	6700.0, 	5.289057, 	6616.3, 	0.009796, 	1.265058%, 	0.300000%, 	0.965058%
2020-04-07 21:03:39, 	Binance     , 	Bitfinex    , 	BTC/EUR, 	6700.5, 	1.064539, 	6624.4, 	0.007559, 	1.148783%, 	0.300000%, 	0.848783%
2020-04-07 21:04:09, 	Binance     , 	Bitfinex    , 	BTC/EUR, 	6700.51, 	0.162083, 	6622.6, 	0.066657, 	1.176426%, 	0.300000%, 	0.876426%
2020-04-07 21:04:39, 	Binance     , 	Bitfinex    , 	BTC/EUR, 	6700.5, 	1.064539, 	6612.8, 	0.066657, 	1.326216%, 	0.300000%, 	1.026216%
2020-04-07 21:05:09, 	Binance     , 	Bitfinex    , 	BTC/EUR, 	6680.79, 	0.005302, 	6591.6, 	0.004804, 	1.353086%, 	0.300000%, 	1.053086%
2020-04-07 21:05:39, 	Binance     , 	Bitfinex    , 	BTC/EUR, 	6654.14, 	0.01, 	6555.8, 	0.009453, 	1.500046%, 	0.300000%, 	1.200046%
2020-04-07 21:07:37, 	Binance     , 	Bitfinex    , 	BTC/EUR, 	6660.89, 	0.059725, 	6577.8, 	0.004043, 	1.263188%, 	0.300000%, 	0.963188%
2020-04-07 21:08:07, 	Binance     , 	Bitfinex    , 	BTC/EUR, 	6660.89, 	0.059725, 	6595.3, 	0.002356, 	0.994496%, 	0.300000%, 	0.694496%
2020-04-07 21:08:37, 	Binance     , 	Bitfinex    , 	BTC/EUR, 	6660.89, 	0.059725, 	6606.9, 	0.002356, 	0.817176%, 	0.300000%, 	0.517176%
2020-04-07 21:09:07, 	Binance     , 	Bitfinex    , 	BTC/EUR, 	6673.54, 	0.059675, 	6609.6, 	0.01, 	0.967381%, 	0.300000%, 	0.667381%
2020-04-07 21:09:37, 	Binance     , 	Bitfinex    , 	BTC/EUR, 	6698.91, 	0.058583, 	6608.5, 	0.005792, 	1.368087%, 	0.300000%, 	1.068087%
2020-04-07 21:10:07, 	Binance     , 	Bitfinex    , 	BTC/EUR, 	6686.21, 	0.067638, 	6604.7, 	0.002348, 	1.234121%, 	0.300000%, 	0.934121%
2020-04-07 21:10:37, 	Binance     , 	Bitfinex    , 	BTC/EUR, 	6653.78, 	0.001126, 	6592.1, 	0.002824, 	0.935665%, 	0.300000%, 	0.635665%
2020-04-07 21:11:07, 	Binance     , 	Bitfinex    , 	BTC/EUR, 	6673.62, 	0.076282, 	6584.3, 	0.006201, 	1.356560%, 	0.300000%, 	1.056560%
2020-04-07 21:11:37, 	Binance     , 	Bitfinex    , 	BTC/EUR, 	6673.8, 	0.065833, 	6599.8, 	0.012024, 	1.121246%, 	0.300000%, 	0.821246%
2020-04-07 21:12:07, 	Binance     , 	Bitfinex    , 	BTC/EUR, 	6648.26, 	0.099888, 	6593.5, 	0.00236, 	0.830515%, 	0.300000%, 	0.530515%
2020-04-07 21:12:37, 	Binance     , 	Bitfinex    , 	BTC/EUR, 	6660.88, 	0.275119, 	6573.2, 	0.020795, 	1.333901%, 	0.300000%, 	1.033901%
2020-04-07 21:13:07, 	Binance     , 	Bitfinex    , 	BTC/EUR, 	6660.88, 	0.275119, 	6575.3, 	0.02346, 	1.301538%, 	0.300000%, 	1.001538%
2020-04-07 21:13:37, 	Binance     , 	Bitfinex    , 	BTC/EUR, 	6648.25, 	0.002365, 	6565.0, 	0.010793, 	1.268088%, 	0.300000%, 	0.968088%
2020-04-07 21:14:07, 	Binance     , 	Bitfinex    , 	BTC/EUR, 	6635.65, 	0.002369, 	6566.3, 	0.011783, 	1.056150%, 	0.300000%, 	0.756150%
2020-04-07 21:14:37, 	Binance     , 	Bitfinex    , 	BTC/EUR, 	6635.65, 	0.002369, 	6576.6, 	0.011783, 	0.897880%, 	0.300000%, 	0.597880%
2020-04-07 21:15:07, 	Binance     , 	Bitfinex    , 	BTC/EUR, 	6635.65, 	0.002369, 	6559.3, 	0.011783, 	1.163996%, 	0.300000%, 	0.863996%
2020-04-07 21:15:37, 	Binance     , 	Bitfinex    , 	BTC/EUR, 	6635.1, 	0.140369, 	6541.6, 	0.021944, 	1.429314%, 	0.300000%, 	1.129314%
2020-04-07 21:16:07, 	Binance     , 	Bitfinex    , 	BTC/EUR, 	6614.4, 	0.01, 	6541.2, 	0.014575, 	1.119061%, 	0.300000%, 	0.819061%
2020-04-07 21:16:37, 	Binance     , 	Bitfinex    , 	BTC/EUR, 	6614.4, 	0.01, 	6532.6, 	0.01259, 	1.252181%, 	0.300000%, 	0.952181%
2020-04-07 21:17:07, 	Binance     , 	Bitfinex    , 	BTC/EUR, 	6600.51, 	0.007736, 	6526.0, 	0.02238, 	1.141741%, 	0.300000%, 	0.841741%
2020-04-07 21:17:37, 	Binance     , 	Bitfinex    , 	BTC/EUR, 	6580.0, 	1.125485, 	6510.9, 	0.218035, 	1.061297%, 	0.300000%, 	0.761297%
2020-04-07 21:41:48, 	Binance     , 	Bitfinex    , 	BTC/EUR, 	6621.3, 	0.141661, 	6561.4, 	0.029011, 	0.912915%, 	0.300000%, 	0.612915%
2020-04-07 21:42:18, 	Binance     , 	Bitfinex    , 	BTC/EUR, 	6621.29, 	0.0151, 	6566.0, 	0.029011, 	0.842065%, 	0.300000%, 	0.542065%
2020-04-07 21:42:48, 	Binance     , 	Bitfinex    , 	BTC/EUR, 	6621.3, 	0.109201, 	6566.0, 	0.029011, 	0.842217%, 	0.300000%, 	0.542217%
2020-04-07 21:43:18, 	Binance     , 	Bitfinex    , 	BTC/EUR, 	6621.3, 	0.109201, 	6565.2, 	0.029011, 	0.854506%, 	0.300000%, 	0.554506%
2020-04-07 21:43:49, 	Binance     , 	Bitfinex    , 	BTC/EUR, 	6621.29, 	0.0151, 	6566.1, 	0.1802, 	0.840529%, 	0.300000%, 	0.540529%
2020-04-07 21:44:19, 	Binance     , 	Bitfinex    , 	BTC/EUR, 	6621.29, 	0.0151, 	6561.4, 	0.1802, 	0.912763%, 	0.300000%, 	0.612763%
2020-04-07 21:44:49, 	Binance     , 	Bitfinex    , 	BTC/EUR, 	6616.0, 	0.003796, 	6557.0, 	0.1802, 	0.899802%, 	0.300000%, 	0.599802%
2020-04-07 21:45:19, 	Binance     , 	Bitfinex    , 	BTC/EUR, 	6610.52, 	0.002378, 	6549.5, 	0.1802, 	0.931674%, 	0.300000%, 	0.631674%
2020-04-07 21:45:49, 	Binance     , 	Bitfinex    , 	BTC/EUR, 	6602.0, 	0.110621, 	6538.5, 	0.5, 	0.971171%, 	0.300000%, 	0.671171%
2020-04-07 21:46:19, 	Binance     , 	Bitfinex    , 	BTC/EUR, 	6602.0, 	0.110621, 	6551.7, 	0.1802, 	0.767740%, 	0.300000%, 	0.467740%
2020-04-07 21:46:49, 	Binance     , 	Bitfinex    , 	BTC/EUR, 	6602.0, 	0.110621, 	6542.6, 	0.0144, 	0.907896%, 	0.300000%, 	0.607896%
2020-04-07 21:47:19, 	Binance     , 	Bitfinex    , 	BTC/EUR, 	6602.0, 	0.110621, 	6549.0, 	0.007693, 	0.809284%, 	0.300000%, 	0.509284%
2020-04-07 21:47:49, 	Binance     , 	Bitfinex    , 	BTC/EUR, 	6602.01, 	0.185434, 	6553.8, 	0.1802, 	0.735604%, 	0.300000%, 	0.435604%
2020-04-07 21:48:19, 	Binance     , 	Bitfinex    , 	BTC/EUR, 	6605.0, 	0.1, 	6549.4, 	0.1802, 	0.848933%, 	0.300000%, 	0.548933%
2020-04-07 21:48:49, 	Binance     , 	Bitfinex    , 	BTC/EUR, 	6605.0, 	0.1, 	6549.4, 	0.1802, 	0.848933%, 	0.300000%, 	0.548933%
2020-04-07 21:49:19, 	Binance     , 	Bitfinex    , 	BTC/EUR, 	6605.01, 	0.18535, 	6553.8, 	0.1802, 	0.781379%, 	0.300000%, 	0.481379%
2020-04-07 21:49:49, 	Binance     , 	Bitfinex    , 	BTC/EUR, 	6605.01, 	0.18535, 	6557.6, 	0.175802, 	0.722978%, 	0.300000%, 	0.422978%
2020-04-07 21:50:19, 	Binance     , 	Bitfinex    , 	BTC/EUR, 	6605.0, 	0.1, 	6551.7, 	0.175802, 	0.813529%, 	0.300000%, 	0.513529%
2020-04-07 21:50:49, 	Binance     , 	Bitfinex    , 	BTC/EUR, 	6605.0, 	0.05, 	6542.5, 	0.238064, 	0.955292%, 	0.300000%, 	0.655292%
2020-04-07 21:51:19, 	Binance     , 	Bitfinex    , 	BTC/EUR, 	6602.0, 	0.110621, 	6543.3, 	0.238064, 	0.897101%, 	0.300000%, 	0.597101%
2020-04-07 21:51:49, 	Binance     , 	Bitfinex    , 	BTC/EUR, 	6602.0, 	0.110621, 	6550.8, 	0.111064, 	0.781584%, 	0.300000%, 	0.481584%
2020-04-07 21:52:19, 	Binance     , 	Bitfinex    , 	BTC/EUR, 	6602.0, 	0.110621, 	6546.6, 	0.111064, 	0.846241%, 	0.300000%, 	0.546241%
2020-04-07 21:52:49, 	Binance     , 	Bitfinex    , 	BTC/EUR, 	6598.2, 	0.006389, 	6545.9, 	0.111064, 	0.798973%, 	0.300000%, 	0.498973%
2020-04-07 21:53:19, 	Binance     , 	Bitfinex    , 	BTC/EUR, 	6598.16, 	0.068562, 	6545.9, 	0.111064, 	0.798362%, 	0.300000%, 	0.498362%
2020-04-07 21:53:49, 	Binance     , 	Bitfinex    , 	BTC/EUR, 	6598.16, 	0.068562, 	6545.9, 	0.111064, 	0.798362%, 	0.300000%, 	0.498362%
2020-04-07 21:54:19, 	Binance     , 	Bitfinex    , 	BTC/EUR, 	6597.99, 	0.020463, 	6545.9, 	0.230989, 	0.795765%, 	0.300000%, 	0.495765%
2020-04-07 21:54:49, 	Binance     , 	Bitfinex    , 	BTC/EUR, 	6597.99, 	0.020463, 	6545.8, 	0.224792, 	0.797305%, 	0.300000%, 	0.497305%
2020-04-07 21:55:19, 	Binance     , 	Bitfinex    , 	BTC/EUR, 	6597.99, 	0.020463, 	6545.9, 	0.224792, 	0.795765%, 	0.300000%, 	0.495765%
2020-04-07 21:55:49, 	Binance     , 	Bitfinex    , 	BTC/EUR, 	6597.99, 	0.020463, 	6545.9, 	0.504329, 	0.795765%, 	0.300000%, 	0.495765%
2020-04-07 21:56:19, 	Binance     , 	Bitfinex    , 	BTC/EUR, 	6580.0, 	0.998049, 	6545.9, 	0.002387, 	0.520937%, 	0.300000%, 	0.220937%
2020-04-07 21:56:49, 	Binance     , 	Bitfinex    , 	BTC/EUR, 	6580.0, 	1.183243, 	6546.6, 	0.002387, 	0.510188%, 	0.300000%, 	0.210188%
2020-04-07 21:57:19, 	Binance     , 	Bitfinex    , 	BTC/EUR, 	6580.0, 	1.098243, 	6546.6, 	0.002387, 	0.510188%, 	0.300000%, 	0.210188%
2020-04-07 21:57:49, 	Binance     , 	Bitfinex    , 	BTC/EUR, 	6580.0, 	0.960521, 	6546.6, 	0.002387, 	0.510188%, 	0.300000%, 	0.210188%
2020-04-07 21:58:19, 	Binance     , 	Bitfinex    , 	BTC/EUR, 	6580.0, 	0.960521, 	6546.6, 	0.002387, 	0.510188%, 	0.300000%, 	0.210188%
2020-04-07 21:58:49, 	Binance     , 	Bitfinex    , 	BTC/EUR, 	6580.0, 	0.960521, 	6546.5, 	0.044258, 	0.511724%, 	0.300000%, 	0.211724%
2020-04-07 21:59:19, 	Binance     , 	Bitfinex    , 	BTC/EUR, 	6580.0, 	0.960521, 	6545.8, 	0.044258, 	0.522472%, 	0.300000%, 	0.222472%
2020-04-07 21:59:49, 	Binance     , 	Bitfinex    , 	BTC/EUR, 	6580.0, 	0.960521, 	6546.6, 	0.816177, 	0.510188%, 	0.300000%, 	0.210188%
2020-04-07 22:00:19, 	Binance     , 	Bitfinex    , 	BTC/EUR, 	6580.0, 	0.960521, 	6546.5, 	0.816177, 	0.511724%, 	0.300000%, 	0.211724%
2020-04-07 22:00:49, 	Binance     , 	Bitfinex    , 	BTC/EUR, 	6580.0, 	1.068149, 	6538.5, 	0.839325, 	0.634702%, 	0.300000%, 	0.334702%
2020-04-07 22:01:19, 	Binance     , 	Bitfinex    , 	BTC/EUR, 	6580.0, 	1.068149, 	6529.1, 	0.028294, 	0.779587%, 	0.300000%, 	0.479587%
2020-04-07 22:01:49, 	Binance     , 	Bitfinex    , 	BTC/EUR, 	6580.0, 	0.882955, 	6526.7, 	0.028294, 	0.816645%, 	0.300000%, 	0.516645%
2020-04-07 22:02:19, 	Binance     , 	Bitfinex    , 	BTC/EUR, 	6580.0, 	0.882955, 	6530.5, 	0.028294, 	0.757982%, 	0.300000%, 	0.457982%
2020-04-07 22:02:49, 	Binance     , 	Bitfinex    , 	BTC/EUR, 	6585.0, 	0.007547, 	6536.0, 	0.028831, 	0.749694%, 	0.300000%, 	0.449694%
2020-04-07 22:03:19, 	Binance     , 	Bitfinex    , 	BTC/EUR, 	6585.0, 	0.007547, 	6535.9, 	0.028831, 	0.751235%, 	0.300000%, 	0.451235%
2020-04-07 22:03:49, 	Binance     , 	Bitfinex    , 	BTC/EUR, 	6585.0, 	0.007547, 	6535.3, 	0.016316, 	0.760485%, 	0.300000%, 	0.460485%
2020-04-07 22:04:19, 	Binance     , 	Bitfinex    , 	BTC/EUR, 	6585.0, 	0.007547, 	6536.0, 	0.016316, 	0.749694%, 	0.300000%, 	0.449694%
2020-04-07 22:04:49, 	Binance     , 	Bitfinex    , 	BTC/EUR, 	6585.0, 	0.000653, 	6545.2, 	0.582157, 	0.608079%, 	0.300000%, 	0.308079%
2020-04-07 22:05:19, 	Binance     , 	Bitfinex    , 	BTC/EUR, 	6585.0, 	0.185707, 	6532.6, 	0.579351, 	0.802131%, 	0.300000%, 	0.502131%
2020-04-07 22:05:49, 	Binance     , 	Bitfinex    , 	BTC/EUR, 	6585.0, 	0.160659, 	6520.7, 	1.08368, 	0.986090%, 	0.300000%, 	0.686090%
2020-04-07 22:06:19, 	Binance     , 	Bitfinex    , 	BTC/EUR, 	6585.0, 	2e-06, 	6521.2, 	1.08368, 	0.978348%, 	0.300000%, 	0.678348%
2020-04-07 22:06:49, 	Binance     , 	Bitfinex    , 	BTC/EUR, 	6580.0, 	1.026745, 	6526.8, 	1.08368, 	0.815101%, 	0.300000%, 	0.515101%
2020-04-07 22:07:19, 	Binance     , 	Bitfinex    , 	BTC/EUR, 	6580.0, 	1.026745, 	6527.9, 	1.08368, 	0.798113%, 	0.300000%, 	0.498113%
2020-04-07 22:07:49, 	Binance     , 	Bitfinex    , 	BTC/EUR, 	6580.0, 	1.026745, 	6527.9, 	1.06993, 	0.798113%, 	0.300000%, 	0.498113%
2020-04-07 22:08:19, 	Binance     , 	Bitfinex    , 	BTC/EUR, 	6580.0, 	1.026745, 	6519.3, 	1.06993, 	0.931082%, 	0.300000%, 	0.631082%
2020-04-07 22:08:49, 	Binance     , 	Bitfinex    , 	BTC/EUR, 	6580.0, 	1.026745, 	6527.9, 	1.068568, 	0.798113%, 	0.300000%, 	0.498113%
2020-04-07 22:09:19, 	Binance     , 	Bitfinex    , 	BTC/EUR, 	6580.0, 	1.026745, 	6527.3, 	1.068568, 	0.807378%, 	0.300000%, 	0.507378%
2020-04-07 22:09:49, 	Binance     , 	Bitfinex    , 	BTC/EUR, 	6580.0, 	1.026745, 	6526.6, 	1.068568, 	0.818190%, 	0.300000%, 	0.518190%
2020-04-07 22:10:19, 	Binance     , 	Bitfinex    , 	BTC/EUR, 	6580.0, 	1.026745, 	6528.2, 	1.068568, 	0.793481%, 	0.300000%, 	0.493481%
2020-04-07 22:10:49, 	Binance     , 	Bitfinex    , 	BTC/EUR, 	6580.0, 	1.026745, 	6536.6, 	1.068568, 	0.663954%, 	0.300000%, 	0.363954%
2020-04-07 22:11:19, 	Binance     , 	Bitfinex    , 	BTC/EUR, 	6580.0, 	1.026745, 	6539.4, 	0.002387, 	0.620852%, 	0.300000%, 	0.320852%
2020-04-07 22:11:49, 	Binance     , 	Bitfinex    , 	BTC/EUR, 	6585.49, 	0.061333, 	6553.0, 	0.026003, 	0.495803%, 	0.300000%, 	0.195803%
2020-04-07 22:12:19, 	Binance     , 	Bitfinex    , 	BTC/EUR, 	6585.49, 	0.061333, 	6551.9, 	0.003, 	0.512676%, 	0.300000%, 	0.212676%
2020-04-07 22:12:49, 	Binance     , 	Bitfinex    , 	BTC/EUR, 	6598.0, 	0.058413, 	6556.3, 	0.026865, 	0.636029%, 	0.300000%, 	0.336029%
2020-04-07 22:13:19, 	Binance     , 	Bitfinex    , 	BTC/EUR, 	6623.07, 	0.002373, 	6563.2, 	0.051629, 	0.912207%, 	0.300000%, 	0.612207%
2020-04-07 22:13:49, 	Binance     , 	Bitfinex    , 	BTC/EUR, 	6636.3, 	2e-06, 	6564.2, 	0.039901, 	1.098382%, 	0.300000%, 	0.798382%
2020-04-07 22:14:19, 	Binance     , 	Bitfinex    , 	BTC/EUR, 	6623.07, 	0.002373, 	6565.2, 	0.020789, 	0.881466%, 	0.300000%, 	0.581466%
2020-04-07 22:14:49, 	Binance     , 	Bitfinex    , 	BTC/EUR, 	6608.66, 	0.058323, 	6564.7, 	0.002379, 	0.669642%, 	0.300000%, 	0.369642%
2020-04-07 22:15:19, 	Binance     , 	Bitfinex    , 	BTC/EUR, 	6614.41, 	0.058273, 	6564.8, 	0.002379, 	0.755697%, 	0.300000%, 	0.455697%
2020-04-07 22:15:49, 	Binance     , 	Bitfinex    , 	BTC/EUR, 	6614.41, 	0.058273, 	6564.8, 	0.002379, 	0.755697%, 	0.300000%, 	0.455697%
2020-04-07 22:16:19, 	Binance     , 	Bitfinex    , 	BTC/EUR, 	6614.41, 	0.058273, 	6570.2, 	0.002379, 	0.672887%, 	0.300000%, 	0.372887%
2020-04-07 22:16:49, 	Binance     , 	Bitfinex    , 	BTC/EUR, 	6614.53, 	0.058272, 	6571.8, 	0.018002, 	0.650202%, 	0.300000%, 	0.350202%
2020-04-07 22:17:19, 	Binance     , 	Bitfinex    , 	BTC/EUR, 	6614.89, 	0.058269, 	6572.1, 	0.0104, 	0.651086%, 	0.300000%, 	0.351086%
2020-04-07 22:17:49, 	Binance     , 	Bitfinex    , 	BTC/EUR, 	6631.0, 	0.333863, 	6565.4, 	0.002373, 	0.999178%, 	0.300000%, 	0.699178%
2020-04-07 22:18:19, 	Binance     , 	Bitfinex    , 	BTC/EUR, 	6631.0, 	0.333863, 	6566.4, 	0.002373, 	0.983796%, 	0.300000%, 	0.683796%
2020-04-07 22:18:49, 	Binance     , 	Bitfinex    , 	BTC/EUR, 	6631.0, 	0.333863, 	6568.2, 	0.002373, 	0.956122%, 	0.300000%, 	0.656122%
2020-04-07 22:19:19, 	Binance     , 	Bitfinex    , 	BTC/EUR, 	6631.0, 	0.333863, 	6567.2, 	0.002373, 	0.971495%, 	0.300000%, 	0.671495%
2020-04-07 22:19:49, 	Binance     , 	Bitfinex    , 	BTC/EUR, 	6631.0, 	0.333863, 	6568.4, 	0.002373, 	0.953048%, 	0.300000%, 	0.653048%
2020-04-07 22:20:19, 	Binance     , 	Bitfinex    , 	BTC/EUR, 	6631.0, 	0.333863, 	6572.1, 	0.002373, 	0.896213%, 	0.300000%, 	0.596213%
2020-04-07 22:20:49, 	Binance     , 	Bitfinex    , 	BTC/EUR, 	6631.0, 	0.333863, 	6573.1, 	0.002373, 	0.880863%, 	0.300000%, 	0.580863%
2020-04-07 22:21:19, 	Binance     , 	Bitfinex    , 	BTC/EUR, 	6631.0, 	0.333863, 	6579.7, 	0.002373, 	0.779671%, 	0.300000%, 	0.479671%
2020-04-07 22:21:49, 	Binance     , 	Bitfinex    , 	BTC/EUR, 	6635.65, 	0.003997, 	6578.7, 	0.066152, 	0.865673%, 	0.300000%, 	0.565673%
2020-04-07 22:22:19, 	Binance     , 	Bitfinex    , 	BTC/EUR, 	6631.0, 	0.333863, 	6578.2, 	0.066152, 	0.802651%, 	0.300000%, 	0.502651%
2020-04-07 22:22:49, 	Binance     , 	Bitfinex    , 	BTC/EUR, 	6631.0, 	0.333863, 	6577.6, 	0.058893, 	0.811846%, 	0.300000%, 	0.511846%
2020-04-07 22:23:19, 	Binance     , 	Bitfinex    , 	BTC/EUR, 	6631.0, 	0.333863, 	6575.4, 	0.058893, 	0.845576%, 	0.300000%, 	0.545576%
2020-04-07 22:23:49, 	Binance     , 	Bitfinex    , 	BTC/EUR, 	6631.0, 	0.333863, 	6575.4, 	0.042598, 	0.845576%, 	0.300000%, 	0.545576%
2020-04-07 22:24:19, 	Binance     , 	Bitfinex    , 	BTC/EUR, 	6631.0, 	0.333863, 	6572.4, 	0.042598, 	0.891607%, 	0.300000%, 	0.591607%
2020-04-07 22:24:49, 	Binance     , 	Bitfinex    , 	BTC/EUR, 	6631.0, 	0.333863, 	6569.3, 	0.042598, 	0.939217%, 	0.300000%, 	0.639217%
2020-04-07 22:25:19, 	Binance     , 	Bitfinex    , 	BTC/EUR, 	6631.0, 	0.333863, 	6568.5, 	0.042598, 	0.951511%, 	0.300000%, 	0.651511%
2020-04-07 22:25:49, 	Binance     , 	Bitfinex    , 	BTC/EUR, 	6631.0, 	0.333863, 	6564.7, 	0.042598, 	1.009947%, 	0.300000%, 	0.709947%
2020-04-07 22:26:19, 	Binance     , 	Bitfinex    , 	BTC/EUR, 	6631.0, 	0.282348, 	6560.0, 	0.030267, 	1.082317%, 	0.300000%, 	0.782317%
2020-04-07 22:26:49, 	Binance     , 	Bitfinex    , 	BTC/EUR, 	6623.07, 	0.002373, 	6555.7, 	5.961541, 	1.027655%, 	0.300000%, 	0.727655%
2020-04-07 22:27:19, 	Binance     , 	Bitfinex    , 	BTC/EUR, 	6623.07, 	0.002373, 	6555.4, 	0.025555, 	1.032279%, 	0.300000%, 	0.732279%
2020-04-07 22:27:49, 	Binance     , 	Bitfinex    , 	BTC/EUR, 	6623.08, 	0.120857, 	6567.4, 	0.025555, 	0.847824%, 	0.300000%, 	0.547824%
2020-04-07 22:28:19, 	Binance     , 	Bitfinex    , 	BTC/EUR, 	6623.08, 	0.120857, 	6567.4, 	0.025555, 	0.847824%, 	0.300000%, 	0.547824%
2020-04-07 22:28:49, 	Binance     , 	Bitfinex    , 	BTC/EUR, 	6623.08, 	0.120857, 	6565.5, 	0.025555, 	0.877009%, 	0.300000%, 	0.577009%
2020-04-07 22:29:19, 	Binance     , 	Bitfinex    , 	BTC/EUR, 	6623.08, 	0.120857, 	6564.5, 	0.025555, 	0.892376%, 	0.300000%, 	0.592376%
2020-04-07 22:29:49, 	Binance     , 	Bitfinex    , 	BTC/EUR, 	6623.08, 	0.104979, 	6564.5, 	0.025555, 	0.892376%, 	0.300000%, 	0.592376%
2020-04-07 22:30:19, 	Binance     , 	Bitfinex    , 	BTC/EUR, 	6623.08, 	0.104979, 	6564.5, 	0.025555, 	0.892376%, 	0.300000%, 	0.592376%
2020-04-07 22:30:49, 	Binance     , 	Bitfinex    , 	BTC/EUR, 	6623.08, 	0.104979, 	6567.1, 	0.025555, 	0.852431%, 	0.300000%, 	0.552431%
2020-04-07 22:31:19, 	Binance     , 	Bitfinex    , 	BTC/EUR, 	6623.08, 	0.104979, 	6564.9, 	0.025555, 	0.886228%, 	0.300000%, 	0.586228%
2020-04-07 22:31:49, 	Binance     , 	Bitfinex    , 	BTC/EUR, 	6623.08, 	0.034393, 	6565.2, 	0.01473, 	0.881618%, 	0.300000%, 	0.581618%
2020-04-07 22:32:19, 	Binance     , 	Bitfinex    , 	BTC/EUR, 	6623.08, 	0.034393, 	6566.1, 	0.01473, 	0.867791%, 	0.300000%, 	0.567791%
2020-04-07 22:32:49, 	Binance     , 	Bitfinex    , 	BTC/EUR, 	6623.08, 	0.034393, 	6572.5, 	0.01473, 	0.769570%, 	0.300000%, 	0.469570%
2020-04-07 22:33:19, 	Binance     , 	Bitfinex    , 	BTC/EUR, 	6623.08, 	0.034393, 	6572.3, 	0.01473, 	0.772637%, 	0.300000%, 	0.472637%
2020-04-07 22:33:49, 	Binance     , 	Bitfinex    , 	BTC/EUR, 	6623.08, 	0.034393, 	6575.6, 	0.01473, 	0.722063%, 	0.300000%, 	0.422063%
2020-04-07 22:34:19, 	Binance     , 	Bitfinex    , 	BTC/EUR, 	6623.08, 	0.034393, 	6578.9, 	0.01473, 	0.671541%, 	0.300000%, 	0.371541%
2020-04-07 22:34:49, 	Binance     , 	Bitfinex    , 	BTC/EUR, 	6630.96, 	0.034402, 	6598.0, 	5.494742, 	0.499545%, 	0.300000%, 	0.199545%
2020-04-07 22:35:19, 	Binance     , 	Bitfinex    , 	BTC/EUR, 	6625.95, 	0.034428, 	6594.4, 	0.043146, 	0.478436%, 	0.300000%, 	0.178436%
2020-04-07 22:35:49, 	Binance     , 	Bitfinex    , 	BTC/EUR, 	6626.28, 	0.196, 	6591.7, 	0.043146, 	0.524599%, 	0.300000%, 	0.224599%
2020-04-07 22:36:19, 	Binance     , 	Bitfinex    , 	BTC/EUR, 	6626.31, 	0.034426, 	6599.1, 	0.043146, 	0.412329%, 	0.300000%, 	0.112329%
2020-04-07 22:36:49, 	Binance     , 	Bitfinex    , 	BTC/EUR, 	6634.42, 	0.034384, 	6612.8, 	0.002369, 	0.326942%, 	0.300000%, 	0.026942%
2020-04-07 22:37:19, 	Binance     , 	Bitfinex    , 	BTC/EUR, 	6634.42, 	0.034384, 	6616.7, 	0.002369, 	0.267807%, 	0.300000%, 	-0.032193%
2020-04-07 22:48:49, 	Binance     , 	Bitfinex    , 	BTC/EUR, 	6654.14, 	0.001445, 	6604.7, 	0.002361, 	0.748558%, 	0.300000%, 	0.448558%
2020-04-07 22:49:19, 	Binance     , 	Bitfinex    , 	BTC/EUR, 	6654.14, 	0.001445, 	6605.7, 	0.002361, 	0.733306%, 	0.300000%, 	0.433306%
2020-04-07 22:49:49, 	Binance     , 	Bitfinex    , 	BTC/EUR, 	6654.14, 	0.529611, 	6604.3, 	0.002361, 	0.754660%, 	0.300000%, 	0.454660%
2020-04-07 22:50:19, 	Binance     , 	Bitfinex    , 	BTC/EUR, 	6654.01, 	0.083577, 	6605.8, 	3.570093, 	0.729813%, 	0.300000%, 	0.429813%
2020-04-07 22:50:49, 	Binance     , 	Bitfinex    , 	BTC/EUR, 	6654.02, 	0.039626, 	6613.5, 	3.570093, 	0.612686%, 	0.300000%, 	0.312686%
2020-04-07 22:51:19, 	Binance     , 	Bitfinex    , 	BTC/EUR, 	6654.01, 	0.123203, 	6614.8, 	3.570093, 	0.592762%, 	0.300000%, 	0.292762%
2020-04-07 22:51:49, 	Binance     , 	Bitfinex    , 	BTC/EUR, 	6654.01, 	0.083577, 	6609.8, 	3.570093, 	0.668855%, 	0.300000%, 	0.368855%
2020-04-07 22:52:19, 	Binance     , 	Bitfinex    , 	BTC/EUR, 	6654.01, 	0.069681, 	6609.3, 	3.539826, 	0.676471%, 	0.300000%, 	0.376471%
2020-04-07 22:52:49, 	Binance     , 	Bitfinex    , 	BTC/EUR, 	6654.01, 	0.069681, 	6608.9, 	3.539826, 	0.682564%, 	0.300000%, 	0.382564%
2020-04-07 22:53:19, 	Binance     , 	Bitfinex    , 	BTC/EUR, 	6654.01, 	0.069681, 	6609.0, 	3.539826, 	0.681041%, 	0.300000%, 	0.381041%
2020-04-07 22:53:49, 	Binance     , 	Bitfinex    , 	BTC/EUR, 	6654.01, 	0.069681, 	6609.3, 	3.482568, 	0.676471%, 	0.300000%, 	0.376471%
2020-04-07 22:54:19, 	Binance     , 	Bitfinex    , 	BTC/EUR, 	6654.01, 	0.069681, 	6612.1, 	3.482568, 	0.633838%, 	0.300000%, 	0.333838%
2020-04-07 22:54:49, 	Binance     , 	Bitfinex    , 	BTC/EUR, 	6654.01, 	0.069681, 	6612.1, 	3.482568, 	0.633838%, 	0.300000%, 	0.333838%
2020-04-07 22:55:19, 	Binance     , 	Bitfinex    , 	BTC/EUR, 	6654.01, 	0.069681, 	6610.6, 	3.482568, 	0.656673%, 	0.300000%, 	0.356673%
2020-04-07 22:55:49, 	Binance     , 	Bitfinex    , 	BTC/EUR, 	6654.0, 	0.004161, 	6597.0, 	3.482568, 	0.864029%, 	0.300000%, 	0.564029%
2020-04-07 22:56:19, 	Binance     , 	Bitfinex    , 	BTC/EUR, 	6654.0, 	0.004161, 	6597.1, 	3.482568, 	0.862500%, 	0.300000%, 	0.562500%
2020-04-07 22:56:49, 	Binance     , 	Bitfinex    , 	BTC/EUR, 	6654.0, 	0.004161, 	6605.1, 	3.482568, 	0.740337%, 	0.300000%, 	0.440337%
2020-04-07 22:57:19, 	Binance     , 	Bitfinex    , 	BTC/EUR, 	6654.0, 	0.004161, 	6605.0, 	3.482568, 	0.741862%, 	0.300000%, 	0.441862%
2020-04-07 22:57:49, 	Binance     , 	Bitfinex    , 	BTC/EUR, 	6654.0, 	0.004161, 	6605.2, 	3.482568, 	0.738812%, 	0.300000%, 	0.438812%
2020-04-07 22:58:19, 	Binance     , 	Bitfinex    , 	BTC/EUR, 	6654.0, 	0.004161, 	6601.6, 	3.482568, 	0.793747%, 	0.300000%, 	0.493747%
2020-04-07 22:58:49, 	Binance     , 	Bitfinex    , 	BTC/EUR, 	6654.0, 	0.004161, 	6603.1, 	3.482568, 	0.770850%, 	0.300000%, 	0.470850%
2020-04-07 22:59:19, 	Binance     , 	Bitfinex    , 	BTC/EUR, 	6654.0, 	0.004161, 	6597.4, 	3.414223, 	0.857914%, 	0.300000%, 	0.557914%
2020-04-07 22:59:49, 	Binance     , 	Bitfinex    , 	BTC/EUR, 	6654.0, 	0.004161, 	6593.1, 	3.414223, 	0.923693%, 	0.300000%, 	0.623693%
2020-04-07 23:00:19, 	Binance     , 	Bitfinex    , 	BTC/EUR, 	6654.0, 	0.001156, 	6593.1, 	2.482397, 	0.923693%, 	0.300000%, 	0.623693%
2020-04-07 23:00:49, 	Binance     , 	Bitfinex    , 	BTC/EUR, 	6654.0, 	0.001156, 	6593.1, 	2.482397, 	0.923693%, 	0.300000%, 	0.623693%
2020-04-07 23:01:19, 	Binance     , 	Bitfinex    , 	BTC/EUR, 	6654.01, 	0.007492, 	6600.4, 	2.482397, 	0.812224%, 	0.300000%, 	0.512224%
2020-04-07 23:01:49, 	Binance     , 	Bitfinex    , 	BTC/EUR, 	6654.0, 	0.001156, 	6596.2, 	2.482397, 	0.876262%, 	0.300000%, 	0.576262%
2020-04-07 23:02:19, 	Binance     , 	Bitfinex    , 	BTC/EUR, 	6654.0, 	0.001156, 	6593.6, 	2.482397, 	0.916040%, 	0.300000%, 	0.616040%
2020-04-07 23:02:49, 	Binance     , 	Bitfinex    , 	BTC/EUR, 	6654.01, 	0.007492, 	6597.0, 	2.482397, 	0.864181%, 	0.300000%, 	0.564181%
2020-04-07 23:03:19, 	Binance     , 	Bitfinex    , 	BTC/EUR, 	6654.01, 	0.007492, 	6597.0, 	2.482397, 	0.864181%, 	0.300000%, 	0.564181%
2020-04-07 23:03:49, 	Binance     , 	Bitfinex    , 	BTC/EUR, 	6654.0, 	0.001156, 	6597.1, 	2.482397, 	0.862500%, 	0.300000%, 	0.562500%
2020-04-07 23:04:19, 	Binance     , 	Bitfinex    , 	BTC/EUR, 	6654.0, 	0.001156, 	6593.1, 	2.482397, 	0.923693%, 	0.300000%, 	0.623693%
2020-04-07 23:04:49, 	Binance     , 	Bitfinex    , 	BTC/EUR, 	6654.0, 	0.001156, 	6593.2, 	2.49642, 	0.922162%, 	0.300000%, 	0.622162%
2020-04-07 23:05:19, 	Binance     , 	Bitfinex    , 	BTC/EUR, 	6654.0, 	0.001156, 	6593.1, 	2.49642, 	0.923693%, 	0.300000%, 	0.623693%
2020-04-07 23:05:49, 	Binance     , 	Bitfinex    , 	BTC/EUR, 	6623.08, 	0.030267, 	6593.1, 	0.002369, 	0.454718%, 	0.300000%, 	0.154718%
2020-04-07 23:06:19, 	Binance     , 	Bitfinex    , 	BTC/EUR, 	6623.07, 	7.6e-05, 	6580.9, 	0.002369, 	0.640794%, 	0.300000%, 	0.340794%
2020-04-07 23:06:49, 	Binance     , 	Bitfinex    , 	BTC/EUR, 	6623.07, 	7.6e-05, 	6581.3, 	0.002369, 	0.634677%, 	0.300000%, 	0.334677%
2020-04-07 23:07:19, 	Binance     , 	Bitfinex    , 	BTC/EUR, 	6623.07, 	7.6e-05, 	6580.2, 	0.002369, 	0.651500%, 	0.300000%, 	0.351500%
2020-04-07 23:07:49, 	Binance     , 	Bitfinex    , 	BTC/EUR, 	6614.41, 	0.030267, 	6580.2, 	0.004337, 	0.519893%, 	0.300000%, 	0.219893%
2020-04-07 23:08:19, 	Binance     , 	Bitfinex    , 	BTC/EUR, 	6614.41, 	0.030267, 	6585.7, 	0.004337, 	0.435945%, 	0.300000%, 	0.135945%
2020-04-07 23:08:49, 	Binance     , 	Bitfinex    , 	BTC/EUR, 	6614.41, 	0.030267, 	6595.0, 	0.002373, 	0.294314%, 	0.300000%, 	-0.005686%
2020-04-07 23:29:36, 	Binance     , 	Bitfinex    , 	BTC/EUR, 	6614.42, 	0.021041, 	6561.4, 	0.173, 	0.808059%, 	0.300000%, 	0.508059%
2020-04-07 23:30:06, 	Binance     , 	Bitfinex    , 	BTC/EUR, 	6614.42, 	0.021041, 	6554.9, 	0.173, 	0.908023%, 	0.300000%, 	0.608023%
2020-04-07 23:30:36, 	Binance     , 	Bitfinex    , 	BTC/EUR, 	6614.42, 	0.021041, 	6555.7, 	0.173, 	0.895709%, 	0.300000%, 	0.595709%
2020-04-07 23:31:06, 	Binance     , 	Bitfinex    , 	BTC/EUR, 	6614.42, 	0.021041, 	6559.5, 	0.173, 	0.837259%, 	0.300000%, 	0.537259%
2020-04-07 23:31:36, 	Binance     , 	Bitfinex    , 	BTC/EUR, 	6614.42, 	0.021041, 	6571.6, 	0.002374, 	0.651592%, 	0.300000%, 	0.351592%
2020-04-07 23:32:06, 	Binance     , 	Bitfinex    , 	BTC/EUR, 	6614.42, 	0.021041, 	6576.2, 	0.002374, 	0.581187%, 	0.300000%, 	0.281187%
2020-04-07 23:32:36, 	Binance     , 	Bitfinex    , 	BTC/EUR, 	6623.07, 	0.002374, 	6586.6, 	0.000232, 	0.553700%, 	0.300000%, 	0.253700%
2020-04-07 23:33:06, 	Binance     , 	Bitfinex    , 	BTC/EUR, 	6623.07, 	0.002374, 	6598.3, 	0.000232, 	0.375400%, 	0.300000%, 	0.075400%
2020-04-07 23:33:36, 	Binance     , 	Bitfinex    , 	BTC/EUR, 	6625.62, 	0.181, 	6601.1, 	0.000232, 	0.371453%, 	0.300000%, 	0.071453%
2020-04-07 23:34:06, 	Binance     , 	Bitfinex    , 	BTC/EUR, 	6625.62, 	0.181, 	6600.4, 	0.000232, 	0.382098%, 	0.300000%, 	0.082098%
2020-04-07 23:34:36, 	Binance     , 	Bitfinex    , 	BTC/EUR, 	6623.08, 	0.030267, 	6589.4, 	0.000232, 	0.511124%, 	0.300000%, 	0.211124%
2020-04-07 23:35:06, 	Binance     , 	Bitfinex    , 	BTC/EUR, 	6623.08, 	0.030267, 	6592.8, 	0.020801, 	0.459289%, 	0.300000%, 	0.159289%
2020-04-07 23:35:36, 	Binance     , 	Bitfinex    , 	BTC/EUR, 	6623.08, 	0.030267, 	6593.4, 	0.020801, 	0.450147%, 	0.300000%, 	0.150147%
2020-04-07 23:36:07, 	Binance     , 	Bitfinex    , 	BTC/EUR, 	6623.08, 	0.030267, 	6593.4, 	0.020801, 	0.450147%, 	0.300000%, 	0.150147%
2020-04-07 23:36:37, 	Binance     , 	Bitfinex    , 	BTC/EUR, 	6635.65, 	0.002369, 	6600.9, 	2.776779, 	0.526443%, 	0.300000%, 	0.226443%
2020-04-07 23:37:07, 	Binance     , 	Bitfinex    , 	BTC/EUR, 	6635.65, 	0.002369, 	6605.2, 	2.776779, 	0.461000%, 	0.300000%, 	0.161000%
2020-04-07 23:37:37, 	Binance     , 	Bitfinex    , 	BTC/EUR, 	6635.65, 	0.002369, 	6601.8, 	2.776779, 	0.512739%, 	0.300000%, 	0.212739%
2020-04-07 23:38:07, 	Binance     , 	Bitfinex    , 	BTC/EUR, 	6635.65, 	0.002369, 	6592.8, 	2.776779, 	0.649951%, 	0.300000%, 	0.349951%
2020-04-07 23:38:37, 	Binance     , 	Bitfinex    , 	BTC/EUR, 	6635.65, 	0.002369, 	6592.8, 	2.776779, 	0.649951%, 	0.300000%, 	0.349951%
2020-04-07 23:39:07, 	Binance     , 	Bitfinex    , 	BTC/EUR, 	6635.65, 	0.002369, 	6601.0, 	2.776779, 	0.524920%, 	0.300000%, 	0.224920%
2020-04-07 23:39:37, 	Binance     , 	Bitfinex    , 	BTC/EUR, 	6635.65, 	0.002369, 	6601.7, 	2.776779, 	0.514261%, 	0.300000%, 	0.214261%
2020-04-07 23:40:07, 	Binance     , 	Bitfinex    , 	BTC/EUR, 	6635.65, 	0.002369, 	6606.3, 	2.776779, 	0.444273%, 	0.300000%, 	0.144273%
2020-04-07 23:40:37, 	Binance     , 	Bitfinex    , 	BTC/EUR, 	6635.65, 	0.002369, 	6606.5, 	2.962195, 	0.441232%, 	0.300000%, 	0.141232%
2020-04-07 23:41:07, 	Binance     , 	Bitfinex    , 	BTC/EUR, 	6635.65, 	0.002369, 	6607.0, 	2.962195, 	0.433631%, 	0.300000%, 	0.133631%
2020-04-07 23:41:37, 	Binance     , 	Bitfinex    , 	BTC/EUR, 	6635.65, 	0.002369, 	6606.5, 	2.962195, 	0.441232%, 	0.300000%, 	0.141232%
2020-04-07 23:42:07, 	Binance     , 	Bitfinex    , 	BTC/EUR, 	6635.66, 	0.030267, 	6609.8, 	2.962195, 	0.391237%, 	0.300000%, 	0.091237%
2020-04-07 23:42:37, 	Binance     , 	Bitfinex    , 	BTC/EUR, 	6635.65, 	0.002369, 	6609.3, 	2.962195, 	0.398681%, 	0.300000%, 	0.098681%
2020-04-07 23:43:07, 	Binance     , 	Bitfinex    , 	BTC/EUR, 	6635.66, 	0.030267, 	6609.2, 	2.776779, 	0.400351%, 	0.300000%, 	0.100351%
2020-04-07 23:43:37, 	Binance     , 	Bitfinex    , 	BTC/EUR, 	6635.67, 	0.007031, 	6610.3, 	2.776779, 	0.383795%, 	0.300000%, 	0.083795%
2020-04-07 23:44:07, 	Binance     , 	Bitfinex    , 	BTC/EUR, 	6635.67, 	0.007031, 	6609.8, 	2.776779, 	0.391389%, 	0.300000%, 	0.091389%
2020-04-07 23:44:37, 	Binance     , 	Bitfinex    , 	BTC/EUR, 	6635.67, 	0.007031, 	6612.3, 	2.776779, 	0.353432%, 	0.300000%, 	0.053432%
2020-04-07 23:45:07, 	Binance     , 	Bitfinex    , 	BTC/EUR, 	6635.65, 	0.002369, 	6608.5, 	2.776779, 	0.410835%, 	0.300000%, 	0.110835%
2020-04-07 23:45:37, 	Binance     , 	Bitfinex    , 	BTC/EUR, 	6635.65, 	0.002369, 	6606.5, 	2.776779, 	0.441232%, 	0.300000%, 	0.141232%
2020-04-07 23:46:07, 	Binance     , 	Bitfinex    , 	BTC/EUR, 	6635.66, 	0.030267, 	6608.7, 	2.776779, 	0.407947%, 	0.300000%, 	0.107947%
2020-04-07 23:46:37, 	Binance     , 	Bitfinex    , 	BTC/EUR, 	6635.66, 	0.030267, 	6608.9, 	2.776779, 	0.404909%, 	0.300000%, 	0.104909%
2020-04-07 23:47:07, 	Binance     , 	Bitfinex    , 	BTC/EUR, 	6635.66, 	0.030267, 	6610.7, 	2.776779, 	0.377570%, 	0.300000%, 	0.077570%
2020-04-07 23:47:37, 	Binance     , 	Bitfinex    , 	BTC/EUR, 	6635.67, 	0.007031, 	6610.6, 	2.776779, 	0.379239%, 	0.300000%, 	0.079239%
2020-04-07 23:48:07, 	Binance     , 	Bitfinex    , 	BTC/EUR, 	6635.66, 	0.030267, 	6608.9, 	2.776779, 	0.404909%, 	0.300000%, 	0.104909%
2020-04-07 23:48:37, 	Binance     , 	Bitfinex    , 	BTC/EUR, 	6635.65, 	0.002369, 	6603.2, 	2.776779, 	0.491428%, 	0.300000%, 	0.191428%
2020-04-07 23:49:07, 	Binance     , 	Bitfinex    , 	BTC/EUR, 	6635.65, 	0.002369, 	6605.5, 	2.776779, 	0.456438%, 	0.300000%, 	0.156438%
2020-04-07 23:49:37, 	Binance     , 	Bitfinex    , 	BTC/EUR, 	6635.65, 	0.002369, 	6603.0, 	2.776779, 	0.494472%, 	0.300000%, 	0.194472%
2020-04-07 23:50:07, 	Binance     , 	Bitfinex    , 	BTC/EUR, 	6635.65, 	0.002369, 	6601.3, 	2.770399, 	0.520352%, 	0.300000%, 	0.220352%
2020-04-07 23:50:37, 	Binance     , 	Bitfinex    , 	BTC/EUR, 	6635.65, 	0.002369, 	6601.2, 	2.770399, 	0.521875%, 	0.300000%, 	0.221875%
2020-04-07 23:51:07, 	Binance     , 	Bitfinex    , 	BTC/EUR, 	6635.65, 	0.002369, 	6603.6, 	2.770399, 	0.485341%, 	0.300000%, 	0.185341%
2020-04-07 23:51:37, 	Binance     , 	Bitfinex    , 	BTC/EUR, 	6635.65, 	0.002369, 	6600.6, 	2.770399, 	0.531012%, 	0.300000%, 	0.231012%
2020-04-07 23:52:07, 	Binance     , 	Bitfinex    , 	BTC/EUR, 	6635.65, 	0.002369, 	6598.7, 	0.079438, 	0.559959%, 	0.300000%, 	0.259959%
2020-04-07 23:52:37, 	Binance     , 	Bitfinex    , 	BTC/EUR, 	6635.65, 	0.002369, 	6598.3, 	0.079438, 	0.566055%, 	0.300000%, 	0.266055%
2020-04-07 23:53:07, 	Binance     , 	Bitfinex    , 	BTC/EUR, 	6635.65, 	0.002369, 	6599.8, 	2.770399, 	0.543198%, 	0.300000%, 	0.243198%
2020-04-07 23:53:37, 	Binance     , 	Bitfinex    , 	BTC/EUR, 	6635.66, 	0.007031, 	6598.8, 	2.767616, 	0.558586%, 	0.300000%, 	0.258586%
2020-04-07 23:54:07, 	Binance     , 	Bitfinex    , 	BTC/EUR, 	6635.65, 	0.002369, 	6597.0, 	0.02991, 	0.585872%, 	0.300000%, 	0.285872%
2020-04-07 23:54:37, 	Binance     , 	Bitfinex    , 	BTC/EUR, 	6635.65, 	0.002369, 	6588.8, 	2.767616, 	0.711055%, 	0.300000%, 	0.411055%
2020-04-07 23:55:07, 	Binance     , 	Bitfinex    , 	BTC/EUR, 	6635.65, 	0.002369, 	6588.6, 	2.767616, 	0.714112%, 	0.300000%, 	0.414112%
2020-04-07 23:55:37, 	Binance     , 	Bitfinex    , 	BTC/EUR, 	6635.65, 	0.002369, 	6586.8, 	2.767616, 	0.741635%, 	0.300000%, 	0.441635%
2020-04-07 23:56:07, 	Binance     , 	Bitfinex    , 	BTC/EUR, 	6635.65, 	0.002369, 	6588.1, 	2.767616, 	0.721756%, 	0.300000%, 	0.421756%
2020-04-07 23:56:37, 	Binance     , 	Bitfinex    , 	BTC/EUR, 	6635.65, 	0.002369, 	6595.0, 	2.767616, 	0.616376%, 	0.300000%, 	0.316376%
2020-04-07 23:57:07, 	Binance     , 	Bitfinex    , 	BTC/EUR, 	6635.65, 	0.002369, 	6596.2, 	2.767616, 	0.598072%, 	0.300000%, 	0.298072%
2020-04-07 23:57:37, 	Binance     , 	Bitfinex    , 	BTC/EUR, 	6635.65, 	0.002369, 	6597.3, 	2.767616, 	0.581298%, 	0.300000%, 	0.281298%
2020-04-07 23:58:07, 	Binance     , 	Bitfinex    , 	BTC/EUR, 	6635.65, 	0.002369, 	6597.3, 	2.767616, 	0.581298%, 	0.300000%, 	0.281298%
2020-04-07 23:58:37, 	Binance     , 	Bitfinex    , 	BTC/EUR, 	6635.65, 	0.002369, 	6597.2, 	2.767616, 	0.582823%, 	0.300000%, 	0.282823%
2020-04-07 23:59:07, 	Binance     , 	Bitfinex    , 	BTC/EUR, 	6635.65, 	0.002369, 	6597.3, 	2.767616, 	0.581298%, 	0.300000%, 	0.281298%
2020-04-07 23:59:37, 	Binance     , 	Bitfinex    , 	BTC/EUR, 	6635.65, 	0.002369, 	6586.6, 	2.767616, 	0.744694%, 	0.300000%, 	0.444694%
2020-04-08 00:00:07, 	Binance     , 	Bitfinex    , 	BTC/EUR, 	6635.65, 	0.002369, 	6588.3, 	2.767616, 	0.718698%, 	0.300000%, 	0.418698%
2020-04-08 00:00:37, 	Binance     , 	Bitfinex    , 	BTC/EUR, 	6635.65, 	0.002369, 	6587.9, 	2.767616, 	0.724814%, 	0.300000%, 	0.424814%
2020-04-08 00:01:07, 	Binance     , 	Bitfinex    , 	BTC/EUR, 	6635.65, 	0.002369, 	6589.2, 	2.767616, 	0.704941%, 	0.300000%, 	0.404941%
2020-04-08 00:01:37, 	Binance     , 	Bitfinex    , 	BTC/EUR, 	6635.65, 	0.002369, 	6589.6, 	2.767616, 	0.698828%, 	0.300000%, 	0.398828%
2020-04-08 00:02:07, 	Binance     , 	Bitfinex    , 	BTC/EUR, 	6635.65, 	0.002369, 	6589.6, 	2.767616, 	0.698828%, 	0.300000%, 	0.398828%
2020-04-08 00:02:37, 	Binance     , 	Bitfinex    , 	BTC/EUR, 	6635.65, 	0.002369, 	6586.9, 	2.767616, 	0.740105%, 	0.300000%, 	0.440105%
2020-04-08 00:03:07, 	Binance     , 	Bitfinex    , 	BTC/EUR, 	6635.65, 	0.002369, 	6597.7, 	2.767616, 	0.575200%, 	0.300000%, 	0.275200%
2020-04-08 00:03:37, 	Binance     , 	Bitfinex    , 	BTC/EUR, 	6635.65, 	0.002369, 	6604.1, 	2.67517, 	0.477734%, 	0.300000%, 	0.177734%
2020-04-08 00:04:07, 	Binance     , 	Bitfinex    , 	BTC/EUR, 	6635.65, 	0.002369, 	6602.4, 	2.507541, 	0.503605%, 	0.300000%, 	0.203605%
2020-04-08 00:04:37, 	Binance     , 	Bitfinex    , 	BTC/EUR, 	6635.65, 	0.002369, 	6604.2, 	2.507541, 	0.476212%, 	0.300000%, 	0.176212%
2020-04-08 00:05:07, 	Binance     , 	Bitfinex    , 	BTC/EUR, 	6635.66, 	0.030267, 	6604.1, 	2.33351, 	0.477885%, 	0.300000%, 	0.177885%
2020-04-08 00:05:37, 	Binance     , 	Bitfinex    , 	BTC/EUR, 	6635.65, 	0.002369, 	6601.3, 	2.260097, 	0.520352%, 	0.300000%, 	0.220352%
2020-04-08 00:06:07, 	Binance     , 	Bitfinex    , 	BTC/EUR, 	6635.65, 	0.002369, 	6601.2, 	2.212507, 	0.521875%, 	0.300000%, 	0.221875%
2020-04-08 00:06:37, 	Binance     , 	Bitfinex    , 	BTC/EUR, 	6635.65, 	0.002369, 	6599.1, 	2.123315, 	0.553863%, 	0.300000%, 	0.253863%
2020-04-08 00:07:07, 	Binance     , 	Bitfinex    , 	BTC/EUR, 	6635.65, 	0.002369, 	6600.3, 	2.123315, 	0.535582%, 	0.300000%, 	0.235582%
2020-04-08 00:07:37, 	Binance     , 	Bitfinex    , 	BTC/EUR, 	6635.65, 	0.002369, 	6602.6, 	2.066216, 	0.500560%, 	0.300000%, 	0.200560%
2020-04-08 00:08:07, 	Binance     , 	Bitfinex    , 	BTC/EUR, 	6635.65, 	0.002369, 	6595.4, 	2.066216, 	0.610274%, 	0.300000%, 	0.310274%
2020-04-08 00:08:37, 	Binance     , 	Bitfinex    , 	BTC/EUR, 	6635.65, 	0.002369, 	6601.2, 	2.066216, 	0.521875%, 	0.300000%, 	0.221875%
2020-04-08 00:09:07, 	Binance     , 	Bitfinex    , 	BTC/EUR, 	6635.65, 	0.002369, 	6599.5, 	2.066216, 	0.547769%, 	0.300000%, 	0.247769%
2020-04-08 00:09:37, 	Binance     , 	Bitfinex    , 	BTC/EUR, 	6635.65, 	0.002369, 	6600.4, 	2.066216, 	0.534059%, 	0.300000%, 	0.234059%
2020-04-08 00:10:07, 	Binance     , 	Bitfinex    , 	BTC/EUR, 	6635.65, 	0.002369, 	6596.9, 	2.066216, 	0.587397%, 	0.300000%, 	0.287397%
2020-04-08 00:10:37, 	Binance     , 	Bitfinex    , 	BTC/EUR, 	6635.65, 	0.002369, 	6596.5, 	2.066216, 	0.593497%, 	0.300000%, 	0.293497%
2020-04-08 00:11:07, 	Binance     , 	Bitfinex    , 	BTC/EUR, 	6635.65, 	0.002369, 	6595.3, 	2.066216, 	0.611799%, 	0.300000%, 	0.311799%
2020-04-08 00:11:37, 	Binance     , 	Bitfinex    , 	BTC/EUR, 	6635.65, 	0.002369, 	6589.4, 	2.066216, 	0.701885%, 	0.300000%, 	0.401885%
2020-04-08 00:12:07, 	Binance     , 	Bitfinex    , 	BTC/EUR, 	6635.65, 	0.002369, 	6589.4, 	2.066216, 	0.701885%, 	0.300000%, 	0.401885%
2020-04-08 00:12:37, 	Binance     , 	Bitfinex    , 	BTC/EUR, 	6635.65, 	0.002369, 	6589.3, 	2.066216, 	0.703413%, 	0.300000%, 	0.403413%
2020-04-08 00:13:07, 	Binance     , 	Bitfinex    , 	BTC/EUR, 	6635.65, 	0.002369, 	6589.3, 	0.030267, 	0.703413%, 	0.300000%, 	0.403413%
2020-04-08 00:13:37, 	Binance     , 	Bitfinex    , 	BTC/EUR, 	6635.65, 	0.002369, 	6589.3, 	0.030267, 	0.703413%, 	0.300000%, 	0.403413%
2020-04-08 00:14:07, 	Binance     , 	Bitfinex    , 	BTC/EUR, 	6635.65, 	0.002369, 	6589.4, 	2.066216, 	0.701885%, 	0.300000%, 	0.401885%
2020-04-08 00:14:37, 	Binance     , 	Bitfinex    , 	BTC/EUR, 	6635.65, 	0.002369, 	6589.5, 	2.066216, 	0.700357%, 	0.300000%, 	0.400357%
2020-04-08 00:15:07, 	Binance     , 	Bitfinex    , 	BTC/EUR, 	6635.65, 	0.002369, 	6590.1, 	2.066216, 	0.691188%, 	0.300000%, 	0.391188%
2020-04-08 00:15:37, 	Binance     , 	Bitfinex    , 	BTC/EUR, 	6635.65, 	0.002369, 	6592.9, 	2.066216, 	0.648425%, 	0.300000%, 	0.348425%
2020-04-08 00:16:07, 	Binance     , 	Bitfinex    , 	BTC/EUR, 	6635.65, 	0.002369, 	6598.3, 	2.066216, 	0.566055%, 	0.300000%, 	0.266055%
2020-04-08 00:16:37, 	Binance     , 	Bitfinex    , 	BTC/EUR, 	6635.65, 	0.002369, 	6597.6, 	2.066216, 	0.576725%, 	0.300000%, 	0.276725%
2020-04-08 00:17:07, 	Binance     , 	Bitfinex    , 	BTC/EUR, 	6635.65, 	0.002369, 	6601.4, 	2.066216, 	0.518829%, 	0.300000%, 	0.218829%
2020-04-08 00:17:37, 	Binance     , 	Bitfinex    , 	BTC/EUR, 	6635.65, 	0.002369, 	6602.1, 	2.066216, 	0.508172%, 	0.300000%, 	0.208172%
2020-04-08 00:18:07, 	Binance     , 	Bitfinex    , 	BTC/EUR, 	6635.65, 	0.002369, 	6600.9, 	1.710644, 	0.526443%, 	0.300000%, 	0.226443%
2020-04-08 00:18:37, 	Binance     , 	Bitfinex    , 	BTC/EUR, 	6635.65, 	0.002369, 	6600.4, 	1.710644, 	0.534059%, 	0.300000%, 	0.234059%
2020-04-08 00:19:07, 	Binance     , 	Bitfinex    , 	BTC/EUR, 	6635.65, 	0.002369, 	6602.3, 	1.710644, 	0.505127%, 	0.300000%, 	0.205127%
2020-04-08 00:19:37, 	Binance     , 	Bitfinex    , 	BTC/EUR, 	6635.65, 	0.002369, 	6602.3, 	1.710644, 	0.505127%, 	0.300000%, 	0.205127%
2020-04-08 00:20:07, 	Binance     , 	Bitfinex    , 	BTC/EUR, 	6635.65, 	0.002369, 	6602.3, 	1.710644, 	0.505127%, 	0.300000%, 	0.205127%
2020-04-08 00:20:37, 	Binance     , 	Bitfinex    , 	BTC/EUR, 	6635.65, 	0.002369, 	6602.4, 	1.710644, 	0.503605%, 	0.300000%, 	0.203605%
2020-04-08 00:21:07, 	Binance     , 	Bitfinex    , 	BTC/EUR, 	6635.65, 	0.002369, 	6602.4, 	1.710644, 	0.503605%, 	0.300000%, 	0.203605%
2020-04-08 00:21:37, 	Binance     , 	Bitfinex    , 	BTC/EUR, 	6635.65, 	0.002369, 	6602.9, 	1.710644, 	0.495994%, 	0.300000%, 	0.195994%
2020-04-08 00:22:07, 	Binance     , 	Bitfinex    , 	BTC/EUR, 	6635.65, 	0.002369, 	6602.8, 	1.710644, 	0.497516%, 	0.300000%, 	0.197516%
2020-04-08 00:22:37, 	Binance     , 	Bitfinex    , 	BTC/EUR, 	6635.65, 	0.002369, 	6602.6, 	1.710644, 	0.500560%, 	0.300000%, 	0.200560%
2020-04-08 00:23:07, 	Binance     , 	Bitfinex    , 	BTC/EUR, 	6635.65, 	0.002369, 	6602.6, 	1.710644, 	0.500560%, 	0.300000%, 	0.200560%
2020-04-08 00:23:37, 	Binance     , 	Bitfinex    , 	BTC/EUR, 	6635.65, 	0.002369, 	6602.7, 	1.710644, 	0.499038%, 	0.300000%, 	0.199038%
2020-04-08 00:24:07, 	Binance     , 	Bitfinex    , 	BTC/EUR, 	6635.65, 	0.002369, 	6602.6, 	1.710644, 	0.500560%, 	0.300000%, 	0.200560%
2020-04-08 00:24:37, 	Binance     , 	Bitfinex    , 	BTC/EUR, 	6635.65, 	0.002369, 	6602.7, 	1.243442, 	0.499038%, 	0.300000%, 	0.199038%
2020-04-08 07:22:27, 	Binance     , 	Bitfinex    , 	BTC/EUR, 	6800.0, 	0.000746, 	6770.2, 	0.00682, 	0.440164%, 	0.300000%, 	0.140164%
2020-04-08 07:22:57, 	Binance     , 	Bitfinex    , 	BTC/EUR, 	6800.0, 	0.000746, 	6770.1, 	0.022225, 	0.441648%, 	0.300000%, 	0.141648%
2020-04-08 07:23:27, 	Binance     , 	Bitfinex    , 	BTC/EUR, 	6800.0, 	0.000746, 	6779.7, 	0.022225, 	0.299423%, 	0.300000%, 	-0.000577%
2020-04-08 07:24:43, 	Binance     , 	Bitfinex    , 	BTC/EUR, 	6801.36, 	0.002312, 	6775.7, 	0.100036, 	0.378706%, 	0.300000%, 	0.078706%
2020-04-08 07:25:13, 	Binance     , 	Bitfinex    , 	BTC/EUR, 	6801.36, 	0.002312, 	6780.4, 	0.06735, 	0.309126%, 	0.300000%, 	0.009126%
2020-04-08 07:25:43, 	Binance     , 	Bitfinex    , 	BTC/EUR, 	6801.36, 	0.002312, 	6780.3, 	0.06735, 	0.310606%, 	0.300000%, 	0.010606%
2020-04-08 07:26:13, 	Binance     , 	Bitfinex    , 	BTC/EUR, 	6801.36, 	0.002312, 	6771.7, 	0.054234, 	0.437999%, 	0.300000%, 	0.137999%
2020-04-08 07:26:43, 	Binance     , 	Bitfinex    , 	BTC/EUR, 	6801.36, 	0.002312, 	6774.1, 	0.023676, 	0.402415%, 	0.300000%, 	0.102415%
2020-04-08 07:27:13, 	Binance     , 	Bitfinex    , 	BTC/EUR, 	6801.36, 	0.002312, 	6778.9, 	0.023676, 	0.331322%, 	0.300000%, 	0.031322%
2020-04-08 07:27:43, 	Binance     , 	Bitfinex    , 	BTC/EUR, 	6801.36, 	0.002312, 	6776.1, 	0.023676, 	0.372781%, 	0.300000%, 	0.072781%
2020-04-08 07:28:13, 	Binance     , 	Bitfinex    , 	BTC/EUR, 	6801.36, 	0.002312, 	6778.5, 	0.035278, 	0.337243%, 	0.300000%, 	0.037243%
2020-04-08 07:28:43, 	Binance     , 	Bitfinex    , 	BTC/EUR, 	6801.36, 	0.002312, 	6780.1, 	0.074033, 	0.313565%, 	0.300000%, 	0.013565%
2020-04-08 07:29:13, 	Binance     , 	Bitfinex    , 	BTC/EUR, 	6801.36, 	0.002312, 	6780.7, 	0.074033, 	0.304688%, 	0.300000%, 	0.004688%
2020-04-08 07:29:43, 	Binance     , 	Bitfinex    , 	BTC/EUR, 	6801.36, 	0.002312, 	6780.7, 	0.074033, 	0.304688%, 	0.300000%, 	0.004688%
2020-04-08 07:30:13, 	Binance     , 	Bitfinex    , 	BTC/EUR, 	6801.36, 	0.002312, 	6780.7, 	0.023677, 	0.304688%, 	0.300000%, 	0.004688%
2020-04-08 07:30:43, 	Binance     , 	Bitfinex    , 	BTC/EUR, 	6801.36, 	0.002312, 	6783.2, 	0.046184, 	0.267720%, 	0.300000%, 	-0.032280%
2020-04-08 07:46:55, 	Binance     , 	Bitfinex    , 	BTC/EUR, 	6808.14, 	0.017144, 	6770.0, 	0.00316, 	0.563368%, 	0.300000%, 	0.263368%
2020-04-08 07:47:25, 	Binance     , 	Bitfinex    , 	BTC/EUR, 	6808.14, 	0.017144, 	6770.0, 	0.00316, 	0.563368%, 	0.300000%, 	0.263368%
2020-04-08 07:47:55, 	Binance     , 	Bitfinex    , 	BTC/EUR, 	6808.14, 	0.000839, 	6767.2, 	0.003, 	0.604977%, 	0.300000%, 	0.304977%
2020-04-08 07:48:25, 	Binance     , 	Bitfinex    , 	BTC/EUR, 	6808.14, 	0.000839, 	6763.0, 	0.030267, 	0.667455%, 	0.300000%, 	0.367455%
2020-04-08 07:48:55, 	Binance     , 	Bitfinex    , 	BTC/EUR, 	6808.14, 	0.000839, 	6767.6, 	0.189, 	0.599031%, 	0.300000%, 	0.299031%
2020-04-08 07:49:25, 	Binance     , 	Bitfinex    , 	BTC/EUR, 	6801.36, 	0.002312, 	6758.1, 	0.189, 	0.640121%, 	0.300000%, 	0.340121%
2020-04-08 07:49:55, 	Binance     , 	Bitfinex    , 	BTC/EUR, 	6801.36, 	0.002312, 	6751.0, 	0.189, 	0.745964%, 	0.300000%, 	0.445964%
2020-04-08 07:50:25, 	Binance     , 	Bitfinex    , 	BTC/EUR, 	6801.36, 	0.002312, 	6759.8, 	0.189, 	0.614811%, 	0.300000%, 	0.314811%
2020-04-08 07:50:55, 	Binance     , 	Bitfinex    , 	BTC/EUR, 	6801.36, 	0.002312, 	6753.7, 	0.023706, 	0.705687%, 	0.300000%, 	0.405687%
2020-04-08 07:51:25, 	Binance     , 	Bitfinex    , 	BTC/EUR, 	6801.37, 	0.050145, 	6756.7, 	0.01151, 	0.661122%, 	0.300000%, 	0.361122%
2020-04-08 07:55:15, 	Binance     , 	Bitfinex    , 	BTC/EUR, 	6780.6, 	0.027909, 	6733.6, 	0.077379, 	0.697992%, 	0.300000%, 	0.397992%
2020-04-08 07:55:45, 	Binance     , 	Bitfinex    , 	BTC/EUR, 	6780.59, 	0.002359, 	6732.5, 	0.002316, 	0.714296%, 	0.300000%, 	0.414296%
2020-04-08 07:56:15, 	Binance     , 	Bitfinex    , 	BTC/EUR, 	6780.61, 	0.002538, 	6732.4, 	0.002316, 	0.716089%, 	0.300000%, 	0.416089%
2020-04-08 07:56:45, 	Binance     , 	Bitfinex    , 	BTC/EUR, 	6780.61, 	0.002538, 	6729.7, 	0.002316, 	0.756497%, 	0.300000%, 	0.456497%
2020-04-08 07:57:15, 	Binance     , 	Bitfinex    , 	BTC/EUR, 	6780.63, 	0.037585, 	6729.7, 	0.002316, 	0.756795%, 	0.300000%, 	0.456795%
2020-04-08 07:57:45, 	Binance     , 	Bitfinex    , 	BTC/EUR, 	6780.63, 	0.014533, 	6738.6, 	0.002316, 	0.623720%, 	0.300000%, 	0.323720%
2020-04-08 07:58:15, 	Binance     , 	Bitfinex    , 	BTC/EUR, 	6780.65, 	0.014533, 	6734.1, 	0.002316, 	0.691258%, 	0.300000%, 	0.391258%
2020-04-08 07:58:45, 	Binance     , 	Bitfinex    , 	BTC/EUR, 	6780.65, 	0.014533, 	6734.9, 	0.002316, 	0.679297%, 	0.300000%, 	0.379297%
2020-04-08 07:59:15, 	Binance     , 	Bitfinex    , 	BTC/EUR, 	6780.67, 	0.014533, 	6739.1, 	0.002316, 	0.616848%, 	0.300000%, 	0.316848%
2020-04-08 07:59:45, 	Binance     , 	Bitfinex    , 	BTC/EUR, 	6780.67, 	0.014533, 	6741.4, 	0.002316, 	0.582520%, 	0.300000%, 	0.282520%
2020-04-08 08:00:15, 	Binance     , 	Bitfinex    , 	BTC/EUR, 	6780.67, 	0.014533, 	6744.0, 	0.002316, 	0.543743%, 	0.300000%, 	0.243743%
2020-04-08 08:00:45, 	Binance     , 	Bitfinex    , 	BTC/EUR, 	6780.69, 	0.014533, 	6750.8, 	0.000124, 	0.442762%, 	0.300000%, 	0.142762%
2020-04-08 08:01:15, 	Binance     , 	Bitfinex    , 	BTC/EUR, 	6780.71, 	0.014533, 	6749.3, 	0.000124, 	0.465382%, 	0.300000%, 	0.165382%
2020-04-08 08:01:45, 	Binance     , 	Bitfinex    , 	BTC/EUR, 	6780.71, 	0.014533, 	6750.4, 	0.000124, 	0.449010%, 	0.300000%, 	0.149010%
2020-04-08 08:02:15, 	Binance     , 	Bitfinex    , 	BTC/EUR, 	6780.73, 	0.014533, 	6750.6, 	0.000124, 	0.446331%, 	0.300000%, 	0.146331%
2020-04-08 08:02:45, 	Binance     , 	Bitfinex    , 	BTC/EUR, 	6780.73, 	0.014533, 	6747.3, 	0.000124, 	0.495457%, 	0.300000%, 	0.195457%
2020-04-08 08:03:15, 	Binance     , 	Bitfinex    , 	BTC/EUR, 	6780.75, 	0.014533, 	6748.8, 	0.000124, 	0.473417%, 	0.300000%, 	0.173417%
2020-04-08 08:03:45, 	Binance     , 	Bitfinex    , 	BTC/EUR, 	6788.48, 	0.014516, 	6754.6, 	0.038265, 	0.501584%, 	0.300000%, 	0.201584%
2020-04-08 08:04:15, 	Binance     , 	Bitfinex    , 	BTC/EUR, 	6788.5, 	0.014516, 	6756.8, 	0.049846, 	0.469157%, 	0.300000%, 	0.169157%
2020-04-08 08:04:45, 	Binance     , 	Bitfinex    , 	BTC/EUR, 	6788.5, 	0.014516, 	6757.0, 	0.049846, 	0.466183%, 	0.300000%, 	0.166183%
2020-04-08 08:05:15, 	Binance     , 	Bitfinex    , 	BTC/EUR, 	6788.52, 	0.014516, 	6756.9, 	0.049846, 	0.467966%, 	0.300000%, 	0.167966%
2020-04-08 08:05:45, 	Binance     , 	Bitfinex    , 	BTC/EUR, 	6788.52, 	0.014516, 	6759.2, 	0.049846, 	0.433779%, 	0.300000%, 	0.133779%
2020-04-08 08:06:15, 	Binance     , 	Bitfinex    , 	BTC/EUR, 	6788.54, 	0.014516, 	6759.9, 	0.01779, 	0.423675%, 	0.300000%, 	0.123675%
2020-04-08 08:06:45, 	Binance     , 	Bitfinex    , 	BTC/EUR, 	6788.53, 	0.002501, 	6755.8, 	0.01779, 	0.484473%, 	0.300000%, 	0.184473%
2020-04-08 08:07:15, 	Binance     , 	Bitfinex    , 	BTC/EUR, 	6780.63, 	0.011617, 	6752.7, 	0.00463, 	0.413612%, 	0.300000%, 	0.113612%
2020-04-08 08:07:45, 	Binance     , 	Bitfinex    , 	BTC/EUR, 	6780.63, 	0.011617, 	6752.8, 	0.01779, 	0.412125%, 	0.300000%, 	0.112125%
2020-04-08 08:08:15, 	Binance     , 	Bitfinex    , 	BTC/EUR, 	6780.63, 	0.011617, 	6753.1, 	0.01779, 	0.407665%, 	0.300000%, 	0.107665%
2020-04-08 08:08:45, 	Binance     , 	Bitfinex    , 	BTC/EUR, 	6780.63, 	0.011617, 	6753.6, 	0.01779, 	0.400231%, 	0.300000%, 	0.100231%
2020-04-08 08:09:15, 	Binance     , 	Bitfinex    , 	BTC/EUR, 	6780.63, 	0.011617, 	6757.7, 	0.01779, 	0.339317%, 	0.300000%, 	0.039317%
2020-04-08 08:09:45, 	Binance     , 	Bitfinex    , 	BTC/EUR, 	6780.63, 	0.011617, 	6757.8, 	0.01779, 	0.337832%, 	0.300000%, 	0.037832%
2020-04-08 08:10:15, 	Binance     , 	Bitfinex    , 	BTC/EUR, 	6780.63, 	0.011617, 	6760.1, 	0.017318, 	0.303694%, 	0.300000%, 	0.003694%
2020-04-08 08:10:45, 	Binance     , 	Bitfinex    , 	BTC/EUR, 	6780.63, 	0.011617, 	6752.1, 	0.017318, 	0.422535%, 	0.300000%, 	0.122535%
2020-04-08 08:11:15, 	Binance     , 	Bitfinex    , 	BTC/EUR, 	6780.63, 	0.011617, 	6751.9, 	0.017318, 	0.425510%, 	0.300000%, 	0.125510%
2020-04-08 08:11:45, 	Binance     , 	Bitfinex    , 	BTC/EUR, 	6780.63, 	0.011617, 	6757.3, 	0.017318, 	0.345256%, 	0.300000%, 	0.045256%
2020-04-08 08:12:15, 	Binance     , 	Bitfinex    , 	BTC/EUR, 	6780.63, 	0.011617, 	6757.3, 	0.017318, 	0.345256%, 	0.300000%, 	0.045256%
2020-04-08 08:12:45, 	Binance     , 	Bitfinex    , 	BTC/EUR, 	6780.63, 	0.011617, 	6757.3, 	0.017318, 	0.345256%, 	0.300000%, 	0.045256%
2020-04-08 08:13:15, 	Binance     , 	Bitfinex    , 	BTC/EUR, 	6780.63, 	0.011617, 	6757.3, 	0.017318, 	0.345256%, 	0.300000%, 	0.045256%
2020-04-08 08:13:45, 	Binance     , 	Bitfinex    , 	BTC/EUR, 	6780.65, 	0.097449, 	6760.2, 	0.002315, 	0.302506%, 	0.300000%, 	0.002506%
2020-04-08 08:14:15, 	Binance     , 	Bitfinex    , 	BTC/EUR, 	6780.64, 	0.030267, 	6761.9, 	0.002315, 	0.277141%, 	0.300000%, 	-0.022859%
2020-04-08 09:36:23, 	Binance     , 	Bitfinex    , 	BTC/EUR, 	6780.37, 	0.019904, 	6747.2, 	0.019017, 	0.491611%, 	0.300000%, 	0.191611%
2020-04-08 09:36:38, 	Binance     , 	Bitfinex    , 	BTC/EUR, 	6780.37, 	0.019904, 	6745.5, 	0.019017, 	0.516937%, 	0.300000%, 	0.216937%
2020-04-08 09:36:53, 	Binance     , 	Bitfinex    , 	BTC/EUR, 	6780.37, 	0.019904, 	6742.6, 	0.019017, 	0.560170%, 	0.300000%, 	0.260170%
2020-04-08 09:37:08, 	Binance     , 	Bitfinex    , 	BTC/EUR, 	6780.37, 	0.019904, 	6747.0, 	0.019017, 	0.494590%, 	0.300000%, 	0.194590%
2020-04-08 09:37:23, 	Binance     , 	Bitfinex    , 	BTC/EUR, 	6780.37, 	0.019904, 	6746.3, 	0.019017, 	0.505018%, 	0.300000%, 	0.205018%
2020-04-08 09:37:38, 	Binance     , 	Bitfinex    , 	BTC/EUR, 	6780.37, 	0.019904, 	6746.9, 	0.019017, 	0.496080%, 	0.300000%, 	0.196080%
2020-04-08 09:37:53, 	Binance     , 	Bitfinex    , 	BTC/EUR, 	6780.37, 	0.019904, 	6748.4, 	0.019017, 	0.473742%, 	0.300000%, 	0.173742%
2020-04-08 09:38:08, 	Binance     , 	Bitfinex    , 	BTC/EUR, 	6780.37, 	0.019904, 	6746.7, 	0.019017, 	0.499059%, 	0.300000%, 	0.199059%
2020-04-08 09:38:23, 	Binance     , 	Bitfinex    , 	BTC/EUR, 	6780.37, 	0.019904, 	6746.1, 	0.019017, 	0.507997%, 	0.300000%, 	0.207997%
2020-04-08 09:38:38, 	Binance     , 	Bitfinex    , 	BTC/EUR, 	6780.37, 	0.019904, 	6737.9, 	0.019017, 	0.630315%, 	0.300000%, 	0.330315%
2020-04-08 09:38:53, 	Binance     , 	Bitfinex    , 	BTC/EUR, 	6780.37, 	0.019904, 	6736.4, 	0.019017, 	0.652723%, 	0.300000%, 	0.352723%
2020-04-08 09:39:08, 	Binance     , 	Bitfinex    , 	BTC/EUR, 	6780.37, 	0.019904, 	6739.0, 	0.019017, 	0.613889%, 	0.300000%, 	0.313889%
2020-04-08 09:39:23, 	Binance     , 	Bitfinex    , 	BTC/EUR, 	6790.01, 	0.019876, 	6738.0, 	0.0142, 	0.771891%, 	0.300000%, 	0.471891%
2020-04-08 09:39:38, 	Binance     , 	Bitfinex    , 	BTC/EUR, 	6790.01, 	0.019876, 	6736.4, 	0.065639, 	0.795826%, 	0.300000%, 	0.495826%
2020-04-08 09:39:53, 	Binance     , 	Bitfinex    , 	BTC/EUR, 	6780.37, 	0.019904, 	6735.6, 	0.0141, 	0.664677%, 	0.300000%, 	0.364677%
2020-04-08 09:40:08, 	Binance     , 	Bitfinex    , 	BTC/EUR, 	6780.37, 	0.019904, 	6730.0, 	0.0141, 	0.748440%, 	0.300000%, 	0.448440%
2020-04-08 09:40:23, 	Binance     , 	Bitfinex    , 	BTC/EUR, 	6780.37, 	0.019904, 	6730.0, 	0.0141, 	0.748440%, 	0.300000%, 	0.448440%
2020-04-08 09:40:38, 	Binance     , 	Bitfinex    , 	BTC/EUR, 	6780.37, 	0.019904, 	6730.0, 	0.0141, 	0.748440%, 	0.300000%, 	0.448440%
2020-04-08 09:40:53, 	Binance     , 	Bitfinex    , 	BTC/EUR, 	6780.37, 	0.014771, 	6726.5, 	0.066093, 	0.800862%, 	0.300000%, 	0.500862%
2020-04-08 09:41:08, 	Binance     , 	Bitfinex    , 	BTC/EUR, 	6780.37, 	0.007397, 	6726.3, 	0.066093, 	0.803859%, 	0.300000%, 	0.503859%
2020-04-08 09:41:23, 	Binance     , 	Bitfinex    , 	BTC/EUR, 	6780.37, 	0.007397, 	6726.3, 	0.066093, 	0.803859%, 	0.300000%, 	0.503859%
2020-04-08 09:41:38, 	Binance     , 	Bitfinex    , 	BTC/EUR, 	6780.37, 	0.007397, 	6730.2, 	0.066093, 	0.745446%, 	0.300000%, 	0.445446%
2020-04-08 09:41:53, 	Binance     , 	Bitfinex    , 	BTC/EUR, 	6780.37, 	0.00741, 	6729.3, 	0.066093, 	0.758920%, 	0.300000%, 	0.458920%
2020-04-08 09:42:08, 	Binance     , 	Bitfinex    , 	BTC/EUR, 	6780.36, 	1.092466, 	6714.3, 	0.030267, 	0.983870%, 	0.300000%, 	0.683870%
2020-04-08 09:42:23, 	Binance     , 	Bitfinex    , 	BTC/EUR, 	6780.36, 	0.357175, 	6705.3, 	0.231344, 	1.119413%, 	0.300000%, 	0.819413%
2020-04-08 09:42:38, 	Binance     , 	Bitfinex    , 	BTC/EUR, 	6759.66, 	0.007408, 	6702.9, 	0.002325, 	0.846798%, 	0.300000%, 	0.546798%
2020-04-08 09:42:53, 	Binance     , 	Bitfinex    , 	BTC/EUR, 	6759.66, 	0.007408, 	6703.1, 	0.002325, 	0.843789%, 	0.300000%, 	0.543789%
2020-04-08 09:43:08, 	Binance     , 	Bitfinex    , 	BTC/EUR, 	6759.66, 	0.007408, 	6701.9, 	0.002325, 	0.861845%, 	0.300000%, 	0.561845%
2020-04-08 09:43:23, 	Binance     , 	Bitfinex    , 	BTC/EUR, 	6759.66, 	0.002084, 	6706.3, 	0.002325, 	0.795670%, 	0.300000%, 	0.495670%
2020-04-08 09:43:38, 	Binance     , 	Bitfinex    , 	BTC/EUR, 	6775.6, 	0.000599, 	6711.3, 	0.004326, 	0.958086%, 	0.300000%, 	0.658086%
2020-04-08 09:43:53, 	Binance     , 	Bitfinex    , 	BTC/EUR, 	6775.6, 	0.000599, 	6711.3, 	0.004324, 	0.958086%, 	0.300000%, 	0.658086%
2020-04-08 09:44:08, 	Binance     , 	Bitfinex    , 	BTC/EUR, 	6775.6, 	0.035553, 	6710.6, 	0.296517, 	0.968617%, 	0.300000%, 	0.668617%
2020-04-08 09:44:23, 	Binance     , 	Bitfinex    , 	BTC/EUR, 	6762.76, 	0.002325, 	6706.2, 	0.030267, 	0.843399%, 	0.300000%, 	0.543399%
2020-04-08 09:44:38, 	Binance     , 	Bitfinex    , 	BTC/EUR, 	6762.76, 	0.002325, 	6705.5, 	0.030267, 	0.853926%, 	0.300000%, 	0.553926%
2020-04-08 09:44:53, 	Binance     , 	Bitfinex    , 	BTC/EUR, 	6762.76, 	0.002325, 	6693.4, 	0.030267, 	1.036245%, 	0.300000%, 	0.736245%
2020-04-08 09:45:08, 	Binance     , 	Bitfinex    , 	BTC/EUR, 	6762.76, 	0.002325, 	6694.2, 	0.030267, 	1.024170%, 	0.300000%, 	0.724170%
2020-04-08 09:45:23, 	Binance     , 	Bitfinex    , 	BTC/EUR, 	6762.76, 	0.002325, 	6694.2, 	0.030267, 	1.024170%, 	0.300000%, 	0.724170%
2020-04-08 09:45:38, 	Binance     , 	Bitfinex    , 	BTC/EUR, 	6775.0, 	0.004088, 	6702.3, 	0.030267, 	1.084702%, 	0.300000%, 	0.784702%
2020-04-08 09:45:53, 	Binance     , 	Bitfinex    , 	BTC/EUR, 	6762.76, 	0.002325, 	6706.6, 	0.030267, 	0.837384%, 	0.300000%, 	0.537384%
2020-04-08 09:46:08, 	Binance     , 	Bitfinex    , 	BTC/EUR, 	6762.76, 	0.002325, 	6710.4, 	0.030267, 	0.780281%, 	0.300000%, 	0.480281%
2020-04-08 09:46:23, 	Binance     , 	Bitfinex    , 	BTC/EUR, 	6762.76, 	0.002325, 	6710.4, 	0.030267, 	0.780281%, 	0.300000%, 	0.480281%
2020-04-08 09:46:38, 	Binance     , 	Bitfinex    , 	BTC/EUR, 	6762.76, 	0.002325, 	6704.6, 	0.030267, 	0.867464%, 	0.300000%, 	0.567464%
2020-04-08 09:46:53, 	Binance     , 	Bitfinex    , 	BTC/EUR, 	6762.76, 	0.002325, 	6702.5, 	0.030267, 	0.899068%, 	0.300000%, 	0.599068%
2020-04-08 09:47:08, 	Binance     , 	Bitfinex    , 	BTC/EUR, 	6775.6, 	0.027723, 	6702.5, 	0.030267, 	1.090638%, 	0.300000%, 	0.790638%
2020-04-08 09:47:23, 	Binance     , 	Bitfinex    , 	BTC/EUR, 	6775.6, 	0.027723, 	6705.0, 	0.030267, 	1.052946%, 	0.300000%, 	0.752946%
2020-04-08 09:47:38, 	Binance     , 	Bitfinex    , 	BTC/EUR, 	6775.6, 	0.027723, 	6707.1, 	0.030267, 	1.021306%, 	0.300000%, 	0.721306%
2020-04-08 09:47:53, 	Binance     , 	Bitfinex    , 	BTC/EUR, 	6775.6, 	0.027723, 	6707.1, 	0.030267, 	1.021306%, 	0.300000%, 	0.721306%
2020-04-08 09:48:08, 	Binance     , 	Bitfinex    , 	BTC/EUR, 	6775.6, 	0.027723, 	6707.1, 	0.030267, 	1.021306%, 	0.300000%, 	0.721306%
2020-04-08 09:48:23, 	Binance     , 	Bitfinex    , 	BTC/EUR, 	6775.6, 	0.027723, 	6709.2, 	0.030267, 	0.989686%, 	0.300000%, 	0.689686%
2020-04-08 09:48:38, 	Binance     , 	Bitfinex    , 	BTC/EUR, 	6775.6, 	0.027723, 	6709.2, 	0.030267, 	0.989686%, 	0.300000%, 	0.689686%
2020-04-08 09:48:53, 	Binance     , 	Bitfinex    , 	BTC/EUR, 	6775.6, 	0.027723, 	6709.2, 	0.030267, 	0.989686%, 	0.300000%, 	0.689686%
2020-04-08 09:49:08, 	Binance     , 	Bitfinex    , 	BTC/EUR, 	6775.6, 	0.022913, 	6709.2, 	0.030267, 	0.989686%, 	0.300000%, 	0.689686%
2020-04-08 09:49:23, 	Binance     , 	Bitfinex    , 	BTC/EUR, 	6775.6, 	0.022913, 	6709.2, 	0.030267, 	0.989686%, 	0.300000%, 	0.689686%
2020-04-08 09:49:38, 	Binance     , 	Bitfinex    , 	BTC/EUR, 	6775.6, 	0.022913, 	6709.2, 	0.030267, 	0.989686%, 	0.300000%, 	0.689686%
2020-04-08 09:49:53, 	Binance     , 	Bitfinex    , 	BTC/EUR, 	6775.6, 	0.022913, 	6709.2, 	0.030267, 	0.989686%, 	0.300000%, 	0.689686%
2020-04-08 09:50:08, 	Binance     , 	Bitfinex    , 	BTC/EUR, 	6775.6, 	0.022913, 	6709.2, 	0.030267, 	0.989686%, 	0.300000%, 	0.689686%
2020-04-08 09:50:23, 	Binance     , 	Bitfinex    , 	BTC/EUR, 	6775.6, 	0.022913, 	6709.2, 	0.030267, 	0.989686%, 	0.300000%, 	0.689686%
2020-04-08 09:50:38, 	Binance     , 	Bitfinex    , 	BTC/EUR, 	6762.76, 	0.002325, 	6709.2, 	0.045019, 	0.798307%, 	0.300000%, 	0.498307%
2020-04-08 09:50:53, 	Binance     , 	Bitfinex    , 	BTC/EUR, 	6762.76, 	0.002325, 	6709.2, 	0.045019, 	0.798307%, 	0.300000%, 	0.498307%
2020-04-08 09:51:08, 	Binance     , 	Bitfinex    , 	BTC/EUR, 	6762.76, 	0.002325, 	6709.2, 	0.030267, 	0.798307%, 	0.300000%, 	0.498307%
2020-04-08 09:51:23, 	Binance     , 	Bitfinex    , 	BTC/EUR, 	6762.76, 	0.002325, 	6709.2, 	0.030267, 	0.798307%, 	0.300000%, 	0.498307%
2020-04-08 09:51:38, 	Binance     , 	Bitfinex    , 	BTC/EUR, 	6762.77, 	0.060684, 	6709.8, 	0.030267, 	0.789442%, 	0.300000%, 	0.489442%
2020-04-08 09:51:53, 	Binance     , 	Bitfinex    , 	BTC/EUR, 	6762.77, 	0.095917, 	6709.8, 	0.204395, 	0.789442%, 	0.300000%, 	0.489442%
2020-04-08 09:52:08, 	Binance     , 	Bitfinex    , 	BTC/EUR, 	6762.77, 	0.095917, 	6709.8, 	0.204395, 	0.789442%, 	0.300000%, 	0.489442%
2020-04-08 09:52:23, 	Binance     , 	Bitfinex    , 	BTC/EUR, 	6762.77, 	0.095917, 	6709.8, 	0.204395, 	0.789442%, 	0.300000%, 	0.489442%
2020-04-08 09:52:38, 	Binance     , 	Bitfinex    , 	BTC/EUR, 	6762.77, 	0.095917, 	6709.8, 	0.204395, 	0.789442%, 	0.300000%, 	0.489442%
2020-04-08 09:52:53, 	Binance     , 	Bitfinex    , 	BTC/EUR, 	6762.77, 	0.095917, 	6709.8, 	0.204395, 	0.789442%, 	0.300000%, 	0.489442%
2020-04-08 09:53:08, 	Binance     , 	Bitfinex    , 	BTC/EUR, 	6762.77, 	0.095917, 	6713.5, 	0.204395, 	0.733894%, 	0.300000%, 	0.433894%
2020-04-08 09:53:23, 	Binance     , 	Bitfinex    , 	BTC/EUR, 	6762.77, 	0.095917, 	6719.7, 	0.204395, 	0.640951%, 	0.300000%, 	0.340951%
2020-04-08 09:53:38, 	Binance     , 	Bitfinex    , 	BTC/EUR, 	6762.77, 	0.095917, 	6720.1, 	0.204395, 	0.634961%, 	0.300000%, 	0.334961%
2020-04-08 09:53:53, 	Binance     , 	Bitfinex    , 	BTC/EUR, 	6762.79, 	0.060704, 	6721.2, 	0.204395, 	0.618788%, 	0.300000%, 	0.318788%
2020-04-08 09:54:08, 	Binance     , 	Bitfinex    , 	BTC/EUR, 	6763.01, 	0.060702, 	6721.2, 	0.204395, 	0.622062%, 	0.300000%, 	0.322062%
2020-04-08 09:54:23, 	Binance     , 	Bitfinex    , 	BTC/EUR, 	6763.25, 	0.025963, 	6721.2, 	0.204395, 	0.625632%, 	0.300000%, 	0.325632%
2020-04-08 09:54:38, 	Binance     , 	Bitfinex    , 	BTC/EUR, 	6763.47, 	0.025962, 	6721.2, 	0.204395, 	0.628906%, 	0.300000%, 	0.328906%
2020-04-08 09:54:53, 	Binance     , 	Bitfinex    , 	BTC/EUR, 	6763.59, 	0.025961, 	6716.6, 	0.157065, 	0.699610%, 	0.300000%, 	0.399610%
2020-04-08 09:55:08, 	Binance     , 	Bitfinex    , 	BTC/EUR, 	6763.76, 	0.002765, 	6716.6, 	0.160905, 	0.702141%, 	0.300000%, 	0.402141%
2020-04-08 09:55:23, 	Binance     , 	Bitfinex    , 	BTC/EUR, 	6763.98, 	0.002765, 	6716.6, 	0.160905, 	0.705416%, 	0.300000%, 	0.405416%
2020-04-08 09:55:38, 	Binance     , 	Bitfinex    , 	BTC/EUR, 	6764.15, 	0.025959, 	6721.2, 	0.160905, 	0.639023%, 	0.300000%, 	0.339023%
2020-04-08 09:55:53, 	Binance     , 	Bitfinex    , 	BTC/EUR, 	6764.4, 	0.002764, 	6722.3, 	0.160905, 	0.626274%, 	0.300000%, 	0.326274%
2020-04-08 09:56:08, 	Binance     , 	Bitfinex    , 	BTC/EUR, 	6764.59, 	0.025958, 	6722.3, 	0.160905, 	0.629100%, 	0.300000%, 	0.329100%
2020-04-08 09:56:23, 	Binance     , 	Bitfinex    , 	BTC/EUR, 	6764.84, 	0.002764, 	6722.3, 	0.160905, 	0.632819%, 	0.300000%, 	0.332819%
2020-04-08 09:56:38, 	Binance     , 	Bitfinex    , 	BTC/EUR, 	6764.85, 	0.025721, 	6725.6, 	0.160905, 	0.583591%, 	0.300000%, 	0.283591%
2020-04-08 09:56:53, 	Binance     , 	Bitfinex    , 	BTC/EUR, 	6764.85, 	0.025721, 	6725.8, 	0.143654, 	0.580600%, 	0.300000%, 	0.280600%
2020-04-08 09:57:08, 	Binance     , 	Bitfinex    , 	BTC/EUR, 	6764.85, 	0.025721, 	6725.8, 	0.143654, 	0.580600%, 	0.300000%, 	0.280600%
2020-04-08 09:57:23, 	Binance     , 	Bitfinex    , 	BTC/EUR, 	6764.85, 	0.025721, 	6726.2, 	0.143654, 	0.574619%, 	0.300000%, 	0.274619%
2020-04-08 09:57:38, 	Binance     , 	Bitfinex    , 	BTC/EUR, 	6764.85, 	0.025721, 	6723.8, 	0.128588, 	0.610518%, 	0.300000%, 	0.310518%
2020-04-08 09:57:53, 	Binance     , 	Bitfinex    , 	BTC/EUR, 	6764.85, 	0.025721, 	6723.0, 	0.128588, 	0.622490%, 	0.300000%, 	0.322490%
2020-04-08 09:58:08, 	Binance     , 	Bitfinex    , 	BTC/EUR, 	6764.85, 	0.025721, 	6723.0, 	0.128588, 	0.622490%, 	0.300000%, 	0.322490%
2020-04-08 09:58:23, 	Binance     , 	Bitfinex    , 	BTC/EUR, 	6764.85, 	0.025721, 	6722.9, 	0.124196, 	0.623987%, 	0.300000%, 	0.323987%
2020-04-08 09:58:40, 	Binance     , 	Bitfinex    , 	BTC/EUR, 	6764.85, 	0.025721, 	6723.0, 	0.124196, 	0.622490%, 	0.300000%, 	0.322490%
2020-04-08 09:59:13, 	Binance     , 	Bitfinex    , 	BTC/EUR, 	6764.85, 	0.025721, 	6716.6, 	0.124196, 	0.718369%, 	0.300000%, 	0.418369%
2020-04-08 09:59:30, 	Binance     , 	Bitfinex    , 	BTC/EUR, 	6764.85, 	0.025721, 	6720.7, 	0.124196, 	0.656926%, 	0.300000%, 	0.356926%
2020-04-08 09:59:45, 	Binance     , 	Bitfinex    , 	BTC/EUR, 	6764.85, 	0.025721, 	6720.7, 	0.124196, 	0.656926%, 	0.300000%, 	0.356926%
2020-04-08 10:03:04, 	Binance     , 	Bitfinex    , 	BTC/EUR, 	6764.85, 	0.025721, 	6711.3, 	0.130196, 	0.797908%, 	0.300000%, 	0.497908%
2020-04-08 10:03:19, 	Binance     , 	Bitfinex    , 	BTC/EUR, 	6764.85, 	0.025721, 	6711.2, 	0.130196, 	0.799410%, 	0.300000%, 	0.499410%
2020-04-08 10:03:34, 	Binance     , 	Bitfinex    , 	BTC/EUR, 	6764.85, 	0.025721, 	6711.2, 	0.130196, 	0.799410%, 	0.300000%, 	0.499410%
2020-04-08 10:03:49, 	Binance     , 	Bitfinex    , 	BTC/EUR, 	6764.85, 	0.025721, 	6711.2, 	0.130196, 	0.799410%, 	0.300000%, 	0.499410%
2020-04-08 10:04:04, 	Binance     , 	Bitfinex    , 	BTC/EUR, 	6764.87, 	0.025721, 	6711.2, 	0.130196, 	0.799708%, 	0.300000%, 	0.499708%
2020-04-08 10:04:19, 	Binance     , 	Bitfinex    , 	BTC/EUR, 	6764.87, 	0.025721, 	6711.2, 	0.130196, 	0.799708%, 	0.300000%, 	0.499708%
2020-04-08 10:04:34, 	Binance     , 	Bitfinex    , 	BTC/EUR, 	6764.87, 	0.025721, 	6711.2, 	0.130196, 	0.799708%, 	0.300000%, 	0.499708%
2020-04-08 10:04:49, 	Binance     , 	Bitfinex    , 	BTC/EUR, 	6764.87, 	0.025721, 	6711.2, 	0.130196, 	0.799708%, 	0.300000%, 	0.499708%
2020-04-08 10:05:04, 	Binance     , 	Bitfinex    , 	BTC/EUR, 	6764.87, 	0.025721, 	6711.3, 	0.121922, 	0.798206%, 	0.300000%, 	0.498206%
2020-04-08 10:05:19, 	Binance     , 	Bitfinex    , 	BTC/EUR, 	6764.87, 	0.025721, 	6711.5, 	0.121922, 	0.795202%, 	0.300000%, 	0.495202%
