2020-04-07 22:20:23, 	Binance     , 	OKEX        , 	XMR/BTC, 	0.007741, 	14.727, 	0.007566, 	14.395, 	2.312979%, 	0.250000%, 	2.062979%
2020-04-07 22:20:53, 	Binance     , 	OKEX        , 	XMR/BTC, 	0.007739, 	0.887, 	0.007566, 	1.398, 	2.286545%, 	0.250000%, 	2.036545%
2020-04-07 22:21:23, 	Binance     , 	OKEX        , 	XMR/BTC, 	0.007735, 	10.618, 	0.007566, 	0.346, 	2.233677%, 	0.250000%, 	1.983677%
2020-04-07 22:21:53, 	Binance     , 	OKEX        , 	XMR/BTC, 	0.007736, 	12.653, 	0.007566, 	7.76, 	2.246894%, 	0.250000%, 	1.996894%
2020-04-07 22:22:23, 	Binance     , 	OKEX        , 	XMR/BTC, 	0.007737, 	8.764, 	0.007566, 	8.161, 	2.260111%, 	0.250000%, 	2.010111%
2020-04-07 22:22:53, 	Binance     , 	OKEX        , 	XMR/BTC, 	0.007737, 	84.39, 	0.007566, 	10.661, 	2.260111%, 	0.250000%, 	2.010111%
2020-04-07 22:23:23, 	Binance     , 	OKEX        , 	XMR/BTC, 	0.007739, 	7.784, 	0.007566, 	1.563, 	2.286545%, 	0.250000%, 	2.036545%
2020-04-07 22:23:53, 	Binance     , 	OKEX        , 	XMR/BTC, 	0.007744, 	23.898, 	0.007566, 	7.782, 	2.352630%, 	0.250000%, 	2.102630%
2020-04-07 22:24:23, 	Binance     , 	OKEX        , 	XMR/BTC, 	0.007757, 	0.628, 	0.007566, 	5.012, 	2.524451%, 	0.250000%, 	2.274451%
2020-04-07 22:24:53, 	Binance     , 	OKEX        , 	XMR/BTC, 	0.007758, 	0.248, 	0.007566, 	0.674, 	2.537669%, 	0.250000%, 	2.287669%
2020-04-07 22:25:23, 	Binance     , 	OKEX        , 	XMR/BTC, 	0.007758, 	1.56, 	0.007566, 	1.653, 	2.537669%, 	0.250000%, 	2.287669%
2020-04-07 22:25:53, 	Binance     , 	OKEX        , 	XMR/BTC, 	0.007759, 	1.13, 	0.007566, 	1.042, 	2.550886%, 	0.250000%, 	2.300886%
2020-04-07 22:26:23, 	Binance     , 	OKEX        , 	XMR/BTC, 	0.007767, 	6.747, 	0.007566, 	1.036, 	2.656622%, 	0.250000%, 	2.406622%
2020-04-07 22:26:53, 	Binance     , 	OKEX        , 	XMR/BTC, 	0.007767, 	5.14, 	0.007566, 	0.836, 	2.656622%, 	0.250000%, 	2.406622%
2020-04-07 22:27:23, 	Binance     , 	OKEX        , 	XMR/BTC, 	0.007766, 	72.475, 	0.007566, 	1.498, 	2.643405%, 	0.250000%, 	2.393405%
2020-04-07 22:27:53, 	Binance     , 	OKEX        , 	XMR/BTC, 	0.007766, 	41.304, 	0.007566, 	2.385, 	2.643405%, 	0.250000%, 	2.393405%
2020-04-07 22:28:23, 	Binance     , 	OKEX        , 	XMR/BTC, 	0.007766, 	346.693, 	0.007566, 	0.553, 	2.643405%, 	0.250000%, 	2.393405%
2020-04-07 22:28:53, 	Binance     , 	OKEX        , 	XMR/BTC, 	0.007766, 	327.706, 	0.007566, 	10.078, 	2.643405%, 	0.250000%, 	2.393405%
2020-04-07 22:29:23, 	Binance     , 	OKEX        , 	XMR/BTC, 	0.007766, 	329.009, 	0.007566, 	0.646, 	2.643405%, 	0.250000%, 	2.393405%
2020-04-07 22:29:53, 	Binance     , 	OKEX        , 	XMR/BTC, 	0.007774, 	11.865, 	0.007566, 	1.05, 	2.749141%, 	0.250000%, 	2.499141%
2020-04-07 22:30:23, 	Binance     , 	OKEX        , 	XMR/BTC, 	0.007767, 	0.439, 	0.007566, 	3.868, 	2.656622%, 	0.250000%, 	2.406622%
2020-04-07 22:30:53, 	Binance     , 	OKEX        , 	XMR/BTC, 	0.007766, 	2.496, 	0.007566, 	2.241, 	2.643405%, 	0.250000%, 	2.393405%
2020-04-07 22:31:23, 	Binance     , 	OKEX        , 	XMR/BTC, 	0.007766, 	1.659, 	0.007566, 	0.866, 	2.643405%, 	0.250000%, 	2.393405%
2020-04-07 22:31:53, 	Binance     , 	OKEX        , 	XMR/BTC, 	0.007763, 	35.983, 	0.007566, 	0.775, 	2.603754%, 	0.250000%, 	2.353754%
2020-04-07 22:32:23, 	Binance     , 	OKEX        , 	XMR/BTC, 	0.007764, 	1.096, 	0.007566, 	0.758, 	2.616971%, 	0.250000%, 	2.366971%
2020-04-07 22:32:53, 	Binance     , 	OKEX        , 	XMR/BTC, 	0.007764, 	49.569, 	0.007566, 	0.878, 	2.616971%, 	0.250000%, 	2.366971%
2020-04-07 22:33:23, 	Binance     , 	OKEX        , 	XMR/BTC, 	0.007764, 	47.216, 	0.007566, 	0.878, 	2.616971%, 	0.250000%, 	2.366971%
2020-04-07 22:33:53, 	Binance     , 	OKEX        , 	XMR/BTC, 	0.007764, 	3.805, 	0.007566, 	1.2, 	2.616971%, 	0.250000%, 	2.366971%
2020-04-07 22:34:23, 	Binance     , 	OKEX        , 	XMR/BTC, 	0.007764, 	2.193, 	0.007566, 	4.061, 	2.616971%, 	0.250000%, 	2.366971%
2020-04-07 22:34:53, 	Binance     , 	OKEX        , 	XMR/BTC, 	0.00775, 	0.085, 	0.007566, 	0.47, 	2.431932%, 	0.250000%, 	2.181932%
2020-04-07 22:35:23, 	Binance     , 	OKEX        , 	XMR/BTC, 	0.00775, 	1.068, 	0.007566, 	0.019, 	2.431932%, 	0.250000%, 	2.181932%
2020-04-07 22:35:53, 	Binance     , 	OKEX        , 	XMR/BTC, 	0.007755, 	10.074, 	0.007566, 	3.685, 	2.498017%, 	0.250000%, 	2.248017%
2020-04-07 22:36:23, 	Binance     , 	OKEX        , 	XMR/BTC, 	0.007754, 	42.749, 	0.007566, 	10.953, 	2.484800%, 	0.250000%, 	2.234800%
2020-04-07 22:36:53, 	Binance     , 	OKEX        , 	XMR/BTC, 	0.007754, 	32.499, 	0.007566, 	11.324, 	2.484800%, 	0.250000%, 	2.234800%
2020-04-07 22:37:23, 	Binance     , 	OKEX        , 	XMR/BTC, 	0.007755, 	3.09, 	0.007566, 	4.164, 	2.498017%, 	0.250000%, 	2.248017%
2020-04-07 22:37:53, 	Binance     , 	OKEX        , 	XMR/BTC, 	0.007756, 	2.236, 	0.007566, 	10.271, 	2.511234%, 	0.250000%, 	2.261234%
2020-04-07 22:38:23, 	Binance     , 	OKEX        , 	XMR/BTC, 	0.007758, 	0.961, 	0.007566, 	11.022, 	2.537669%, 	0.250000%, 	2.287669%
2020-04-07 22:38:53, 	Binance     , 	OKEX        , 	XMR/BTC, 	0.007766, 	0.127, 	0.007566, 	0.02, 	2.643405%, 	0.250000%, 	2.393405%
2020-04-07 22:39:23, 	Binance     , 	OKEX        , 	XMR/BTC, 	0.007764, 	76.565, 	0.007566, 	15.346, 	2.616971%, 	0.250000%, 	2.366971%
2020-04-07 22:39:53, 	Binance     , 	OKEX        , 	XMR/BTC, 	0.007769, 	0.491, 	0.007566, 	1.815, 	2.683056%, 	0.250000%, 	2.433056%
2020-04-07 22:40:23, 	Binance     , 	OKEX        , 	XMR/BTC, 	0.007765, 	0.056, 	0.007566, 	0.886, 	2.630188%, 	0.250000%, 	2.380188%
2020-04-07 22:40:53, 	Binance     , 	OKEX        , 	XMR/BTC, 	0.007766, 	1.38, 	0.007566, 	1.416, 	2.643405%, 	0.250000%, 	2.393405%
2020-04-07 22:41:23, 	Binance     , 	OKEX        , 	XMR/BTC, 	0.007765, 	2.915, 	0.007566, 	2.228, 	2.630188%, 	0.250000%, 	2.380188%
2020-04-07 22:41:53, 	Binance     , 	OKEX        , 	XMR/BTC, 	0.007767, 	0.026, 	0.007566, 	3.919, 	2.656622%, 	0.250000%, 	2.406622%
2020-04-07 22:42:23, 	Binance     , 	OKEX        , 	XMR/BTC, 	0.007765, 	23.604, 	0.007566, 	1.643, 	2.630188%, 	0.250000%, 	2.380188%
2020-04-07 22:42:53, 	Binance     , 	OKEX        , 	XMR/BTC, 	0.007757, 	21.909, 	0.007566, 	3.959, 	2.524451%, 	0.250000%, 	2.274451%
2020-04-07 22:43:23, 	Binance     , 	OKEX        , 	XMR/BTC, 	0.007765, 	1.603, 	0.007566, 	0.02, 	2.630188%, 	0.250000%, 	2.380188%
2020-04-07 22:43:53, 	Binance     , 	OKEX        , 	XMR/BTC, 	0.007765, 	1.064, 	0.007566, 	13.516, 	2.630188%, 	0.250000%, 	2.380188%
2020-04-07 22:44:23, 	Binance     , 	OKEX        , 	XMR/BTC, 	0.007776, 	3.059, 	0.007566, 	1.051, 	2.775575%, 	0.250000%, 	2.525575%
2020-04-07 22:44:53, 	Binance     , 	OKEX        , 	XMR/BTC, 	0.007776, 	3.776, 	0.007566, 	0.895, 	2.775575%, 	0.250000%, 	2.525575%
2020-04-07 22:45:23, 	Binance     , 	OKEX        , 	XMR/BTC, 	0.007773, 	2.927, 	0.007566, 	2.226, 	2.735924%, 	0.250000%, 	2.485924%
2020-04-07 22:45:53, 	Binance     , 	OKEX        , 	XMR/BTC, 	0.007777, 	2.374, 	0.007566, 	2.227, 	2.788792%, 	0.250000%, 	2.538792%
2020-04-07 22:46:23, 	Binance     , 	OKEX        , 	XMR/BTC, 	0.007775, 	55.86, 	0.007566, 	2.231, 	2.762358%, 	0.250000%, 	2.512358%
2020-04-07 22:46:53, 	Binance     , 	OKEX        , 	XMR/BTC, 	0.007774, 	0.02, 	0.007566, 	5.136, 	2.749141%, 	0.250000%, 	2.499141%
2020-04-07 22:47:23, 	Binance     , 	OKEX        , 	XMR/BTC, 	0.007783, 	4.429, 	0.007566, 	0.613, 	2.868094%, 	0.250000%, 	2.618094%
2020-04-07 22:47:53, 	Binance     , 	OKEX        , 	XMR/BTC, 	0.007777, 	3.428, 	0.007566, 	0.679, 	2.788792%, 	0.250000%, 	2.538792%
2020-04-07 22:48:23, 	Binance     , 	OKEX        , 	XMR/BTC, 	0.007778, 	3.333, 	0.007566, 	1.933, 	2.802009%, 	0.250000%, 	2.552009%
2020-04-07 22:48:53, 	Binance     , 	OKEX        , 	XMR/BTC, 	0.007779, 	1.405, 	0.007566, 	3.185, 	2.815226%, 	0.250000%, 	2.565226%
2020-04-07 22:49:23, 	Binance     , 	OKEX        , 	XMR/BTC, 	0.007782, 	2.623, 	0.007566, 	1.567, 	2.854877%, 	0.250000%, 	2.604877%
2020-04-07 22:49:53, 	Binance     , 	OKEX        , 	XMR/BTC, 	0.007782, 	9.08, 	0.007566, 	6.387, 	2.854877%, 	0.250000%, 	2.604877%
2020-04-07 22:50:23, 	Binance     , 	OKEX        , 	XMR/BTC, 	0.007784, 	0.448, 	0.007566, 	4.597, 	2.881311%, 	0.250000%, 	2.631311%
2020-04-07 22:50:53, 	Binance     , 	OKEX        , 	XMR/BTC, 	0.007774, 	0.013, 	0.007566, 	42.869, 	2.749141%, 	0.250000%, 	2.499141%
2020-04-07 22:51:23, 	Binance     , 	OKEX        , 	XMR/BTC, 	0.007777, 	3.853, 	0.007566, 	0.54, 	2.788792%, 	0.250000%, 	2.538792%
2020-04-07 22:51:53, 	Binance     , 	OKEX        , 	XMR/BTC, 	0.007789, 	44.337, 	0.007566, 	30.694, 	2.947396%, 	0.250000%, 	2.697396%
2020-04-07 22:52:23, 	Binance     , 	OKEX        , 	XMR/BTC, 	0.00779, 	4.717, 	0.007566, 	7.119, 	2.960613%, 	0.250000%, 	2.710613%
2020-04-07 22:52:53, 	Binance     , 	OKEX        , 	XMR/BTC, 	0.007791, 	1.788, 	0.007566, 	7.049, 	2.973830%, 	0.250000%, 	2.723830%
2020-04-07 22:53:23, 	Binance     , 	OKEX        , 	XMR/BTC, 	0.007792, 	0.332, 	0.007566, 	7.768, 	2.987047%, 	0.250000%, 	2.737047%
2020-04-07 22:53:53, 	Binance     , 	OKEX        , 	XMR/BTC, 	0.007793, 	1.695, 	0.007566, 	5.812, 	3.000264%, 	0.250000%, 	2.750264%
2020-04-07 22:54:23, 	Binance     , 	OKEX        , 	XMR/BTC, 	0.007793, 	0.5, 	0.007566, 	6.762, 	3.000264%, 	0.250000%, 	2.750264%
2020-04-07 22:54:53, 	Binance     , 	OKEX        , 	XMR/BTC, 	0.007789, 	42.286, 	0.007566, 	63.92, 	2.947396%, 	0.250000%, 	2.697396%
2020-04-07 22:55:23, 	Binance     , 	OKEX        , 	XMR/BTC, 	0.00779, 	1.819, 	0.007566, 	5.812, 	2.960613%, 	0.250000%, 	2.710613%
2020-04-07 22:55:53, 	Binance     , 	OKEX        , 	XMR/BTC, 	0.007784, 	32.801, 	0.007566, 	2.233, 	2.881311%, 	0.250000%, 	2.631311%
2020-04-07 22:56:23, 	Binance     , 	OKEX        , 	XMR/BTC, 	0.007783, 	9.226, 	0.007566, 	2.065, 	2.868094%, 	0.250000%, 	2.618094%
2020-04-07 22:56:53, 	Binance     , 	OKEX        , 	XMR/BTC, 	0.007783, 	242.058, 	0.007566, 	4.464, 	2.868094%, 	0.250000%, 	2.618094%
2020-04-07 22:57:23, 	Binance     , 	OKEX        , 	XMR/BTC, 	0.007783, 	241.286, 	0.007566, 	4.736, 	2.868094%, 	0.250000%, 	2.618094%
2020-04-07 22:57:53, 	Binance     , 	OKEX        , 	XMR/BTC, 	0.007785, 	1.401, 	0.007566, 	3.784, 	2.894528%, 	0.250000%, 	2.644528%
2020-04-07 22:58:23, 	Binance     , 	OKEX        , 	XMR/BTC, 	0.007785, 	2.898, 	0.007566, 	2.104, 	2.894528%, 	0.250000%, 	2.644528%
2020-04-07 22:58:53, 	Binance     , 	OKEX        , 	XMR/BTC, 	0.007784, 	8.756, 	0.007566, 	1.928, 	2.881311%, 	0.250000%, 	2.631311%
2020-04-07 22:59:23, 	Binance     , 	OKEX        , 	XMR/BTC, 	0.007784, 	2.248, 	0.007566, 	3.083, 	2.881311%, 	0.250000%, 	2.631311%
2020-04-07 22:59:53, 	Binance     , 	OKEX        , 	XMR/BTC, 	0.007785, 	3.0, 	0.007566, 	4.349, 	2.894528%, 	0.250000%, 	2.644528%
2020-04-07 23:00:23, 	Binance     , 	OKEX        , 	XMR/BTC, 	0.007785, 	2.102, 	0.007566, 	12.41, 	2.894528%, 	0.250000%, 	2.644528%
2020-04-07 23:00:53, 	Binance     , 	OKEX        , 	XMR/BTC, 	0.00778, 	2.885, 	0.007566, 	0.528, 	2.828443%, 	0.250000%, 	2.578443%
2020-04-07 23:01:23, 	Binance     , 	OKEX        , 	XMR/BTC, 	0.007776, 	4.174, 	0.007566, 	9.742, 	2.775575%, 	0.250000%, 	2.525575%
2020-04-07 23:01:53, 	Binance     , 	OKEX        , 	XMR/BTC, 	0.007778, 	3.589, 	0.007566, 	0.69, 	2.802009%, 	0.250000%, 	2.552009%
2020-04-07 23:02:23, 	Binance     , 	OKEX        , 	XMR/BTC, 	0.007773, 	0.805, 	0.007566, 	2.233, 	2.735924%, 	0.250000%, 	2.485924%
2020-04-07 23:02:53, 	Binance     , 	OKEX        , 	XMR/BTC, 	0.007775, 	0.966, 	0.007566, 	0.02, 	2.762358%, 	0.250000%, 	2.512358%
2020-04-07 23:03:23, 	Binance     , 	OKEX        , 	XMR/BTC, 	0.007773, 	10.0, 	0.007566, 	2.231, 	2.735924%, 	0.250000%, 	2.485924%
2020-04-07 23:03:53, 	Binance     , 	OKEX        , 	XMR/BTC, 	0.007774, 	33.541, 	0.007566, 	0.02, 	2.749141%, 	0.250000%, 	2.499141%
2020-04-07 23:04:23, 	Binance     , 	OKEX        , 	XMR/BTC, 	0.007779, 	1.285, 	0.007566, 	4.765, 	2.815226%, 	0.250000%, 	2.565226%
2020-04-07 23:04:53, 	Binance     , 	OKEX        , 	XMR/BTC, 	0.00778, 	2.595, 	0.007566, 	2.946, 	2.828443%, 	0.250000%, 	2.578443%
2020-04-07 23:05:23, 	Binance     , 	OKEX        , 	XMR/BTC, 	0.00778, 	1.899, 	0.007566, 	2.234, 	2.828443%, 	0.250000%, 	2.578443%
2020-04-07 23:05:53, 	Binance     , 	OKEX        , 	XMR/BTC, 	0.007781, 	1.778, 	0.007566, 	2.234, 	2.841660%, 	0.250000%, 	2.591660%
2020-04-07 23:06:23, 	Binance     , 	OKEX        , 	XMR/BTC, 	0.00778, 	0.712, 	0.007566, 	2.237, 	2.828443%, 	0.250000%, 	2.578443%
2020-04-07 23:06:53, 	Binance     , 	OKEX        , 	XMR/BTC, 	0.007779, 	1.888, 	0.007566, 	12.814, 	2.815226%, 	0.250000%, 	2.565226%
2020-04-07 23:07:23, 	Binance     , 	OKEX        , 	XMR/BTC, 	0.007785, 	2.239, 	0.007566, 	0.013, 	2.894528%, 	0.250000%, 	2.644528%
2020-04-07 23:07:53, 	Binance     , 	OKEX        , 	XMR/BTC, 	0.007785, 	5.858, 	0.007566, 	0.026, 	2.894528%, 	0.250000%, 	2.644528%
2020-04-07 23:08:23, 	Binance     , 	OKEX        , 	XMR/BTC, 	0.007785, 	5.735, 	0.007566, 	0.026, 	2.894528%, 	0.250000%, 	2.644528%
2020-04-07 23:08:53, 	Binance     , 	OKEX        , 	XMR/BTC, 	0.007793, 	0.838, 	0.0076, 	60.532, 	2.539474%, 	0.250000%, 	2.289474%
2020-04-07 23:09:23, 	Binance     , 	OKEX        , 	XMR/BTC, 	0.007794, 	0.456, 	0.0076, 	13.432, 	2.552632%, 	0.250000%, 	2.302632%
2020-04-07 23:09:53, 	Binance     , 	OKEX        , 	XMR/BTC, 	0.00778, 	2.238, 	0.0076, 	3.404, 	2.368421%, 	0.250000%, 	2.118421%
2020-04-07 23:10:23, 	Binance     , 	OKEX        , 	XMR/BTC, 	0.007776, 	0.02, 	0.0076, 	1.119, 	2.315789%, 	0.250000%, 	2.065789%
2020-04-07 23:10:53, 	Binance     , 	OKEX        , 	XMR/BTC, 	0.007766, 	0.039, 	0.0076, 	4.601, 	2.184211%, 	0.250000%, 	1.934211%
2020-04-07 23:11:23, 	Binance     , 	OKEX        , 	XMR/BTC, 	0.00775, 	1.07, 	0.0076, 	2.247, 	1.973684%, 	0.250000%, 	1.723684%
2020-04-07 23:11:53, 	Binance     , 	OKEX        , 	XMR/BTC, 	0.007752, 	2.247, 	0.0076, 	2.966, 	2.000000%, 	0.250000%, 	1.750000%
2020-04-07 23:12:23, 	Binance     , 	OKEX        , 	XMR/BTC, 	0.007758, 	5.678, 	0.0076, 	3.947, 	2.078947%, 	0.250000%, 	1.828947%
2020-04-07 23:12:53, 	Binance     , 	OKEX        , 	XMR/BTC, 	0.007761, 	0.02, 	0.0076, 	1.971, 	2.118421%, 	0.250000%, 	1.868421%
2020-04-07 23:13:23, 	Binance     , 	OKEX        , 	XMR/BTC, 	0.007763, 	0.02, 	0.0076, 	2.759, 	2.144737%, 	0.250000%, 	1.894737%
2020-04-07 23:13:53, 	Binance     , 	OKEX        , 	XMR/BTC, 	0.007764, 	1.177, 	0.0076, 	1.199, 	2.157895%, 	0.250000%, 	1.907895%
2020-04-07 23:14:23, 	Binance     , 	OKEX        , 	XMR/BTC, 	0.007766, 	0.02, 	0.0076, 	1.604, 	2.184211%, 	0.250000%, 	1.934211%
2020-04-07 23:14:53, 	Binance     , 	OKEX        , 	XMR/BTC, 	0.007766, 	0.019, 	0.0076, 	2.485, 	2.184211%, 	0.250000%, 	1.934211%
2020-04-07 23:15:23, 	Binance     , 	OKEX        , 	XMR/BTC, 	0.007768, 	0.586, 	0.0076, 	28.795, 	2.210526%, 	0.250000%, 	1.960526%
2020-04-07 23:15:53, 	Binance     , 	OKEX        , 	XMR/BTC, 	0.007745, 	4.565, 	0.0076, 	4.525, 	1.907895%, 	0.250000%, 	1.657895%
2020-04-07 23:16:23, 	Binance     , 	OKEX        , 	XMR/BTC, 	0.007743, 	3.135, 	0.0076, 	2.245, 	1.881579%, 	0.250000%, 	1.631579%
2020-04-07 23:16:53, 	Binance     , 	OKEX        , 	XMR/BTC, 	0.007748, 	4.238, 	0.0076, 	0.518, 	1.947368%, 	0.250000%, 	1.697368%
2020-04-07 23:17:23, 	Binance     , 	OKEX        , 	XMR/BTC, 	0.00775, 	3.07, 	0.0076, 	0.518, 	1.973684%, 	0.250000%, 	1.723684%
2020-04-07 23:17:53, 	Binance     , 	OKEX        , 	XMR/BTC, 	0.007751, 	2.252, 	0.0076, 	0.518, 	1.986842%, 	0.250000%, 	1.736842%
2020-04-07 23:18:23, 	Binance     , 	OKEX        , 	XMR/BTC, 	0.007751, 	21.178, 	0.0076, 	2.77, 	1.986842%, 	0.250000%, 	1.736842%
2020-04-07 23:18:53, 	Binance     , 	OKEX        , 	XMR/BTC, 	0.007752, 	5.755, 	0.0076, 	0.55, 	2.000000%, 	0.250000%, 	1.750000%
2020-04-07 23:19:23, 	Binance     , 	OKEX        , 	XMR/BTC, 	0.007753, 	3.115, 	0.0076, 	0.528, 	2.013158%, 	0.250000%, 	1.763158%
2020-04-07 23:19:53, 	Binance     , 	OKEX        , 	XMR/BTC, 	0.007754, 	0.02, 	0.0076, 	0.528, 	2.026316%, 	0.250000%, 	1.776316%
2020-04-07 23:20:23, 	Binance     , 	OKEX        , 	XMR/BTC, 	0.007753, 	0.95, 	0.0076, 	2.248, 	2.013158%, 	0.250000%, 	1.763158%
2020-04-07 23:20:53, 	Binance     , 	OKEX        , 	XMR/BTC, 	0.007754, 	0.02, 	0.0076, 	2.248, 	2.026316%, 	0.250000%, 	1.776316%
2020-04-07 23:21:23, 	Binance     , 	OKEX        , 	XMR/BTC, 	0.007752, 	1.289, 	0.0076, 	2.247, 	2.000000%, 	0.250000%, 	1.750000%
2020-04-07 23:21:53, 	Binance     , 	OKEX        , 	XMR/BTC, 	0.00775, 	48.269, 	0.0076, 	96.251, 	1.973684%, 	0.250000%, 	1.723684%
2020-04-07 23:22:23, 	Binance     , 	OKEX        , 	XMR/BTC, 	0.00775, 	47.475, 	0.0076, 	96.251, 	1.973684%, 	0.250000%, 	1.723684%
2020-04-07 23:22:53, 	Binance     , 	OKEX        , 	XMR/BTC, 	0.007744, 	0.019, 	0.0076, 	4.708, 	1.894737%, 	0.250000%, 	1.644737%
2020-04-07 23:23:23, 	Binance     , 	OKEX        , 	XMR/BTC, 	0.007744, 	105.921, 	0.0076, 	4.708, 	1.894737%, 	0.250000%, 	1.644737%
2020-04-07 23:23:53, 	Binance     , 	OKEX        , 	XMR/BTC, 	0.007748, 	0.174, 	0.0076, 	2.25, 	1.947368%, 	0.250000%, 	1.697368%
2020-04-07 23:24:23, 	Binance     , 	OKEX        , 	XMR/BTC, 	0.007749, 	16.264, 	0.0076, 	92.228, 	1.960526%, 	0.250000%, 	1.710526%
2020-04-07 23:24:53, 	Binance     , 	OKEX        , 	XMR/BTC, 	0.007754, 	6.848, 	0.0076, 	74.969, 	2.026316%, 	0.250000%, 	1.776316%
2020-04-07 23:25:23, 	Binance     , 	OKEX        , 	XMR/BTC, 	0.007757, 	4.601, 	0.0076, 	91.807, 	2.065789%, 	0.250000%, 	1.815789%
2020-04-07 23:25:53, 	Binance     , 	OKEX        , 	XMR/BTC, 	0.007757, 	4.601, 	0.0076, 	26.438, 	2.065789%, 	0.250000%, 	1.815789%
2020-04-07 23:26:23, 	Binance     , 	OKEX        , 	XMR/BTC, 	0.007756, 	9.298, 	0.0076, 	4.601, 	2.052632%, 	0.250000%, 	1.802632%
2020-04-07 23:26:53, 	Binance     , 	OKEX        , 	XMR/BTC, 	0.007756, 	7.129, 	0.0076, 	10.058, 	2.052632%, 	0.250000%, 	1.802632%
2020-04-07 23:27:23, 	Binance     , 	OKEX        , 	XMR/BTC, 	0.007756, 	6.806, 	0.0076, 	4.708, 	2.052632%, 	0.250000%, 	1.802632%
2020-04-07 23:27:53, 	Binance     , 	OKEX        , 	XMR/BTC, 	0.007758, 	18.515, 	0.0076, 	98.308, 	2.078947%, 	0.250000%, 	1.828947%
2020-04-07 23:28:23, 	Binance     , 	OKEX        , 	XMR/BTC, 	0.007759, 	9.202, 	0.0076, 	98.308, 	2.092105%, 	0.250000%, 	1.842105%
2020-04-07 23:28:53, 	Binance     , 	OKEX        , 	XMR/BTC, 	0.007756, 	16.853, 	0.0076, 	5.626, 	2.052632%, 	0.250000%, 	1.802632%
2020-04-07 23:29:23, 	Binance     , 	OKEX        , 	XMR/BTC, 	0.007756, 	13.094, 	0.0076, 	25.902, 	2.052632%, 	0.250000%, 	1.802632%
2020-04-07 23:29:53, 	Binance     , 	OKEX        , 	XMR/BTC, 	0.007756, 	1.478, 	0.0076, 	23.557, 	2.052632%, 	0.250000%, 	1.802632%
2020-04-07 23:30:23, 	Binance     , 	OKEX        , 	XMR/BTC, 	0.007757, 	1.076, 	0.0076, 	23.557, 	2.065789%, 	0.250000%, 	1.815789%
2020-04-07 23:30:53, 	Binance     , 	OKEX        , 	XMR/BTC, 	0.007757, 	17.339, 	0.0076, 	24.734, 	2.065789%, 	0.250000%, 	1.815789%
2020-04-07 23:31:23, 	Binance     , 	OKEX        , 	XMR/BTC, 	0.007757, 	0.437, 	0.0076, 	98.058, 	2.065789%, 	0.250000%, 	1.815789%
2020-04-07 23:31:53, 	Binance     , 	OKEX        , 	XMR/BTC, 	0.007764, 	1.3, 	0.0076, 	1.308, 	2.157895%, 	0.250000%, 	1.907895%
2020-04-07 23:32:23, 	Binance     , 	OKEX        , 	XMR/BTC, 	0.007763, 	1.5, 	0.0076, 	1.5, 	2.144737%, 	0.250000%, 	1.894737%
2020-04-07 23:32:53, 	Binance     , 	OKEX        , 	XMR/BTC, 	0.007758, 	11.64, 	0.0076, 	107.937, 	2.078947%, 	0.250000%, 	1.828947%
2020-04-07 23:33:23, 	Binance     , 	OKEX        , 	XMR/BTC, 	0.00776, 	10.14, 	0.007592, 	2.953, 	2.212856%, 	0.250000%, 	1.962856%
2020-04-07 23:33:53, 	Binance     , 	OKEX        , 	XMR/BTC, 	0.007763, 	2.897, 	0.007592, 	3.112, 	2.252371%, 	0.250000%, 	2.002371%
2020-04-07 23:34:23, 	Binance     , 	OKEX        , 	XMR/BTC, 	0.007765, 	2.7, 	0.00759, 	0.018, 	2.305665%, 	0.250000%, 	2.055665%
2020-04-07 23:34:53, 	Binance     , 	OKEX        , 	XMR/BTC, 	0.007763, 	1.5, 	0.00759, 	1.5, 	2.279315%, 	0.250000%, 	2.029315%
2020-04-07 23:35:23, 	Binance     , 	OKEX        , 	XMR/BTC, 	0.007762, 	59.804, 	0.00759, 	1.5, 	2.266140%, 	0.250000%, 	2.016140%
2020-04-07 23:35:53, 	Binance     , 	OKEX        , 	XMR/BTC, 	0.007762, 	59.587, 	0.007586, 	1.458, 	2.320063%, 	0.250000%, 	2.070063%
2020-04-07 23:36:23, 	Binance     , 	OKEX        , 	XMR/BTC, 	0.007762, 	57.685, 	0.007584, 	1.458, 	2.347046%, 	0.250000%, 	2.097046%
2020-04-07 23:36:53, 	Binance     , 	OKEX        , 	XMR/BTC, 	0.007764, 	0.666, 	0.007582, 	3.269, 	2.400422%, 	0.250000%, 	2.150422%
2020-04-07 23:37:23, 	Binance     , 	OKEX        , 	XMR/BTC, 	0.007774, 	3.737, 	0.007566, 	1.5, 	2.749141%, 	0.250000%, 	2.499141%
2020-04-07 23:37:53, 	Binance     , 	OKEX        , 	XMR/BTC, 	0.007775, 	1.174, 	0.007566, 	1.5, 	2.762358%, 	0.250000%, 	2.512358%
2020-04-07 23:38:23, 	Binance     , 	OKEX        , 	XMR/BTC, 	0.007776, 	1.5, 	0.007566, 	1.5, 	2.775575%, 	0.250000%, 	2.525575%
2020-04-07 23:38:53, 	Binance     , 	OKEX        , 	XMR/BTC, 	0.007773, 	2.452, 	0.007566, 	1.5, 	2.735924%, 	0.250000%, 	2.485924%
2020-04-07 23:39:23, 	Binance     , 	OKEX        , 	XMR/BTC, 	0.007777, 	2.258, 	0.007566, 	4.34, 	2.788792%, 	0.250000%, 	2.538792%
2020-04-07 23:39:53, 	Binance     , 	OKEX        , 	XMR/BTC, 	0.007779, 	1.5, 	0.007566, 	1.5, 	2.815226%, 	0.250000%, 	2.565226%
2020-04-07 23:40:23, 	Binance     , 	OKEX        , 	XMR/BTC, 	0.007779, 	1.5, 	0.007566, 	1.5, 	2.815226%, 	0.250000%, 	2.565226%
2020-04-07 23:40:53, 	Binance     , 	OKEX        , 	XMR/BTC, 	0.007786, 	13.142, 	0.007566, 	1.5, 	2.907745%, 	0.250000%, 	2.657745%
2020-04-07 23:41:23, 	Binance     , 	OKEX        , 	XMR/BTC, 	0.007788, 	1.5, 	0.007566, 	2.053, 	2.934179%, 	0.250000%, 	2.684179%
2020-04-07 23:41:53, 	Binance     , 	OKEX        , 	XMR/BTC, 	0.007783, 	0.855, 	0.007566, 	2.496, 	2.868094%, 	0.250000%, 	2.618094%
2020-04-07 23:42:23, 	Binance     , 	OKEX        , 	XMR/BTC, 	0.007783, 	0.014, 	0.007562, 	11.5, 	2.922507%, 	0.250000%, 	2.672507%
2020-04-07 23:42:54, 	Binance     , 	OKEX        , 	XMR/BTC, 	0.007783, 	0.821, 	0.007562, 	1.5, 	2.922507%, 	0.250000%, 	2.672507%
2020-04-07 23:43:24, 	Binance     , 	OKEX        , 	XMR/BTC, 	0.007787, 	1.5, 	0.007562, 	1.5, 	2.975403%, 	0.250000%, 	2.725403%
2020-04-07 23:43:54, 	Binance     , 	OKEX        , 	XMR/BTC, 	0.007782, 	1.5, 	0.007562, 	1.5, 	2.909283%, 	0.250000%, 	2.659283%
2020-04-07 23:44:24, 	Binance     , 	OKEX        , 	XMR/BTC, 	0.007781, 	1.5, 	0.007562, 	4.066, 	2.896059%, 	0.250000%, 	2.646059%
2020-04-07 23:44:54, 	Binance     , 	OKEX        , 	XMR/BTC, 	0.007785, 	1.5, 	0.007562, 	1.5, 	2.948955%, 	0.250000%, 	2.698955%
2020-04-07 23:45:24, 	Binance     , 	OKEX        , 	XMR/BTC, 	0.00778, 	1.5, 	0.00756, 	1.5, 	2.910053%, 	0.250000%, 	2.660053%
2020-04-07 23:45:54, 	Binance     , 	OKEX        , 	XMR/BTC, 	0.007782, 	1.5, 	0.00756, 	1.5, 	2.936508%, 	0.250000%, 	2.686508%
2020-04-07 23:46:24, 	Binance     , 	OKEX        , 	XMR/BTC, 	0.007784, 	1.07, 	0.007556, 	2.601, 	3.017470%, 	0.250000%, 	2.767470%
2020-04-07 23:46:54, 	Binance     , 	OKEX        , 	XMR/BTC, 	0.007784, 	2.454, 	0.007556, 	1.5, 	3.017470%, 	0.250000%, 	2.767470%
2020-04-07 23:47:24, 	Binance     , 	OKEX        , 	XMR/BTC, 	0.007786, 	0.874, 	0.007556, 	1.5, 	3.043939%, 	0.250000%, 	2.793939%
2020-04-07 23:47:54, 	Binance     , 	OKEX        , 	XMR/BTC, 	0.007786, 	0.238, 	0.007554, 	4.57, 	3.071221%, 	0.250000%, 	2.821221%
2020-04-07 23:48:24, 	Binance     , 	OKEX        , 	XMR/BTC, 	0.007785, 	1.5, 	0.007554, 	1.5, 	3.057983%, 	0.250000%, 	2.807983%
2020-04-07 23:48:54, 	Binance     , 	OKEX        , 	XMR/BTC, 	0.007783, 	1.856, 	0.007554, 	1.5, 	3.031506%, 	0.250000%, 	2.781506%
2020-04-07 23:49:24, 	Binance     , 	OKEX        , 	XMR/BTC, 	0.007783, 	10.821, 	0.007554, 	102.0, 	3.031506%, 	0.250000%, 	2.781506%
2020-04-07 23:49:54, 	Binance     , 	OKEX        , 	XMR/BTC, 	0.007783, 	1.5, 	0.007522, 	0.919, 	3.469822%, 	0.250000%, 	3.219822%
2020-04-07 23:50:24, 	Binance     , 	OKEX        , 	XMR/BTC, 	0.00779, 	1.5, 	0.007554, 	6.255, 	3.124173%, 	0.250000%, 	2.874173%
2020-04-07 23:50:54, 	Binance     , 	OKEX        , 	XMR/BTC, 	0.00779, 	1.5, 	0.007554, 	7.123, 	3.124173%, 	0.250000%, 	2.874173%
2020-04-07 23:51:24, 	Binance     , 	OKEX        , 	XMR/BTC, 	0.007785, 	1.5, 	0.007554, 	1.5, 	3.057983%, 	0.250000%, 	2.807983%
2020-04-07 23:51:54, 	Binance     , 	OKEX        , 	XMR/BTC, 	0.007793, 	1.5, 	0.007554, 	4.986, 	3.163887%, 	0.250000%, 	2.913887%
2020-04-07 23:52:24, 	Binance     , 	OKEX        , 	XMR/BTC, 	0.007791, 	1.5, 	0.007554, 	1.064, 	3.137411%, 	0.250000%, 	2.887411%
2020-04-07 23:52:54, 	Binance     , 	OKEX        , 	XMR/BTC, 	0.007788, 	1.5, 	0.007554, 	1.5, 	3.097697%, 	0.250000%, 	2.847697%
2020-04-07 23:53:24, 	Binance     , 	OKEX        , 	XMR/BTC, 	0.007789, 	7.63, 	0.007554, 	1.5, 	3.110935%, 	0.250000%, 	2.860935%
2020-04-07 23:53:54, 	Binance     , 	OKEX        , 	XMR/BTC, 	0.007793, 	0.894, 	0.007554, 	6.017, 	3.163887%, 	0.250000%, 	2.913887%
2020-04-07 23:54:24, 	Binance     , 	OKEX        , 	XMR/BTC, 	0.007789, 	11.719, 	0.007554, 	1.5, 	3.110935%, 	0.250000%, 	2.860935%
2020-04-07 23:54:54, 	Binance     , 	OKEX        , 	XMR/BTC, 	0.007789, 	11.02, 	0.007554, 	1.39, 	3.110935%, 	0.250000%, 	2.860935%
2020-04-07 23:55:24, 	Binance     , 	OKEX        , 	XMR/BTC, 	0.007789, 	4.729, 	0.007554, 	1.39, 	3.110935%, 	0.250000%, 	2.860935%
2020-04-07 23:55:54, 	Binance     , 	OKEX        , 	XMR/BTC, 	0.007789, 	4.685, 	0.007554, 	2.971, 	3.110935%, 	0.250000%, 	2.860935%
2020-04-07 23:56:24, 	Binance     , 	OKEX        , 	XMR/BTC, 	0.007789, 	1.736, 	0.007554, 	1.5, 	3.110935%, 	0.250000%, 	2.860935%
2020-04-07 23:56:54, 	Binance     , 	OKEX        , 	XMR/BTC, 	0.007784, 	1.184, 	0.007554, 	2.506, 	3.044745%, 	0.250000%, 	2.794745%
2020-04-07 23:57:24, 	Binance     , 	OKEX        , 	XMR/BTC, 	0.007782, 	8.297, 	0.00755, 	1.5, 	3.072848%, 	0.250000%, 	2.822848%
2020-04-07 23:57:54, 	Binance     , 	OKEX        , 	XMR/BTC, 	0.007785, 	1.5, 	0.007547, 	68.363, 	3.153571%, 	0.250000%, 	2.903571%
2020-04-07 23:58:24, 	Binance     , 	OKEX        , 	XMR/BTC, 	0.007783, 	6.73, 	0.007542, 	28.158, 	3.195439%, 	0.250000%, 	2.945439%
2020-04-07 23:58:54, 	Binance     , 	OKEX        , 	XMR/BTC, 	0.007783, 	1.5, 	0.007542, 	1.5, 	3.195439%, 	0.250000%, 	2.945439%
2020-04-07 23:59:24, 	Binance     , 	OKEX        , 	XMR/BTC, 	0.007785, 	1.5, 	0.00754, 	98.144, 	3.249337%, 	0.250000%, 	2.999337%
2020-04-07 23:59:54, 	Binance     , 	OKEX        , 	XMR/BTC, 	0.007783, 	5.317, 	0.00754, 	54.308, 	3.222812%, 	0.250000%, 	2.972812%
2020-04-08 00:00:24, 	Binance     , 	OKEX        , 	XMR/BTC, 	0.007783, 	3.936, 	0.007533, 	0.182, 	3.318731%, 	0.250000%, 	3.068731%
2020-04-08 00:00:54, 	Binance     , 	OKEX        , 	XMR/BTC, 	0.007781, 	0.146, 	0.007531, 	15.515, 	3.319612%, 	0.250000%, 	3.069612%
2020-04-08 00:01:24, 	Binance     , 	OKEX        , 	XMR/BTC, 	0.007781, 	1.5, 	0.00752, 	2.036, 	3.470745%, 	0.250000%, 	3.220745%
2020-04-08 00:01:54, 	Binance     , 	OKEX        , 	XMR/BTC, 	0.007778, 	1.5, 	0.00752, 	2.075, 	3.430851%, 	0.250000%, 	3.180851%
2020-04-08 00:02:24, 	Binance     , 	OKEX        , 	XMR/BTC, 	0.007775, 	3.72, 	0.00752, 	3.661, 	3.390957%, 	0.250000%, 	3.140957%
2020-04-08 00:02:54, 	Binance     , 	OKEX        , 	XMR/BTC, 	0.007777, 	1.5, 	0.00752, 	1.5, 	3.417553%, 	0.250000%, 	3.167553%
2020-04-08 00:03:24, 	Binance     , 	OKEX        , 	XMR/BTC, 	0.007777, 	1.5, 	0.007518, 	3.746, 	3.445065%, 	0.250000%, 	3.195065%
2020-04-08 00:03:54, 	Binance     , 	OKEX        , 	XMR/BTC, 	0.007777, 	2.834, 	0.007518, 	1.5, 	3.445065%, 	0.250000%, 	3.195065%
2020-04-08 00:04:24, 	Binance     , 	OKEX        , 	XMR/BTC, 	0.007753, 	2.222, 	0.007516, 	2.223, 	3.153273%, 	0.250000%, 	2.903273%
2020-04-08 00:04:54, 	Binance     , 	OKEX        , 	XMR/BTC, 	0.007753, 	1.5, 	0.007512, 	1.5, 	3.208200%, 	0.250000%, 	2.958200%
2020-04-08 00:05:24, 	Binance     , 	OKEX        , 	XMR/BTC, 	0.007754, 	8.692, 	0.00751, 	1.5, 	3.249001%, 	0.250000%, 	2.999001%
2020-04-08 00:05:54, 	Binance     , 	OKEX        , 	XMR/BTC, 	0.007752, 	18.381, 	0.007505, 	0.18, 	3.291139%, 	0.250000%, 	3.041139%
2020-04-08 00:06:24, 	Binance     , 	OKEX        , 	XMR/BTC, 	0.007751, 	14.011, 	0.007505, 	0.18, 	3.277815%, 	0.250000%, 	3.027815%
2020-04-08 00:06:54, 	Binance     , 	OKEX        , 	XMR/BTC, 	0.007754, 	11.861, 	0.007503, 	1.5, 	3.345329%, 	0.250000%, 	3.095329%
2020-04-08 00:07:24, 	Binance     , 	OKEX        , 	XMR/BTC, 	0.007757, 	0.122, 	0.007501, 	4.608, 	3.412878%, 	0.250000%, 	3.162878%
2020-04-08 00:07:54, 	Binance     , 	OKEX        , 	XMR/BTC, 	0.007755, 	3.693, 	0.007496, 	0.89, 	3.455176%, 	0.250000%, 	3.205176%
2020-04-08 00:08:24, 	Binance     , 	OKEX        , 	XMR/BTC, 	0.007759, 	5.364, 	0.007495, 	0.877, 	3.522348%, 	0.250000%, 	3.272348%
2020-04-08 00:08:54, 	Binance     , 	OKEX        , 	XMR/BTC, 	0.007759, 	1.243, 	0.007495, 	0.877, 	3.522348%, 	0.250000%, 	3.272348%
2020-04-08 00:09:24, 	Binance     , 	OKEX        , 	XMR/BTC, 	0.007756, 	1.5, 	0.007495, 	0.877, 	3.482322%, 	0.250000%, 	3.232322%
2020-04-08 00:09:54, 	Binance     , 	OKEX        , 	XMR/BTC, 	0.007755, 	2.559, 	0.007495, 	0.877, 	3.468979%, 	0.250000%, 	3.218979%
2020-04-08 00:10:24, 	Binance     , 	OKEX        , 	XMR/BTC, 	0.007757, 	1.5, 	0.007495, 	0.877, 	3.495664%, 	0.250000%, 	3.245664%
2020-04-08 00:10:54, 	Binance     , 	OKEX        , 	XMR/BTC, 	0.007758, 	2.334, 	0.007495, 	1.5, 	3.509006%, 	0.250000%, 	3.259006%
2020-04-08 00:11:24, 	Binance     , 	OKEX        , 	XMR/BTC, 	0.007765, 	10.049, 	0.007495, 	31.862, 	3.602402%, 	0.250000%, 	3.352402%
2020-04-08 00:11:54, 	Binance     , 	OKEX        , 	XMR/BTC, 	0.007756, 	0.066, 	0.007495, 	0.546, 	3.482322%, 	0.250000%, 	3.232322%
2020-04-08 00:12:24, 	Binance     , 	OKEX        , 	XMR/BTC, 	0.007755, 	3.963, 	0.007495, 	0.242, 	3.468979%, 	0.250000%, 	3.218979%
2020-04-08 00:12:54, 	Binance     , 	OKEX        , 	XMR/BTC, 	0.007756, 	2.348, 	0.007495, 	1.5, 	3.482322%, 	0.250000%, 	3.232322%
2020-04-08 00:13:24, 	Binance     , 	OKEX        , 	XMR/BTC, 	0.007757, 	1.5, 	0.007493, 	35.89, 	3.523288%, 	0.250000%, 	3.273288%
2020-04-08 00:13:54, 	Binance     , 	OKEX        , 	XMR/BTC, 	0.007756, 	2.622, 	0.007491, 	12.078, 	3.537578%, 	0.250000%, 	3.287578%
2020-04-08 00:14:24, 	Binance     , 	OKEX        , 	XMR/BTC, 	0.00775, 	11.639, 	0.007491, 	1.5, 	3.457482%, 	0.250000%, 	3.207482%
2020-04-08 00:14:54, 	Binance     , 	OKEX        , 	XMR/BTC, 	0.007752, 	8.133, 	0.007491, 	1.5, 	3.484181%, 	0.250000%, 	3.234181%
2020-04-08 00:15:24, 	Binance     , 	OKEX        , 	XMR/BTC, 	0.007756, 	2.525, 	0.007491, 	5.959, 	3.537578%, 	0.250000%, 	3.287578%
2020-04-08 00:15:54, 	Binance     , 	OKEX        , 	XMR/BTC, 	0.007752, 	13.997, 	0.007491, 	1.5, 	3.484181%, 	0.250000%, 	3.234181%
2020-04-08 00:16:24, 	Binance     , 	OKEX        , 	XMR/BTC, 	0.007752, 	9.214, 	0.007491, 	4.577, 	3.484181%, 	0.250000%, 	3.234181%
2020-04-08 00:16:54, 	Binance     , 	OKEX        , 	XMR/BTC, 	0.007754, 	9.215, 	0.007491, 	3.39, 	3.510880%, 	0.250000%, 	3.260880%
2020-04-08 00:17:24, 	Binance     , 	OKEX        , 	XMR/BTC, 	0.007754, 	7.829, 	0.007491, 	1.5, 	3.510880%, 	0.250000%, 	3.260880%
2020-04-08 00:17:54, 	Binance     , 	OKEX        , 	XMR/BTC, 	0.007754, 	5.026, 	0.007491, 	1.5, 	3.510880%, 	0.250000%, 	3.260880%
2020-04-08 00:18:24, 	Binance     , 	OKEX        , 	XMR/BTC, 	0.007756, 	16.375, 	0.007449, 	3.465, 	4.121359%, 	0.250000%, 	3.871359%
2020-04-08 00:18:54, 	Binance     , 	OKEX        , 	XMR/BTC, 	0.007756, 	17.242, 	0.007489, 	5.982, 	3.565229%, 	0.250000%, 	3.315229%
2020-04-08 00:19:24, 	Binance     , 	OKEX        , 	XMR/BTC, 	0.007756, 	15.164, 	0.007489, 	3.699, 	3.565229%, 	0.250000%, 	3.315229%
2020-04-08 00:19:54, 	Binance     , 	OKEX        , 	XMR/BTC, 	0.007758, 	0.157, 	0.007489, 	1.868, 	3.591935%, 	0.250000%, 	3.341935%
2020-04-08 00:20:24, 	Binance     , 	OKEX        , 	XMR/BTC, 	0.007787, 	89.0, 	0.007489, 	1.001, 	3.979169%, 	0.250000%, 	3.729169%
2020-04-08 00:20:54, 	Binance     , 	OKEX        , 	XMR/BTC, 	0.00778, 	2.188, 	0.007489, 	1.5, 	3.885699%, 	0.250000%, 	3.635699%
2020-04-08 00:21:24, 	Binance     , 	OKEX        , 	XMR/BTC, 	0.007775, 	0.059, 	0.007489, 	21.194, 	3.818934%, 	0.250000%, 	3.568934%
2020-04-08 00:21:54, 	Binance     , 	OKEX        , 	XMR/BTC, 	0.00776, 	3.062, 	0.007489, 	1.466, 	3.618641%, 	0.250000%, 	3.368641%
2020-04-08 00:22:24, 	Binance     , 	OKEX        , 	XMR/BTC, 	0.007759, 	3.701, 	0.007489, 	1.5, 	3.605288%, 	0.250000%, 	3.355288%
2020-04-08 00:22:54, 	Binance     , 	OKEX        , 	XMR/BTC, 	0.007764, 	1.5, 	0.007489, 	1.5, 	3.672052%, 	0.250000%, 	3.422052%
2020-04-08 00:23:24, 	Binance     , 	OKEX        , 	XMR/BTC, 	0.007762, 	2.651, 	0.007489, 	1.5, 	3.645347%, 	0.250000%, 	3.395347%
2020-04-08 00:23:54, 	Binance     , 	OKEX        , 	XMR/BTC, 	0.007762, 	1.372, 	0.007489, 	1.5, 	3.645347%, 	0.250000%, 	3.395347%
2020-04-08 00:24:24, 	Binance     , 	OKEX        , 	XMR/BTC, 	0.00776, 	4.725, 	0.007478, 	1.5, 	3.771062%, 	0.250000%, 	3.521062%
2020-04-08 00:24:54, 	Binance     , 	OKEX        , 	XMR/BTC, 	0.007761, 	2.18, 	0.007476, 	1.5, 	3.812199%, 	0.250000%, 	3.562199%
2020-04-08 12:44:36, 	Binance     , 	OKEX        , 	XMR/BTC, 	0.007818, 	3.833, 	0.007504, 	0.109, 	4.184435%, 	0.250000%, 	3.934435%
2020-04-08 12:44:51, 	Binance     , 	OKEX        , 	XMR/BTC, 	0.007818, 	2.488, 	0.007504, 	0.109, 	4.184435%, 	0.250000%, 	3.934435%
2020-04-08 12:45:06, 	Binance     , 	OKEX        , 	XMR/BTC, 	0.007818, 	2.475, 	0.007504, 	0.046, 	4.184435%, 	0.250000%, 	3.934435%
2020-04-08 12:45:21, 	Binance     , 	OKEX        , 	XMR/BTC, 	0.007821, 	16.893, 	0.007504, 	0.046, 	4.224414%, 	0.250000%, 	3.974414%
2020-04-08 12:45:36, 	Binance     , 	OKEX        , 	XMR/BTC, 	0.00782, 	0.272, 	0.007497, 	0.046, 	4.308390%, 	0.250000%, 	4.058390%
2020-04-08 12:45:51, 	Binance     , 	OKEX        , 	XMR/BTC, 	0.00782, 	0.272, 	0.007504, 	0.046, 	4.211087%, 	0.250000%, 	3.961087%
2020-04-08 12:46:06, 	Binance     , 	OKEX        , 	XMR/BTC, 	0.007819, 	1.5, 	0.007504, 	0.046, 	4.197761%, 	0.250000%, 	3.947761%
2020-04-08 12:46:21, 	Binance     , 	OKEX        , 	XMR/BTC, 	0.007821, 	2.13, 	0.007504, 	0.046, 	4.224414%, 	0.250000%, 	3.974414%
2020-04-08 12:46:36, 	Binance     , 	OKEX        , 	XMR/BTC, 	0.007824, 	0.273, 	0.007504, 	1.5, 	4.264392%, 	0.250000%, 	4.014392%
2020-04-08 12:46:51, 	Binance     , 	OKEX        , 	XMR/BTC, 	0.007827, 	2.994, 	0.007504, 	12.846, 	4.304371%, 	0.250000%, 	4.054371%
2020-04-08 12:47:06, 	Binance     , 	OKEX        , 	XMR/BTC, 	0.007829, 	0.397, 	0.007504, 	0.307, 	4.331023%, 	0.250000%, 	4.081023%
2020-04-08 12:47:21, 	Binance     , 	OKEX        , 	XMR/BTC, 	0.007824, 	1.5, 	0.007504, 	1.5, 	4.264392%, 	0.250000%, 	4.014392%
2020-04-08 12:47:36, 	Binance     , 	OKEX        , 	XMR/BTC, 	0.007819, 	3.157, 	0.007504, 	1.5, 	4.197761%, 	0.250000%, 	3.947761%
2020-04-08 12:47:51, 	Binance     , 	OKEX        , 	XMR/BTC, 	0.007819, 	1.999, 	0.007562, 	1.5, 	3.398572%, 	0.250000%, 	3.148572%
2020-04-08 12:48:06, 	Binance     , 	OKEX        , 	XMR/BTC, 	0.007819, 	3.205, 	0.007562, 	1.5, 	3.398572%, 	0.250000%, 	3.148572%
2020-04-08 12:48:21, 	Binance     , 	OKEX        , 	XMR/BTC, 	0.007819, 	3.205, 	0.007562, 	7.182, 	3.398572%, 	0.250000%, 	3.148572%
2020-04-08 12:48:36, 	Binance     , 	OKEX        , 	XMR/BTC, 	0.007819, 	2.483, 	0.007561, 	3.49, 	3.412247%, 	0.250000%, 	3.162247%
2020-04-08 12:48:51, 	Binance     , 	OKEX        , 	XMR/BTC, 	0.007819, 	0.919, 	0.007499, 	0.015, 	4.267236%, 	0.250000%, 	4.017236%
2020-04-08 12:49:06, 	Binance     , 	OKEX        , 	XMR/BTC, 	0.007821, 	2.163, 	0.007499, 	0.015, 	4.293906%, 	0.250000%, 	4.043906%
2020-04-08 12:49:21, 	Binance     , 	OKEX        , 	XMR/BTC, 	0.007819, 	2.006, 	0.007493, 	0.015, 	4.350727%, 	0.250000%, 	4.100727%
2020-04-08 12:49:36, 	Binance     , 	OKEX        , 	XMR/BTC, 	0.007819, 	1.5, 	0.007493, 	9.671, 	4.350727%, 	0.250000%, 	4.100727%
2020-04-08 12:49:51, 	Binance     , 	OKEX        , 	XMR/BTC, 	0.007819, 	1.5, 	0.007493, 	2.846, 	4.350727%, 	0.250000%, 	4.100727%
2020-04-08 12:50:06, 	Binance     , 	OKEX        , 	XMR/BTC, 	0.007819, 	1.389, 	0.007493, 	0.255, 	4.350727%, 	0.250000%, 	4.100727%
2020-04-08 12:50:21, 	Binance     , 	OKEX        , 	XMR/BTC, 	0.007821, 	1.59, 	0.007493, 	0.255, 	4.377419%, 	0.250000%, 	4.127419%
2020-04-08 12:50:36, 	Binance     , 	OKEX        , 	XMR/BTC, 	0.007823, 	2.498, 	0.007493, 	0.285, 	4.404111%, 	0.250000%, 	4.154111%
2020-04-08 12:50:51, 	Binance     , 	OKEX        , 	XMR/BTC, 	0.007823, 	2.347, 	0.007493, 	0.015, 	4.404111%, 	0.250000%, 	4.154111%
2020-04-08 12:51:06, 	Binance     , 	OKEX        , 	XMR/BTC, 	0.007825, 	0.499, 	0.007493, 	2.569, 	4.430802%, 	0.250000%, 	4.180802%
2020-04-08 12:51:21, 	Binance     , 	OKEX        , 	XMR/BTC, 	0.007822, 	0.439, 	0.007492, 	2.521, 	4.404698%, 	0.250000%, 	4.154698%
2020-04-08 12:51:36, 	Binance     , 	OKEX        , 	XMR/BTC, 	0.007822, 	2.005, 	0.007492, 	2.842, 	4.404698%, 	0.250000%, 	4.154698%
2020-04-08 12:51:51, 	Binance     , 	OKEX        , 	XMR/BTC, 	0.00782, 	1.5, 	0.007492, 	4.507, 	4.378003%, 	0.250000%, 	4.128003%
2020-04-08 12:52:06, 	Binance     , 	OKEX        , 	XMR/BTC, 	0.00782, 	0.395, 	0.007492, 	1.5, 	4.378003%, 	0.250000%, 	4.128003%
2020-04-08 12:52:21, 	Binance     , 	OKEX        , 	XMR/BTC, 	0.00782, 	1.5, 	0.007491, 	2.603, 	4.391937%, 	0.250000%, 	4.141937%
2020-04-08 12:52:36, 	Binance     , 	OKEX        , 	XMR/BTC, 	0.007824, 	1.5, 	0.007491, 	2.133, 	4.445334%, 	0.250000%, 	4.195334%
2020-04-08 12:52:51, 	Binance     , 	OKEX        , 	XMR/BTC, 	0.007824, 	2.54, 	0.00749, 	3.952, 	4.459279%, 	0.250000%, 	4.209279%
2020-04-08 12:53:06, 	Binance     , 	OKEX        , 	XMR/BTC, 	0.007824, 	1.779, 	0.00749, 	0.014, 	4.459279%, 	0.250000%, 	4.209279%
2020-04-08 12:53:21, 	Binance     , 	OKEX        , 	XMR/BTC, 	0.007821, 	2.813, 	0.00749, 	0.014, 	4.419226%, 	0.250000%, 	4.169226%
2020-04-08 12:53:36, 	Binance     , 	OKEX        , 	XMR/BTC, 	0.007816, 	4.716, 	0.007488, 	3.481, 	4.380342%, 	0.250000%, 	4.130342%
2020-04-08 12:53:51, 	Binance     , 	OKEX        , 	XMR/BTC, 	0.007816, 	4.654, 	0.007488, 	3.481, 	4.380342%, 	0.250000%, 	4.130342%
2020-04-08 12:54:06, 	Binance     , 	OKEX        , 	XMR/BTC, 	0.007817, 	1.5, 	0.007487, 	4.865, 	4.407640%, 	0.250000%, 	4.157640%
2020-04-08 12:54:21, 	Binance     , 	OKEX        , 	XMR/BTC, 	0.007817, 	1.778, 	0.007487, 	1.5, 	4.407640%, 	0.250000%, 	4.157640%
2020-04-08 12:54:36, 	Binance     , 	OKEX        , 	XMR/BTC, 	0.007817, 	1.828, 	0.007486, 	1.5, 	4.421587%, 	0.250000%, 	4.171587%
2020-04-08 12:54:51, 	Binance     , 	OKEX        , 	XMR/BTC, 	0.007818, 	2.763, 	0.007485, 	1.5, 	4.448898%, 	0.250000%, 	4.198898%
2020-04-08 12:55:06, 	Binance     , 	OKEX        , 	XMR/BTC, 	0.007818, 	1.748, 	0.007484, 	1.5, 	4.462854%, 	0.250000%, 	4.212854%
2020-04-08 12:55:21, 	Binance     , 	OKEX        , 	XMR/BTC, 	0.00782, 	1.5, 	0.007483, 	1.5, 	4.503541%, 	0.250000%, 	4.253541%
2020-04-08 12:55:36, 	Binance     , 	OKEX        , 	XMR/BTC, 	0.007817, 	1.5, 	0.007482, 	1.5, 	4.477412%, 	0.250000%, 	4.227412%
2020-04-08 12:55:51, 	Binance     , 	OKEX        , 	XMR/BTC, 	0.007816, 	2.411, 	0.007482, 	1.5, 	4.464047%, 	0.250000%, 	4.214047%
2020-04-08 12:56:06, 	Binance     , 	OKEX        , 	XMR/BTC, 	0.007817, 	0.361, 	0.007482, 	1.5, 	4.477412%, 	0.250000%, 	4.227412%
2020-04-08 12:56:21, 	Binance     , 	OKEX        , 	XMR/BTC, 	0.007817, 	3.261, 	0.007482, 	1.5, 	4.477412%, 	0.250000%, 	4.227412%
2020-04-08 12:56:36, 	Binance     , 	OKEX        , 	XMR/BTC, 	0.007816, 	1.337, 	0.00748, 	2.33, 	4.491979%, 	0.250000%, 	4.241979%
2020-04-08 12:56:51, 	Binance     , 	OKEX        , 	XMR/BTC, 	0.007816, 	0.217, 	0.00748, 	1.5, 	4.491979%, 	0.250000%, 	4.241979%
2020-04-08 12:57:06, 	Binance     , 	OKEX        , 	XMR/BTC, 	0.007816, 	0.217, 	0.00748, 	2.386, 	4.491979%, 	0.250000%, 	4.241979%
2020-04-08 12:57:21, 	Binance     , 	OKEX        , 	XMR/BTC, 	0.007817, 	1.975, 	0.00748, 	2.739, 	4.505348%, 	0.250000%, 	4.255348%
2020-04-08 12:57:36, 	Binance     , 	OKEX        , 	XMR/BTC, 	0.007817, 	0.834, 	0.00748, 	2.986, 	4.505348%, 	0.250000%, 	4.255348%
2020-04-08 12:57:51, 	Binance     , 	OKEX        , 	XMR/BTC, 	0.00782, 	1.663, 	0.007479, 	1.5, 	4.559433%, 	0.250000%, 	4.309433%
2020-04-08 12:58:06, 	Binance     , 	OKEX        , 	XMR/BTC, 	0.00782, 	1.5, 	0.007479, 	2.488, 	4.559433%, 	0.250000%, 	4.309433%
2020-04-08 12:58:21, 	Binance     , 	OKEX        , 	XMR/BTC, 	0.007822, 	0.274, 	0.007479, 	2.564, 	4.586175%, 	0.250000%, 	4.336175%
2020-04-08 12:58:36, 	Binance     , 	OKEX        , 	XMR/BTC, 	0.00782, 	0.798, 	0.007479, 	2.564, 	4.559433%, 	0.250000%, 	4.309433%
2020-04-08 12:58:51, 	Binance     , 	OKEX        , 	XMR/BTC, 	0.007817, 	1.968, 	0.007479, 	3.192, 	4.519321%, 	0.250000%, 	4.269321%
2020-04-08 12:59:06, 	Binance     , 	OKEX        , 	XMR/BTC, 	0.007817, 	3.466, 	0.007435, 	4.757, 	5.137861%, 	0.250000%, 	4.887861%
2020-04-08 12:59:21, 	Binance     , 	OKEX        , 	XMR/BTC, 	0.00782, 	3.618, 	0.007478, 	1.5, 	4.573415%, 	0.250000%, 	4.323415%
2020-04-08 12:59:36, 	Binance     , 	OKEX        , 	XMR/BTC, 	0.007818, 	3.129, 	0.007478, 	1.5, 	4.546670%, 	0.250000%, 	4.296670%
2020-04-08 12:59:51, 	Binance     , 	OKEX        , 	XMR/BTC, 	0.007821, 	1.5, 	0.007478, 	1.5, 	4.586788%, 	0.250000%, 	4.336788%
2020-04-08 13:00:06, 	Binance     , 	OKEX        , 	XMR/BTC, 	0.007821, 	5.146, 	0.007436, 	1.5, 	5.177515%, 	0.250000%, 	4.927515%
2020-04-08 13:00:21, 	Binance     , 	OKEX        , 	XMR/BTC, 	0.007822, 	1.278, 	0.007476, 	1.5, 	4.628143%, 	0.250000%, 	4.378143%
2020-04-08 13:00:36, 	Binance     , 	OKEX        , 	XMR/BTC, 	0.007823, 	1.5, 	0.007475, 	1.966, 	4.655518%, 	0.250000%, 	4.405518%
2020-04-08 13:00:51, 	Binance     , 	OKEX        , 	XMR/BTC, 	0.007829, 	1.959, 	0.007475, 	1.528, 	4.735786%, 	0.250000%, 	4.485786%
2020-04-08 13:01:06, 	Binance     , 	OKEX        , 	XMR/BTC, 	0.007828, 	0.02, 	0.007474, 	1.957, 	4.736420%, 	0.250000%, 	4.486420%
2020-04-08 13:01:21, 	Binance     , 	OKEX        , 	XMR/BTC, 	0.007829, 	28.607, 	0.007474, 	0.276, 	4.749799%, 	0.250000%, 	4.499799%
2020-04-08 13:01:36, 	Binance     , 	OKEX        , 	XMR/BTC, 	0.007837, 	11.62, 	0.007474, 	10.276, 	4.856837%, 	0.250000%, 	4.606837%
2020-04-08 13:01:51, 	Binance     , 	OKEX        , 	XMR/BTC, 	0.007839, 	1.5, 	0.007473, 	13.768, 	4.897631%, 	0.250000%, 	4.647631%
2020-04-08 13:02:06, 	Binance     , 	OKEX        , 	XMR/BTC, 	0.007838, 	1.956, 	0.007473, 	1.5, 	4.884250%, 	0.250000%, 	4.634250%
2020-04-08 13:02:21, 	Binance     , 	OKEX        , 	XMR/BTC, 	0.007831, 	4.175, 	0.007473, 	11.952, 	4.790579%, 	0.250000%, 	4.540579%
2020-04-08 13:02:36, 	Binance     , 	OKEX        , 	XMR/BTC, 	0.007826, 	1.5, 	0.007472, 	2.143, 	4.737687%, 	0.250000%, 	4.487687%
2020-04-08 13:02:51, 	Binance     , 	OKEX        , 	XMR/BTC, 	0.007825, 	3.816, 	0.007472, 	1.5, 	4.724304%, 	0.250000%, 	4.474304%
2020-04-08 13:03:06, 	Binance     , 	OKEX        , 	XMR/BTC, 	0.007824, 	1.5, 	0.007471, 	1.437, 	4.724936%, 	0.250000%, 	4.474936%
2020-04-08 13:03:21, 	Binance     , 	OKEX        , 	XMR/BTC, 	0.007823, 	0.019, 	0.007468, 	1.5, 	4.753615%, 	0.250000%, 	4.503615%
2020-04-08 13:03:36, 	Binance     , 	OKEX        , 	XMR/BTC, 	0.007823, 	0.019, 	0.007468, 	1.5, 	4.753615%, 	0.250000%, 	4.503615%
2020-04-08 13:03:51, 	Binance     , 	OKEX        , 	XMR/BTC, 	0.007822, 	0.893, 	0.007468, 	1.952, 	4.740225%, 	0.250000%, 	4.490225%
2020-04-08 13:04:06, 	Binance     , 	OKEX        , 	XMR/BTC, 	0.007823, 	0.199, 	0.007465, 	1.5, 	4.795713%, 	0.250000%, 	4.545713%
2020-04-08 13:04:21, 	Binance     , 	OKEX        , 	XMR/BTC, 	0.007823, 	0.199, 	0.007478, 	4.524, 	4.613533%, 	0.250000%, 	4.363533%
2020-04-08 13:04:36, 	Binance     , 	OKEX        , 	XMR/BTC, 	0.007826, 	3.452, 	0.007478, 	12.774, 	4.653651%, 	0.250000%, 	4.403651%
2020-04-08 13:04:51, 	Binance     , 	OKEX        , 	XMR/BTC, 	0.007826, 	2.497, 	0.007478, 	0.862, 	4.653651%, 	0.250000%, 	4.403651%
2020-04-08 13:05:06, 	Binance     , 	OKEX        , 	XMR/BTC, 	0.007826, 	1.182, 	0.007478, 	2.778, 	4.653651%, 	0.250000%, 	4.403651%
2020-04-08 13:05:21, 	Binance     , 	OKEX        , 	XMR/BTC, 	0.007828, 	3.452, 	0.007478, 	1.611, 	4.680396%, 	0.250000%, 	4.430396%
2020-04-08 13:05:36, 	Binance     , 	OKEX        , 	XMR/BTC, 	0.00783, 	2.988, 	0.007478, 	1.5, 	4.707141%, 	0.250000%, 	4.457141%
2020-04-08 13:05:51, 	Binance     , 	OKEX        , 	XMR/BTC, 	0.00783, 	1.354, 	0.007478, 	1.498, 	4.707141%, 	0.250000%, 	4.457141%
2020-04-08 13:06:06, 	Binance     , 	OKEX        , 	XMR/BTC, 	0.007826, 	1.954, 	0.007478, 	3.467, 	4.653651%, 	0.250000%, 	4.403651%
2020-04-08 13:06:21, 	Binance     , 	OKEX        , 	XMR/BTC, 	0.007825, 	27.0, 	0.007478, 	3.454, 	4.640278%, 	0.250000%, 	4.390278%
2020-04-08 13:06:36, 	Binance     , 	OKEX        , 	XMR/BTC, 	0.007825, 	27.0, 	0.007478, 	3.454, 	4.640278%, 	0.250000%, 	4.390278%
2020-04-08 13:06:51, 	Binance     , 	OKEX        , 	XMR/BTC, 	0.007825, 	25.888, 	0.007478, 	3.454, 	4.640278%, 	0.250000%, 	4.390278%
2020-04-08 13:07:06, 	Binance     , 	OKEX        , 	XMR/BTC, 	0.007825, 	27.297, 	0.007478, 	3.454, 	4.640278%, 	0.250000%, 	4.390278%
2020-04-08 13:07:21, 	Binance     , 	OKEX        , 	XMR/BTC, 	0.007826, 	1.032, 	0.007478, 	1.5, 	4.653651%, 	0.250000%, 	4.403651%
2020-04-08 13:07:36, 	Binance     , 	OKEX        , 	XMR/BTC, 	0.007829, 	1.5, 	0.007478, 	1.5, 	4.693768%, 	0.250000%, 	4.443768%
2020-04-08 13:07:51, 	Binance     , 	OKEX        , 	XMR/BTC, 	0.007828, 	4.307, 	0.007478, 	1.5, 	4.680396%, 	0.250000%, 	4.430396%
2020-04-08 13:08:06, 	Binance     , 	OKEX        , 	XMR/BTC, 	0.007828, 	3.345, 	0.007478, 	1.5, 	4.680396%, 	0.250000%, 	4.430396%
2020-04-08 13:08:21, 	Binance     , 	OKEX        , 	XMR/BTC, 	0.007828, 	3.974, 	0.007478, 	1.5, 	4.680396%, 	0.250000%, 	4.430396%
2020-04-08 13:08:36, 	Binance     , 	OKEX        , 	XMR/BTC, 	0.007828, 	3.001, 	0.007478, 	1.5, 	4.680396%, 	0.250000%, 	4.430396%
2020-04-08 13:08:51, 	Binance     , 	OKEX        , 	XMR/BTC, 	0.007828, 	0.914, 	0.007478, 	1.999, 	4.680396%, 	0.250000%, 	4.430396%
2020-04-08 13:09:06, 	Binance     , 	OKEX        , 	XMR/BTC, 	0.007828, 	0.914, 	0.007478, 	1.999, 	4.680396%, 	0.250000%, 	4.430396%
2020-04-08 13:09:21, 	Binance     , 	OKEX        , 	XMR/BTC, 	0.007828, 	1.824, 	0.007478, 	1.5, 	4.680396%, 	0.250000%, 	4.430396%
2020-04-08 13:09:36, 	Binance     , 	OKEX        , 	XMR/BTC, 	0.007831, 	3.579, 	0.007478, 	0.022, 	4.720514%, 	0.250000%, 	4.470514%
2020-04-08 13:09:51, 	Binance     , 	OKEX        , 	XMR/BTC, 	0.007831, 	0.496, 	0.007478, 	0.022, 	4.720514%, 	0.250000%, 	4.470514%
2020-04-08 13:10:06, 	Binance     , 	OKEX        , 	XMR/BTC, 	0.007831, 	0.496, 	0.007478, 	1.5, 	4.720514%, 	0.250000%, 	4.470514%
2020-04-08 13:10:21, 	Binance     , 	OKEX        , 	XMR/BTC, 	0.007824, 	0.833, 	0.007478, 	1.5, 	4.626906%, 	0.250000%, 	4.376906%
2020-04-08 13:10:36, 	Binance     , 	OKEX        , 	XMR/BTC, 	0.007823, 	1.425, 	0.007478, 	0.013, 	4.613533%, 	0.250000%, 	4.363533%
2020-04-08 13:10:51, 	Binance     , 	OKEX        , 	XMR/BTC, 	0.007823, 	4.175, 	0.007478, 	1.978, 	4.613533%, 	0.250000%, 	4.363533%
2020-04-08 13:11:06, 	Binance     , 	OKEX        , 	XMR/BTC, 	0.007821, 	2.907, 	0.007478, 	2.562, 	4.586788%, 	0.250000%, 	4.336788%
2020-04-08 13:11:21, 	Binance     , 	OKEX        , 	XMR/BTC, 	0.007821, 	1.676, 	0.007478, 	4.526, 	4.586788%, 	0.250000%, 	4.336788%
2020-04-08 13:11:36, 	Binance     , 	OKEX        , 	XMR/BTC, 	0.007821, 	1.676, 	0.007478, 	2.437, 	4.586788%, 	0.250000%, 	4.336788%
2020-04-08 13:11:51, 	Binance     , 	OKEX        , 	XMR/BTC, 	0.007823, 	1.835, 	0.007478, 	1.5, 	4.613533%, 	0.250000%, 	4.363533%
2020-04-08 13:12:06, 	Binance     , 	OKEX        , 	XMR/BTC, 	0.007823, 	2.963, 	0.007478, 	1.5, 	4.613533%, 	0.250000%, 	4.363533%
2020-04-08 13:12:21, 	Binance     , 	OKEX        , 	XMR/BTC, 	0.007829, 	1.5, 	0.007478, 	1.388, 	4.693768%, 	0.250000%, 	4.443768%
2020-04-08 13:12:36, 	Binance     , 	OKEX        , 	XMR/BTC, 	0.007829, 	0.583, 	0.007478, 	2.276, 	4.693768%, 	0.250000%, 	4.443768%
2020-04-08 13:12:51, 	Binance     , 	OKEX        , 	XMR/BTC, 	0.007825, 	2.638, 	0.007478, 	2.276, 	4.640278%, 	0.250000%, 	4.390278%
2020-04-08 13:13:06, 	Binance     , 	OKEX        , 	XMR/BTC, 	0.007825, 	0.701, 	0.007478, 	1.5, 	4.640278%, 	0.250000%, 	4.390278%
2020-04-08 13:13:21, 	Binance     , 	OKEX        , 	XMR/BTC, 	0.007825, 	1.701, 	0.007478, 	1.5, 	4.640278%, 	0.250000%, 	4.390278%
2020-04-08 13:13:36, 	Binance     , 	OKEX        , 	XMR/BTC, 	0.007825, 	1.701, 	0.007478, 	0.026, 	4.640278%, 	0.250000%, 	4.390278%
2020-04-08 13:13:51, 	Binance     , 	OKEX        , 	XMR/BTC, 	0.007825, 	0.739, 	0.007478, 	0.026, 	4.640278%, 	0.250000%, 	4.390278%
2020-04-08 13:14:06, 	Binance     , 	OKEX        , 	XMR/BTC, 	0.007826, 	2.019, 	0.007478, 	0.026, 	4.653651%, 	0.250000%, 	4.403651%
2020-04-08 13:14:21, 	Binance     , 	OKEX        , 	XMR/BTC, 	0.007824, 	39.143, 	0.007478, 	0.026, 	4.626906%, 	0.250000%, 	4.376906%
2020-04-08 13:14:36, 	Binance     , 	OKEX        , 	XMR/BTC, 	0.007826, 	2.022, 	0.007478, 	0.026, 	4.653651%, 	0.250000%, 	4.403651%
2020-04-08 13:14:51, 	Binance     , 	OKEX        , 	XMR/BTC, 	0.007826, 	2.022, 	0.007478, 	0.026, 	4.653651%, 	0.250000%, 	4.403651%
2020-04-08 13:15:06, 	Binance     , 	OKEX        , 	XMR/BTC, 	0.007825, 	3.084, 	0.007478, 	0.026, 	4.640278%, 	0.250000%, 	4.390278%
2020-04-08 13:15:21, 	Binance     , 	OKEX        , 	XMR/BTC, 	0.007827, 	3.257, 	0.007478, 	0.535, 	4.667023%, 	0.250000%, 	4.417023%
2020-04-08 13:15:36, 	Binance     , 	OKEX        , 	XMR/BTC, 	0.007827, 	0.798, 	0.007478, 	1.852, 	4.667023%, 	0.250000%, 	4.417023%
2020-04-08 13:15:51, 	Binance     , 	OKEX        , 	XMR/BTC, 	0.007827, 	1.874, 	0.007478, 	1.733, 	4.667023%, 	0.250000%, 	4.417023%
2020-04-08 13:16:06, 	Binance     , 	OKEX        , 	XMR/BTC, 	0.007827, 	0.623, 	0.007478, 	1.733, 	4.667023%, 	0.250000%, 	4.417023%
2020-04-08 13:16:21, 	Binance     , 	OKEX        , 	XMR/BTC, 	0.007825, 	1.38, 	0.007478, 	2.679, 	4.640278%, 	0.250000%, 	4.390278%
2020-04-08 13:16:36, 	Binance     , 	OKEX        , 	XMR/BTC, 	0.007824, 	37.146, 	0.007478, 	10.0, 	4.626906%, 	0.250000%, 	4.376906%
2020-04-08 13:16:51, 	Binance     , 	OKEX        , 	XMR/BTC, 	0.007821, 	0.125, 	0.007478, 	1.5, 	4.586788%, 	0.250000%, 	4.336788%
2020-04-08 13:17:06, 	Binance     , 	OKEX        , 	XMR/BTC, 	0.007821, 	3.243, 	0.007478, 	1.5, 	4.586788%, 	0.250000%, 	4.336788%
2020-04-08 13:17:21, 	Binance     , 	OKEX        , 	XMR/BTC, 	0.007821, 	1.98, 	0.007478, 	1.5, 	4.586788%, 	0.250000%, 	4.336788%
2020-04-08 13:17:36, 	Binance     , 	OKEX        , 	XMR/BTC, 	0.007825, 	23.674, 	0.007478, 	1.5, 	4.640278%, 	0.250000%, 	4.390278%
2020-04-08 13:17:51, 	Binance     , 	OKEX        , 	XMR/BTC, 	0.007826, 	1.038, 	0.007478, 	1.5, 	4.653651%, 	0.250000%, 	4.403651%
2020-04-08 13:18:06, 	Binance     , 	OKEX        , 	XMR/BTC, 	0.00782, 	71.351, 	0.007478, 	1.803, 	4.573415%, 	0.250000%, 	4.323415%
2020-04-08 13:18:21, 	Binance     , 	OKEX        , 	XMR/BTC, 	0.00782, 	72.364, 	0.007478, 	8.387, 	4.573415%, 	0.250000%, 	4.323415%
2020-04-08 13:18:36, 	Binance     , 	OKEX        , 	XMR/BTC, 	0.007823, 	1.5, 	0.007478, 	1.5, 	4.613533%, 	0.250000%, 	4.363533%
2020-04-08 13:18:51, 	Binance     , 	OKEX        , 	XMR/BTC, 	0.007823, 	1.5, 	0.007478, 	1.5, 	4.613533%, 	0.250000%, 	4.363533%
2020-04-08 13:19:06, 	Binance     , 	OKEX        , 	XMR/BTC, 	0.007823, 	0.433, 	0.007478, 	2.49, 	4.613533%, 	0.250000%, 	4.363533%
2020-04-08 13:19:21, 	Binance     , 	OKEX        , 	XMR/BTC, 	0.007823, 	4.348, 	0.007478, 	1.953, 	4.613533%, 	0.250000%, 	4.363533%
2020-04-08 13:19:36, 	Binance     , 	OKEX        , 	XMR/BTC, 	0.007825, 	4.346, 	0.007478, 	11.979, 	4.640278%, 	0.250000%, 	4.390278%
2020-04-08 13:19:51, 	Binance     , 	OKEX        , 	XMR/BTC, 	0.007825, 	3.309, 	0.007478, 	2.33, 	4.640278%, 	0.250000%, 	4.390278%
2020-04-08 13:20:06, 	Binance     , 	OKEX        , 	XMR/BTC, 	0.007826, 	1.5, 	0.007478, 	1.4, 	4.653651%, 	0.250000%, 	4.403651%
2020-04-08 13:20:21, 	Binance     , 	OKEX        , 	XMR/BTC, 	0.007826, 	1.403, 	0.007478, 	1.4, 	4.653651%, 	0.250000%, 	4.403651%
2020-04-08 13:20:36, 	Binance     , 	OKEX        , 	XMR/BTC, 	0.00783, 	2.35, 	0.007478, 	1.496, 	4.707141%, 	0.250000%, 	4.457141%
2020-04-08 13:20:51, 	Binance     , 	OKEX        , 	XMR/BTC, 	0.007831, 	0.203, 	0.007478, 	1.5, 	4.720514%, 	0.250000%, 	4.470514%
2020-04-08 13:21:06, 	Binance     , 	OKEX        , 	XMR/BTC, 	0.007831, 	0.203, 	0.007478, 	1.5, 	4.720514%, 	0.250000%, 	4.470514%
2020-04-08 13:21:21, 	Binance     , 	OKEX        , 	XMR/BTC, 	0.007824, 	1.5, 	0.007478, 	2.653, 	4.626906%, 	0.250000%, 	4.376906%
2020-04-08 13:21:36, 	Binance     , 	OKEX        , 	XMR/BTC, 	0.007824, 	0.593, 	0.007478, 	1.5, 	4.626906%, 	0.250000%, 	4.376906%
2020-04-08 13:21:51, 	Binance     , 	OKEX        , 	XMR/BTC, 	0.007824, 	0.593, 	0.007518, 	1.5, 	4.070231%, 	0.250000%, 	3.820231%
2020-04-08 13:22:06, 	Binance     , 	OKEX        , 	XMR/BTC, 	0.007821, 	1.5, 	0.007517, 	1.5, 	4.044167%, 	0.250000%, 	3.794167%
2020-04-08 13:22:21, 	Binance     , 	OKEX        , 	XMR/BTC, 	0.007823, 	0.505, 	0.007516, 	1.5, 	4.084619%, 	0.250000%, 	3.834619%
2020-04-08 13:22:36, 	Binance     , 	OKEX        , 	XMR/BTC, 	0.007823, 	1.5, 	0.007514, 	0.022, 	4.112324%, 	0.250000%, 	3.862324%
2020-04-08 13:22:51, 	Binance     , 	OKEX        , 	XMR/BTC, 	0.007823, 	1.5, 	0.007514, 	2.408, 	4.112324%, 	0.250000%, 	3.862324%
2020-04-08 13:23:06, 	Binance     , 	OKEX        , 	XMR/BTC, 	0.007819, 	0.961, 	0.007514, 	5.441, 	4.059090%, 	0.250000%, 	3.809090%
2020-04-08 13:23:21, 	Binance     , 	OKEX        , 	XMR/BTC, 	0.00782, 	0.013, 	0.007513, 	2.195, 	4.086250%, 	0.250000%, 	3.836250%
2020-04-08 13:23:36, 	Binance     , 	OKEX        , 	XMR/BTC, 	0.007816, 	3.935, 	0.007513, 	2.558, 	4.033009%, 	0.250000%, 	3.783009%
2020-04-08 13:23:51, 	Binance     , 	OKEX        , 	XMR/BTC, 	0.007816, 	0.696, 	0.007513, 	2.963, 	4.033009%, 	0.250000%, 	3.783009%
2020-04-08 13:24:06, 	Binance     , 	OKEX        , 	XMR/BTC, 	0.007816, 	2.616, 	0.007513, 	1.5, 	4.033009%, 	0.250000%, 	3.783009%
2020-04-08 13:24:21, 	Binance     , 	OKEX        , 	XMR/BTC, 	0.007816, 	0.647, 	0.007513, 	3.635, 	4.033009%, 	0.250000%, 	3.783009%
2020-04-08 13:24:36, 	Binance     , 	OKEX        , 	XMR/BTC, 	0.007816, 	0.521, 	0.007513, 	2.124, 	4.033009%, 	0.250000%, 	3.783009%
2020-04-08 13:24:51, 	Binance     , 	OKEX        , 	XMR/BTC, 	0.007816, 	1.514, 	0.007512, 	2.124, 	4.046858%, 	0.250000%, 	3.796858%
2020-04-08 13:25:06, 	Binance     , 	OKEX        , 	XMR/BTC, 	0.007816, 	1.99, 	0.007512, 	1.5, 	4.046858%, 	0.250000%, 	3.796858%
2020-04-08 13:25:21, 	Binance     , 	OKEX        , 	XMR/BTC, 	0.00782, 	1.5, 	0.007512, 	1.5, 	4.100106%, 	0.250000%, 	3.850106%
2020-04-08 13:25:36, 	Binance     , 	OKEX        , 	XMR/BTC, 	0.007823, 	1.5, 	0.007512, 	1.5, 	4.140043%, 	0.250000%, 	3.890043%
2020-04-08 13:25:51, 	Binance     , 	OKEX        , 	XMR/BTC, 	0.007817, 	1.5, 	0.007512, 	2.721, 	4.060170%, 	0.250000%, 	3.810170%
2020-04-08 13:26:06, 	Binance     , 	OKEX        , 	XMR/BTC, 	0.007815, 	1.0, 	0.007517, 	1.5, 	3.964347%, 	0.250000%, 	3.714347%
2020-04-08 13:26:21, 	Binance     , 	OKEX        , 	XMR/BTC, 	0.007806, 	1.28, 	0.007516, 	2.049, 	3.858435%, 	0.250000%, 	3.608435%
2020-04-08 13:26:36, 	Binance     , 	OKEX        , 	XMR/BTC, 	0.007803, 	1.036, 	0.007516, 	2.049, 	3.818520%, 	0.250000%, 	3.568520%
2020-04-08 13:26:51, 	Binance     , 	OKEX        , 	XMR/BTC, 	0.007803, 	1.036, 	0.007515, 	3.515, 	3.832335%, 	0.250000%, 	3.582335%
2020-04-08 13:27:06, 	Binance     , 	OKEX        , 	XMR/BTC, 	0.007804, 	1.5, 	0.007515, 	1.38, 	3.845642%, 	0.250000%, 	3.595642%
2020-04-08 13:27:21, 	Binance     , 	OKEX        , 	XMR/BTC, 	0.007802, 	0.639, 	0.007515, 	1.5, 	3.819029%, 	0.250000%, 	3.569029%
2020-04-08 13:27:36, 	Binance     , 	OKEX        , 	XMR/BTC, 	0.007802, 	1.5, 	0.007515, 	1.5, 	3.819029%, 	0.250000%, 	3.569029%
2020-04-08 13:27:51, 	Binance     , 	OKEX        , 	XMR/BTC, 	0.007806, 	4.359, 	0.007515, 	1.5, 	3.872255%, 	0.250000%, 	3.622255%
2020-04-08 13:28:06, 	Binance     , 	OKEX        , 	XMR/BTC, 	0.007813, 	1.44, 	0.007515, 	1.5, 	3.965403%, 	0.250000%, 	3.715403%
2020-04-08 13:28:21, 	Binance     , 	OKEX        , 	XMR/BTC, 	0.007815, 	0.566, 	0.007515, 	0.019, 	3.992016%, 	0.250000%, 	3.742016%
2020-04-08 13:28:36, 	Binance     , 	OKEX        , 	XMR/BTC, 	0.007815, 	0.566, 	0.007515, 	0.019, 	3.992016%, 	0.250000%, 	3.742016%
2020-04-08 13:28:51, 	Binance     , 	OKEX        , 	XMR/BTC, 	0.007813, 	1.44, 	0.007514, 	1.5, 	3.979239%, 	0.250000%, 	3.729239%
2020-04-08 13:29:06, 	Binance     , 	OKEX        , 	XMR/BTC, 	0.007813, 	1.5, 	0.007514, 	1.684, 	3.979239%, 	0.250000%, 	3.729239%
2020-04-08 13:29:21, 	Binance     , 	OKEX        , 	XMR/BTC, 	0.007815, 	1.5, 	0.007514, 	1.5, 	4.005856%, 	0.250000%, 	3.755856%
2020-04-08 13:29:36, 	Binance     , 	OKEX        , 	XMR/BTC, 	0.00782, 	3.518, 	0.007512, 	12.037, 	4.100106%, 	0.250000%, 	3.850106%
2020-04-08 13:29:51, 	Binance     , 	OKEX        , 	XMR/BTC, 	0.00782, 	3.518, 	0.007512, 	2.726, 	4.100106%, 	0.250000%, 	3.850106%
2020-04-08 13:30:06, 	Binance     , 	OKEX        , 	XMR/BTC, 	0.007819, 	38.016, 	0.007512, 	1.279, 	4.086794%, 	0.250000%, 	3.836794%
2020-04-08 13:30:21, 	Binance     , 	OKEX        , 	XMR/BTC, 	0.007822, 	1.078, 	0.007512, 	0.709, 	4.126731%, 	0.250000%, 	3.876731%
2020-04-08 13:30:36, 	Binance     , 	OKEX        , 	XMR/BTC, 	0.00782, 	1.201, 	0.007511, 	0.709, 	4.113966%, 	0.250000%, 	3.863966%
2020-04-08 13:30:51, 	Binance     , 	OKEX        , 	XMR/BTC, 	0.007827, 	95.579, 	0.00751, 	1.519, 	4.221039%, 	0.250000%, 	3.971039%
2020-04-08 13:31:06, 	Binance     , 	OKEX        , 	XMR/BTC, 	0.007827, 	97.079, 	0.00751, 	2.297, 	4.221039%, 	0.250000%, 	3.971039%
2020-04-08 13:31:21, 	Binance     , 	OKEX        , 	XMR/BTC, 	0.007827, 	86.683, 	0.007509, 	1.5, 	4.234918%, 	0.250000%, 	3.984918%
2020-04-08 13:31:36, 	Binance     , 	OKEX        , 	XMR/BTC, 	0.007829, 	1.5, 	0.007507, 	1.001, 	4.289330%, 	0.250000%, 	4.039330%
2020-04-08 13:31:51, 	Binance     , 	OKEX        , 	XMR/BTC, 	0.007829, 	10.0, 	0.007507, 	1.001, 	4.289330%, 	0.250000%, 	4.039330%
2020-04-08 13:32:06, 	Binance     , 	OKEX        , 	XMR/BTC, 	0.00783, 	0.505, 	0.007506, 	0.001, 	4.316547%, 	0.250000%, 	4.066547%
2020-04-08 13:32:21, 	Binance     , 	OKEX        , 	XMR/BTC, 	0.007832, 	1.5, 	0.007506, 	0.001, 	4.343192%, 	0.250000%, 	4.093192%
2020-04-08 13:32:36, 	Binance     , 	OKEX        , 	XMR/BTC, 	0.007832, 	0.5, 	0.007506, 	0.001, 	4.343192%, 	0.250000%, 	4.093192%
2020-04-08 13:32:51, 	Binance     , 	OKEX        , 	XMR/BTC, 	0.007831, 	1.5, 	0.007505, 	0.001, 	4.343771%, 	0.250000%, 	4.093771%
2020-04-08 13:33:06, 	Binance     , 	OKEX        , 	XMR/BTC, 	0.00783, 	2.019, 	0.007504, 	0.001, 	4.344350%, 	0.250000%, 	4.094350%
2020-04-08 13:33:21, 	Binance     , 	OKEX        , 	XMR/BTC, 	0.007829, 	6.386, 	0.007503, 	1.5, 	4.344929%, 	0.250000%, 	4.094929%
2020-04-08 13:33:36, 	Binance     , 	OKEX        , 	XMR/BTC, 	0.007829, 	7.311, 	0.007502, 	1.5, 	4.358838%, 	0.250000%, 	4.108838%
2020-04-08 13:33:51, 	Binance     , 	OKEX        , 	XMR/BTC, 	0.007829, 	6.435, 	0.0075, 	1.5, 	4.386667%, 	0.250000%, 	4.136667%
2020-04-08 13:34:06, 	Binance     , 	OKEX        , 	XMR/BTC, 	0.007832, 	1.5, 	0.0075, 	0.001, 	4.426667%, 	0.250000%, 	4.176667%
2020-04-08 13:34:21, 	Binance     , 	OKEX        , 	XMR/BTC, 	0.007832, 	0.56, 	0.0075, 	1.741, 	4.426667%, 	0.250000%, 	4.176667%
2020-04-08 13:34:36, 	Binance     , 	OKEX        , 	XMR/BTC, 	0.007838, 	1.1, 	0.007499, 	1.018, 	4.520603%, 	0.250000%, 	4.270603%
2020-04-08 13:34:51, 	Binance     , 	OKEX        , 	XMR/BTC, 	0.007847, 	103.271, 	0.007499, 	1.119, 	4.640619%, 	0.250000%, 	4.390619%
2020-04-08 13:35:06, 	Binance     , 	OKEX        , 	XMR/BTC, 	0.007847, 	102.444, 	0.007498, 	1.119, 	4.654575%, 	0.250000%, 	4.404575%
2020-04-08 13:35:21, 	Binance     , 	OKEX        , 	XMR/BTC, 	0.007847, 	87.498, 	0.007498, 	1.5, 	4.654575%, 	0.250000%, 	4.404575%
2020-04-08 13:35:36, 	Binance     , 	OKEX        , 	XMR/BTC, 	0.007848, 	113.536, 	0.007498, 	1.5, 	4.667911%, 	0.250000%, 	4.417911%
2020-04-08 13:35:51, 	Binance     , 	OKEX        , 	XMR/BTC, 	0.007832, 	2.023, 	0.007498, 	2.023, 	4.454521%, 	0.250000%, 	4.204521%
2020-04-08 13:36:07, 	Binance     , 	OKEX        , 	XMR/BTC, 	0.007832, 	1.209, 	0.007497, 	1.5, 	4.468454%, 	0.250000%, 	4.218454%
2020-04-08 13:36:22, 	Binance     , 	OKEX        , 	XMR/BTC, 	0.007833, 	0.666, 	0.007497, 	4.542, 	4.481793%, 	0.250000%, 	4.231793%
2020-04-08 13:36:37, 	Binance     , 	OKEX        , 	XMR/BTC, 	0.007833, 	0.666, 	0.007496, 	2.029, 	4.495731%, 	0.250000%, 	4.245731%
2020-04-08 13:36:52, 	Binance     , 	OKEX        , 	XMR/BTC, 	0.007831, 	4.241, 	0.007496, 	1.987, 	4.469050%, 	0.250000%, 	4.219050%
2020-04-08 13:37:07, 	Binance     , 	OKEX        , 	XMR/BTC, 	0.007832, 	1.5, 	0.007495, 	1.979, 	4.496331%, 	0.250000%, 	4.246331%
2020-04-08 13:37:22, 	Binance     , 	OKEX        , 	XMR/BTC, 	0.00783, 	2.927, 	0.007495, 	1.989, 	4.469646%, 	0.250000%, 	4.219646%
2020-04-08 13:37:37, 	Binance     , 	OKEX        , 	XMR/BTC, 	0.00783, 	2.805, 	0.007493, 	2.665, 	4.497531%, 	0.250000%, 	4.247531%
2020-04-08 13:37:52, 	Binance     , 	OKEX        , 	XMR/BTC, 	0.00783, 	0.35, 	0.007491, 	7.742, 	4.525431%, 	0.250000%, 	4.275431%
2020-04-08 13:38:07, 	Binance     , 	OKEX        , 	XMR/BTC, 	0.007829, 	4.895, 	0.00749, 	4.616, 	4.526035%, 	0.250000%, 	4.276035%
2020-04-08 13:38:22, 	Binance     , 	OKEX        , 	XMR/BTC, 	0.007829, 	3.948, 	0.007489, 	4.615, 	4.539992%, 	0.250000%, 	4.289992%
2020-04-08 13:38:37, 	Binance     , 	OKEX        , 	XMR/BTC, 	0.007829, 	2.986, 	0.007489, 	4.561, 	4.539992%, 	0.250000%, 	4.289992%
2020-04-08 13:38:52, 	Binance     , 	OKEX        , 	XMR/BTC, 	0.007829, 	0.958, 	0.007489, 	44.88, 	4.539992%, 	0.250000%, 	4.289992%
2020-04-08 13:39:07, 	Binance     , 	OKEX        , 	XMR/BTC, 	0.007829, 	0.126, 	0.007489, 	9.841, 	4.539992%, 	0.250000%, 	4.289992%
2020-04-08 13:39:22, 	Binance     , 	OKEX        , 	XMR/BTC, 	0.007828, 	0.02, 	0.007488, 	11.875, 	4.540598%, 	0.250000%, 	4.290598%
2020-04-08 13:39:37, 	Binance     , 	OKEX        , 	XMR/BTC, 	0.007824, 	0.162, 	0.007488, 	1.5, 	4.487179%, 	0.250000%, 	4.237179%
2020-04-08 13:39:52, 	Binance     , 	OKEX        , 	XMR/BTC, 	0.007825, 	0.182, 	0.007487, 	11.782, 	4.514492%, 	0.250000%, 	4.264492%
2020-04-08 13:40:07, 	Binance     , 	OKEX        , 	XMR/BTC, 	0.007824, 	0.182, 	0.007485, 	9.377, 	4.529058%, 	0.250000%, 	4.279058%
2020-04-08 13:40:22, 	Binance     , 	OKEX        , 	XMR/BTC, 	0.007824, 	0.162, 	0.007485, 	8.278, 	4.529058%, 	0.250000%, 	4.279058%
2020-04-08 13:40:37, 	Binance     , 	OKEX        , 	XMR/BTC, 	0.007821, 	0.02, 	0.007484, 	11.539, 	4.502940%, 	0.250000%, 	4.252940%
2020-04-08 13:40:52, 	Binance     , 	OKEX        , 	XMR/BTC, 	0.00782, 	0.02, 	0.007484, 	13.579, 	4.489578%, 	0.250000%, 	4.239578%
2020-04-08 13:41:07, 	Binance     , 	OKEX        , 	XMR/BTC, 	0.00782, 	0.02, 	0.007483, 	10.188, 	4.503541%, 	0.250000%, 	4.253541%
2020-04-08 13:41:22, 	Binance     , 	OKEX        , 	XMR/BTC, 	0.007821, 	0.655, 	0.007482, 	10.192, 	4.530874%, 	0.250000%, 	4.280874%
2020-04-08 13:41:37, 	Binance     , 	OKEX        , 	XMR/BTC, 	0.007821, 	0.655, 	0.007482, 	2.345, 	4.530874%, 	0.250000%, 	4.280874%
2020-04-08 13:41:52, 	Binance     , 	OKEX        , 	XMR/BTC, 	0.007825, 	0.699, 	0.00748, 	3.542, 	4.612299%, 	0.250000%, 	4.362299%
2020-04-08 13:42:07, 	Binance     , 	OKEX        , 	XMR/BTC, 	0.007823, 	48.316, 	0.00748, 	1.5, 	4.585561%, 	0.250000%, 	4.335561%
2020-04-08 13:42:22, 	Binance     , 	OKEX        , 	XMR/BTC, 	0.007824, 	3.543, 	0.00748, 	1.5, 	4.598930%, 	0.250000%, 	4.348930%
2020-04-08 13:42:37, 	Binance     , 	OKEX        , 	XMR/BTC, 	0.007825, 	0.162, 	0.00748, 	2.974, 	4.612299%, 	0.250000%, 	4.362299%
2020-04-08 13:42:52, 	Binance     , 	OKEX        , 	XMR/BTC, 	0.007825, 	1.5, 	0.007479, 	2.974, 	4.626287%, 	0.250000%, 	4.376287%
2020-04-08 13:43:07, 	Binance     , 	OKEX        , 	XMR/BTC, 	0.007825, 	1.774, 	0.007479, 	1.5, 	4.626287%, 	0.250000%, 	4.376287%
2020-04-08 13:43:22, 	Binance     , 	OKEX        , 	XMR/BTC, 	0.007829, 	0.371, 	0.007479, 	2.553, 	4.679770%, 	0.250000%, 	4.429770%
2020-04-08 13:43:37, 	Binance     , 	OKEX        , 	XMR/BTC, 	0.007828, 	0.918, 	0.007479, 	2.553, 	4.666399%, 	0.250000%, 	4.416399%
2020-04-08 13:43:52, 	Binance     , 	OKEX        , 	XMR/BTC, 	0.007825, 	0.02, 	0.007479, 	2.809, 	4.626287%, 	0.250000%, 	4.376287%
2020-04-08 13:44:07, 	Binance     , 	OKEX        , 	XMR/BTC, 	0.007825, 	1.52, 	0.007479, 	2.809, 	4.626287%, 	0.250000%, 	4.376287%
2020-04-08 13:44:22, 	Binance     , 	OKEX        , 	XMR/BTC, 	0.007825, 	4.197, 	0.007479, 	1.513, 	4.626287%, 	0.250000%, 	4.376287%
2020-04-08 13:44:37, 	Binance     , 	OKEX        , 	XMR/BTC, 	0.007827, 	1.5, 	0.007478, 	1.513, 	4.667023%, 	0.250000%, 	4.417023%
2020-04-08 13:44:52, 	Binance     , 	OKEX        , 	XMR/BTC, 	0.007827, 	0.62, 	0.007476, 	2.718, 	4.695024%, 	0.250000%, 	4.445024%
2020-04-08 13:45:07, 	Binance     , 	OKEX        , 	XMR/BTC, 	0.007827, 	1.5, 	0.007475, 	1.513, 	4.709030%, 	0.250000%, 	4.459030%
2020-04-08 13:45:22, 	Binance     , 	OKEX        , 	XMR/BTC, 	0.007827, 	1.5, 	0.007474, 	3.548, 	4.723040%, 	0.250000%, 	4.473040%
