2020-04-08 15:14:48, 	Binance     , 	Poloniex    , 	STRAT/BTC, 	3.971e-05, 	510.0, 	3.955e-05, 	5.57206171, 	0.404551%, 	0.190000%, 	0.214551%
2020-04-08 15:15:03, 	Binance     , 	Poloniex    , 	STRAT/BTC, 	3.971e-05, 	510.0, 	3.955e-05, 	5.57206171, 	0.404551%, 	0.190000%, 	0.214551%
2020-04-08 15:15:18, 	Binance     , 	Poloniex    , 	STRAT/BTC, 	3.971e-05, 	510.0, 	3.955e-05, 	5.57206171, 	0.404551%, 	0.190000%, 	0.214551%
2020-04-08 15:15:33, 	Binance     , 	Poloniex    , 	STRAT/BTC, 	3.971e-05, 	510.0, 	3.955e-05, 	5.57206171, 	0.404551%, 	0.190000%, 	0.214551%
2020-04-08 15:15:48, 	Binance     , 	Poloniex    , 	STRAT/BTC, 	3.971e-05, 	510.0, 	3.955e-05, 	5.57206171, 	0.404551%, 	0.190000%, 	0.214551%
2020-04-08 15:16:03, 	Binance     , 	Poloniex    , 	STRAT/BTC, 	3.959e-05, 	352.0, 	3.955e-05, 	5.57206171, 	0.101138%, 	0.190000%, 	-0.088862%
2020-04-08 20:14:26, 	Binance     , 	Poloniex    , 	STRAT/BTC, 	3.883e-05, 	10.0, 	3.872e-05, 	10.16722927, 	0.284091%, 	0.190000%, 	0.094091%
2020-04-08 20:14:41, 	Binance     , 	Poloniex    , 	STRAT/BTC, 	3.883e-05, 	10.0, 	3.872e-05, 	10.16722927, 	0.284091%, 	0.190000%, 	0.094091%
2020-04-08 20:14:56, 	Binance     , 	Poloniex    , 	STRAT/BTC, 	3.883e-05, 	10.0, 	3.872e-05, 	10.16722927, 	0.284091%, 	0.190000%, 	0.094091%
2020-04-08 20:15:11, 	Binance     , 	Poloniex    , 	STRAT/BTC, 	3.885e-05, 	19.0, 	3.872e-05, 	10.16722927, 	0.335744%, 	0.190000%, 	0.145744%
2020-04-08 20:15:26, 	Binance     , 	Poloniex    , 	STRAT/BTC, 	3.885e-05, 	19.0, 	3.872e-05, 	10.16722927, 	0.335744%, 	0.190000%, 	0.145744%
2020-04-08 20:15:41, 	Binance     , 	Poloniex    , 	STRAT/BTC, 	3.885e-05, 	19.0, 	3.872e-05, 	10.16722927, 	0.335744%, 	0.190000%, 	0.145744%
2020-04-08 20:15:56, 	Binance     , 	Poloniex    , 	STRAT/BTC, 	3.885e-05, 	19.0, 	3.872e-05, 	10.16722927, 	0.335744%, 	0.190000%, 	0.145744%
2020-04-08 20:16:11, 	Binance     , 	Poloniex    , 	STRAT/BTC, 	3.885e-05, 	19.0, 	3.872e-05, 	10.16722927, 	0.335744%, 	0.190000%, 	0.145744%
2020-04-08 20:16:26, 	Binance     , 	Poloniex    , 	STRAT/BTC, 	3.885e-05, 	19.0, 	3.872e-05, 	10.16722927, 	0.335744%, 	0.190000%, 	0.145744%
2020-04-08 20:16:41, 	Binance     , 	Poloniex    , 	STRAT/BTC, 	3.885e-05, 	19.0, 	3.872e-05, 	10.16722927, 	0.335744%, 	0.190000%, 	0.145744%
2020-04-08 20:16:56, 	Binance     , 	Poloniex    , 	STRAT/BTC, 	3.885e-05, 	19.0, 	3.872e-05, 	10.16722927, 	0.335744%, 	0.190000%, 	0.145744%
2020-04-08 20:17:11, 	Binance     , 	Poloniex    , 	STRAT/BTC, 	3.885e-05, 	19.0, 	3.872e-05, 	10.16722927, 	0.335744%, 	0.190000%, 	0.145744%
2020-04-08 20:17:26, 	Binance     , 	Poloniex    , 	STRAT/BTC, 	3.885e-05, 	19.0, 	3.872e-05, 	10.16722927, 	0.335744%, 	0.190000%, 	0.145744%
2020-04-08 20:17:41, 	Binance     , 	Poloniex    , 	STRAT/BTC, 	3.885e-05, 	19.0, 	3.872e-05, 	10.16722927, 	0.335744%, 	0.190000%, 	0.145744%
2020-04-08 20:17:56, 	Binance     , 	Poloniex    , 	STRAT/BTC, 	3.885e-05, 	19.0, 	3.872e-05, 	10.16722927, 	0.335744%, 	0.190000%, 	0.145744%
2020-04-08 20:18:11, 	Binance     , 	Poloniex    , 	STRAT/BTC, 	3.885e-05, 	19.0, 	3.872e-05, 	10.16722927, 	0.335744%, 	0.190000%, 	0.145744%
2020-04-08 20:18:26, 	Binance     , 	Poloniex    , 	STRAT/BTC, 	3.885e-05, 	19.0, 	3.872e-05, 	10.16722927, 	0.335744%, 	0.190000%, 	0.145744%
2020-04-08 20:18:41, 	Binance     , 	Poloniex    , 	STRAT/BTC, 	3.885e-05, 	19.0, 	3.872e-05, 	10.16722927, 	0.335744%, 	0.190000%, 	0.145744%
2020-04-08 20:18:56, 	Binance     , 	Poloniex    , 	STRAT/BTC, 	3.885e-05, 	19.0, 	3.872e-05, 	10.16722927, 	0.335744%, 	0.190000%, 	0.145744%
2020-04-08 20:19:11, 	Binance     , 	Poloniex    , 	STRAT/BTC, 	3.878e-05, 	17.0, 	3.872e-05, 	10.16722927, 	0.154959%, 	0.190000%, 	-0.035041%
2020-04-08 20:19:56, 	Binance     , 	Poloniex    , 	STRAT/BTC, 	3.886e-05, 	75.0, 	3.872e-05, 	10.16722927, 	0.361570%, 	0.190000%, 	0.171570%
2020-04-08 20:20:11, 	Binance     , 	Poloniex    , 	STRAT/BTC, 	3.878e-05, 	8083.0, 	3.872e-05, 	10.16722927, 	0.154959%, 	0.190000%, 	-0.035041%
2020-04-09 00:40:13, 	Binance     , 	Poloniex    , 	STRAT/BTC, 	3.901e-05, 	11.0, 	3.893e-05, 	4.99625, 	0.205497%, 	0.190000%, 	0.015497%
2020-04-09 00:40:28, 	Binance     , 	Poloniex    , 	STRAT/BTC, 	3.901e-05, 	11.0, 	3.893e-05, 	4.99625, 	0.205497%, 	0.190000%, 	0.015497%
2020-04-09 00:40:43, 	Binance     , 	Poloniex    , 	STRAT/BTC, 	3.901e-05, 	11.0, 	3.893e-05, 	4.99625, 	0.205497%, 	0.190000%, 	0.015497%
2020-04-09 00:40:58, 	Binance     , 	Poloniex    , 	STRAT/BTC, 	3.901e-05, 	11.0, 	3.893e-05, 	4.99625, 	0.205497%, 	0.190000%, 	0.015497%
2020-04-09 00:41:13, 	Binance     , 	Poloniex    , 	STRAT/BTC, 	3.901e-05, 	11.0, 	3.893e-05, 	4.99625, 	0.205497%, 	0.190000%, 	0.015497%
2020-04-09 00:41:28, 	Binance     , 	Poloniex    , 	STRAT/BTC, 	3.901e-05, 	11.0, 	3.893e-05, 	4.99625, 	0.205497%, 	0.190000%, 	0.015497%
2020-04-09 00:41:43, 	Binance     , 	Poloniex    , 	STRAT/BTC, 	3.901e-05, 	11.0, 	3.893e-05, 	4.99625, 	0.205497%, 	0.190000%, 	0.015497%
2020-04-09 00:41:58, 	Binance     , 	Poloniex    , 	STRAT/BTC, 	3.901e-05, 	11.0, 	3.893e-05, 	4.99625, 	0.205497%, 	0.190000%, 	0.015497%
2020-04-09 00:42:13, 	Binance     , 	Poloniex    , 	STRAT/BTC, 	3.901e-05, 	11.0, 	3.893e-05, 	4.99625, 	0.205497%, 	0.190000%, 	0.015497%
2020-04-09 00:42:28, 	Binance     , 	Poloniex    , 	STRAT/BTC, 	3.901e-05, 	11.0, 	3.893e-05, 	4.99625, 	0.205497%, 	0.190000%, 	0.015497%
2020-04-09 00:42:43, 	Binance     , 	Poloniex    , 	STRAT/BTC, 	3.901e-05, 	11.0, 	3.893e-05, 	4.99625, 	0.205497%, 	0.190000%, 	0.015497%
2020-04-09 00:42:58, 	Binance     , 	Poloniex    , 	STRAT/BTC, 	3.901e-05, 	11.0, 	3.893e-05, 	4.99625, 	0.205497%, 	0.190000%, 	0.015497%
2020-04-09 00:43:13, 	Binance     , 	Poloniex    , 	STRAT/BTC, 	3.901e-05, 	11.0, 	3.893e-05, 	4.99625, 	0.205497%, 	0.190000%, 	0.015497%
2020-04-09 00:43:28, 	Binance     , 	Poloniex    , 	STRAT/BTC, 	3.901e-05, 	11.0, 	3.893e-05, 	4.99625, 	0.205497%, 	0.190000%, 	0.015497%
2020-04-09 00:43:43, 	Binance     , 	Poloniex    , 	STRAT/BTC, 	3.901e-05, 	11.0, 	3.893e-05, 	4.99625, 	0.205497%, 	0.190000%, 	0.015497%
2020-04-09 00:43:58, 	Binance     , 	Poloniex    , 	STRAT/BTC, 	3.901e-05, 	11.0, 	3.893e-05, 	4.99625, 	0.205497%, 	0.190000%, 	0.015497%
2020-04-09 00:44:13, 	Binance     , 	Poloniex    , 	STRAT/BTC, 	3.901e-05, 	11.0, 	3.893e-05, 	4.99625, 	0.205497%, 	0.190000%, 	0.015497%
2020-04-09 00:44:28, 	Binance     , 	Poloniex    , 	STRAT/BTC, 	3.901e-05, 	11.0, 	3.893e-05, 	4.99625, 	0.205497%, 	0.190000%, 	0.015497%
2020-04-09 00:44:43, 	Binance     , 	Poloniex    , 	STRAT/BTC, 	3.901e-05, 	11.0, 	3.893e-05, 	4.99625, 	0.205497%, 	0.190000%, 	0.015497%
2020-04-09 00:44:58, 	Binance     , 	Poloniex    , 	STRAT/BTC, 	3.901e-05, 	11.0, 	3.893e-05, 	4.99625, 	0.205497%, 	0.190000%, 	0.015497%
2020-04-09 00:45:13, 	Binance     , 	Poloniex    , 	STRAT/BTC, 	3.901e-05, 	11.0, 	3.893e-05, 	4.99625, 	0.205497%, 	0.190000%, 	0.015497%
2020-04-09 00:45:28, 	Binance     , 	Poloniex    , 	STRAT/BTC, 	3.901e-05, 	11.0, 	3.893e-05, 	4.99625, 	0.205497%, 	0.190000%, 	0.015497%
2020-04-09 00:45:43, 	Binance     , 	Poloniex    , 	STRAT/BTC, 	3.901e-05, 	11.0, 	3.893e-05, 	4.99625, 	0.205497%, 	0.190000%, 	0.015497%
2020-04-09 00:45:58, 	Binance     , 	Poloniex    , 	STRAT/BTC, 	3.901e-05, 	11.0, 	3.893e-05, 	4.99625, 	0.205497%, 	0.190000%, 	0.015497%
2020-04-09 00:46:13, 	Binance     , 	Poloniex    , 	STRAT/BTC, 	3.901e-05, 	11.0, 	3.893e-05, 	4.99625, 	0.205497%, 	0.190000%, 	0.015497%
2020-04-09 00:46:28, 	Binance     , 	Poloniex    , 	STRAT/BTC, 	3.901e-05, 	11.0, 	3.893e-05, 	4.99625, 	0.205497%, 	0.190000%, 	0.015497%
2020-04-09 00:46:43, 	Binance     , 	Poloniex    , 	STRAT/BTC, 	3.901e-05, 	11.0, 	3.893e-05, 	4.99625, 	0.205497%, 	0.190000%, 	0.015497%
2020-04-09 00:46:58, 	Binance     , 	Poloniex    , 	STRAT/BTC, 	3.901e-05, 	11.0, 	3.893e-05, 	4.99625, 	0.205497%, 	0.190000%, 	0.015497%
2020-04-09 00:47:13, 	Binance     , 	Poloniex    , 	STRAT/BTC, 	3.901e-05, 	11.0, 	3.893e-05, 	4.99625, 	0.205497%, 	0.190000%, 	0.015497%
2020-04-09 00:47:28, 	Binance     , 	Poloniex    , 	STRAT/BTC, 	3.901e-05, 	11.0, 	3.893e-05, 	4.99625, 	0.205497%, 	0.190000%, 	0.015497%
2020-04-09 00:47:43, 	Binance     , 	Poloniex    , 	STRAT/BTC, 	3.902e-05, 	404.0, 	3.893e-05, 	4.99625, 	0.231184%, 	0.190000%, 	0.041184%
2020-04-09 00:47:58, 	Binance     , 	Poloniex    , 	STRAT/BTC, 	3.902e-05, 	1780.0, 	3.893e-05, 	4.99625, 	0.231184%, 	0.190000%, 	0.041184%
2020-04-09 00:48:13, 	Binance     , 	Poloniex    , 	STRAT/BTC, 	3.902e-05, 	404.0, 	3.893e-05, 	4.99625, 	0.231184%, 	0.190000%, 	0.041184%
2020-04-09 00:48:28, 	Binance     , 	Poloniex    , 	STRAT/BTC, 	3.902e-05, 	808.0, 	3.893e-05, 	4.99625, 	0.231184%, 	0.190000%, 	0.041184%
2020-04-09 00:48:43, 	Binance     , 	Poloniex    , 	STRAT/BTC, 	3.902e-05, 	404.0, 	3.893e-05, 	4.99625, 	0.231184%, 	0.190000%, 	0.041184%
2020-04-09 00:48:58, 	Binance     , 	Poloniex    , 	STRAT/BTC, 	3.902e-05, 	404.0, 	3.893e-05, 	4.99625, 	0.231184%, 	0.190000%, 	0.041184%
2020-04-09 00:49:13, 	Binance     , 	Poloniex    , 	STRAT/BTC, 	3.902e-05, 	808.0, 	3.893e-05, 	4.99625, 	0.231184%, 	0.190000%, 	0.041184%
2020-04-09 00:49:28, 	Binance     , 	Poloniex    , 	STRAT/BTC, 	3.904e-05, 	1991.0, 	3.893e-05, 	4.99625, 	0.282558%, 	0.190000%, 	0.092558%
2020-04-09 00:49:43, 	Binance     , 	Poloniex    , 	STRAT/BTC, 	3.901e-05, 	601.0, 	3.893e-05, 	4.99625, 	0.205497%, 	0.190000%, 	0.015497%
2020-04-09 00:49:58, 	Binance     , 	Poloniex    , 	STRAT/BTC, 	3.901e-05, 	6.0, 	3.893e-05, 	4.99625, 	0.205497%, 	0.190000%, 	0.015497%
2020-04-09 00:50:13, 	Binance     , 	Poloniex    , 	STRAT/BTC, 	3.901e-05, 	601.0, 	3.893e-05, 	4.99625, 	0.205497%, 	0.190000%, 	0.015497%
2020-04-09 00:50:28, 	Binance     , 	Poloniex    , 	STRAT/BTC, 	3.901e-05, 	6.0, 	3.893e-05, 	4.99625, 	0.205497%, 	0.190000%, 	0.015497%
2020-04-09 00:50:43, 	Binance     , 	Poloniex    , 	STRAT/BTC, 	3.901e-05, 	6.0, 	3.893e-05, 	4.99625, 	0.205497%, 	0.190000%, 	0.015497%
2020-04-09 00:50:58, 	Binance     , 	Poloniex    , 	STRAT/BTC, 	3.901e-05, 	6.0, 	3.893e-05, 	4.99625, 	0.205497%, 	0.190000%, 	0.015497%
2020-04-09 00:51:13, 	Binance     , 	Poloniex    , 	STRAT/BTC, 	3.901e-05, 	6.0, 	3.893e-05, 	4.99625, 	0.205497%, 	0.190000%, 	0.015497%
2020-04-09 00:51:28, 	Binance     , 	Poloniex    , 	STRAT/BTC, 	3.902e-05, 	219.0, 	3.893e-05, 	4.99625, 	0.231184%, 	0.190000%, 	0.041184%
2020-04-09 00:51:43, 	Binance     , 	Poloniex    , 	STRAT/BTC, 	3.901e-05, 	696.0, 	3.893e-05, 	4.99625, 	0.205497%, 	0.190000%, 	0.015497%
2020-04-09 00:51:58, 	Binance     , 	Poloniex    , 	STRAT/BTC, 	3.901e-05, 	6.0, 	3.893e-05, 	4.99625, 	0.205497%, 	0.190000%, 	0.015497%
2020-04-09 00:52:13, 	Binance     , 	Poloniex    , 	STRAT/BTC, 	3.901e-05, 	6.0, 	3.893e-05, 	4.99625, 	0.205497%, 	0.190000%, 	0.015497%
2020-04-09 00:52:28, 	Binance     , 	Poloniex    , 	STRAT/BTC, 	3.901e-05, 	601.0, 	3.893e-05, 	4.99625, 	0.205497%, 	0.190000%, 	0.015497%
2020-04-09 00:52:43, 	Binance     , 	Poloniex    , 	STRAT/BTC, 	3.901e-05, 	601.0, 	3.893e-05, 	4.99625, 	0.205497%, 	0.190000%, 	0.015497%
2020-04-09 00:52:58, 	Binance     , 	Poloniex    , 	STRAT/BTC, 	3.901e-05, 	601.0, 	3.893e-05, 	4.99625, 	0.205497%, 	0.190000%, 	0.015497%
2020-04-09 00:53:13, 	Binance     , 	Poloniex    , 	STRAT/BTC, 	3.901e-05, 	6.0, 	3.893e-05, 	4.99625, 	0.205497%, 	0.190000%, 	0.015497%
2020-04-09 00:53:29, 	Binance     , 	Poloniex    , 	STRAT/BTC, 	3.901e-05, 	6.0, 	3.893e-05, 	4.99625, 	0.205497%, 	0.190000%, 	0.015497%
2020-04-09 00:53:44, 	Binance     , 	Poloniex    , 	STRAT/BTC, 	3.901e-05, 	6.0, 	3.893e-05, 	4.99625, 	0.205497%, 	0.190000%, 	0.015497%
2020-04-09 00:53:59, 	Binance     , 	Poloniex    , 	STRAT/BTC, 	3.901e-05, 	6.0, 	3.893e-05, 	4.99625, 	0.205497%, 	0.190000%, 	0.015497%
2020-04-09 00:54:14, 	Binance     , 	Poloniex    , 	STRAT/BTC, 	3.901e-05, 	6.0, 	3.893e-05, 	4.99625, 	0.205497%, 	0.190000%, 	0.015497%
2020-04-09 00:54:29, 	Binance     , 	Poloniex    , 	STRAT/BTC, 	3.905e-05, 	3.0, 	3.893e-05, 	4.99625, 	0.308246%, 	0.190000%, 	0.118246%
2020-04-09 00:54:44, 	Binance     , 	Poloniex    , 	STRAT/BTC, 	3.905e-05, 	3.0, 	3.893e-05, 	4.99625, 	0.308246%, 	0.190000%, 	0.118246%
2020-04-09 00:54:59, 	Binance     , 	Poloniex    , 	STRAT/BTC, 	3.905e-05, 	3.0, 	3.893e-05, 	4.99625, 	0.308246%, 	0.190000%, 	0.118246%
2020-04-09 00:55:14, 	Binance     , 	Poloniex    , 	STRAT/BTC, 	3.905e-05, 	3.0, 	3.893e-05, 	4.99625, 	0.308246%, 	0.190000%, 	0.118246%
2020-04-09 00:55:29, 	Binance     , 	Poloniex    , 	STRAT/BTC, 	3.905e-05, 	3.0, 	3.893e-05, 	4.99625, 	0.308246%, 	0.190000%, 	0.118246%
2020-04-09 00:55:44, 	Binance     , 	Poloniex    , 	STRAT/BTC, 	3.905e-05, 	3.0, 	3.893e-05, 	4.99625, 	0.308246%, 	0.190000%, 	0.118246%
2020-04-09 00:55:59, 	Binance     , 	Poloniex    , 	STRAT/BTC, 	3.905e-05, 	3.0, 	3.893e-05, 	4.99625, 	0.308246%, 	0.190000%, 	0.118246%
2020-04-09 00:56:14, 	Binance     , 	Poloniex    , 	STRAT/BTC, 	3.905e-05, 	3.0, 	3.893e-05, 	4.99625, 	0.308246%, 	0.190000%, 	0.118246%
2020-04-09 00:56:29, 	Binance     , 	Poloniex    , 	STRAT/BTC, 	3.906e-05, 	3.0, 	3.893e-05, 	4.99625, 	0.333933%, 	0.190000%, 	0.143933%
2020-04-09 00:56:44, 	Binance     , 	Poloniex    , 	STRAT/BTC, 	3.906e-05, 	3.0, 	3.893e-05, 	4.99625, 	0.333933%, 	0.190000%, 	0.143933%
2020-04-09 00:56:59, 	Binance     , 	Poloniex    , 	STRAT/BTC, 	3.906e-05, 	3.0, 	3.893e-05, 	4.99625, 	0.333933%, 	0.190000%, 	0.143933%
2020-04-09 00:57:14, 	Binance     , 	Poloniex    , 	STRAT/BTC, 	3.906e-05, 	3.0, 	3.893e-05, 	4.99625, 	0.333933%, 	0.190000%, 	0.143933%
2020-04-09 00:57:29, 	Binance     , 	Poloniex    , 	STRAT/BTC, 	3.906e-05, 	3.0, 	3.893e-05, 	4.99625, 	0.333933%, 	0.190000%, 	0.143933%
2020-04-09 00:57:44, 	Binance     , 	Poloniex    , 	STRAT/BTC, 	3.906e-05, 	3.0, 	3.893e-05, 	4.99625, 	0.333933%, 	0.190000%, 	0.143933%
2020-04-09 00:57:59, 	Binance     , 	Poloniex    , 	STRAT/BTC, 	3.906e-05, 	3.0, 	3.893e-05, 	4.99625, 	0.333933%, 	0.190000%, 	0.143933%
2020-04-09 00:58:14, 	Binance     , 	Poloniex    , 	STRAT/BTC, 	3.906e-05, 	3.0, 	3.893e-05, 	4.99625, 	0.333933%, 	0.190000%, 	0.143933%
2020-04-09 00:58:29, 	Binance     , 	Poloniex    , 	STRAT/BTC, 	3.906e-05, 	3.0, 	3.893e-05, 	4.99625, 	0.333933%, 	0.190000%, 	0.143933%
2020-04-09 00:58:44, 	Binance     , 	Poloniex    , 	STRAT/BTC, 	3.906e-05, 	3.0, 	3.893e-05, 	4.99625, 	0.333933%, 	0.190000%, 	0.143933%
2020-04-09 00:58:59, 	Binance     , 	Poloniex    , 	STRAT/BTC, 	3.906e-05, 	3.0, 	3.893e-05, 	4.99625, 	0.333933%, 	0.190000%, 	0.143933%
2020-04-09 00:59:14, 	Binance     , 	Poloniex    , 	STRAT/BTC, 	3.906e-05, 	3.0, 	3.893e-05, 	4.99625, 	0.333933%, 	0.190000%, 	0.143933%
2020-04-09 00:59:29, 	Binance     , 	Poloniex    , 	STRAT/BTC, 	3.906e-05, 	3.0, 	3.893e-05, 	4.99625, 	0.333933%, 	0.190000%, 	0.143933%
2020-04-09 00:59:44, 	Binance     , 	Poloniex    , 	STRAT/BTC, 	3.906e-05, 	3.0, 	3.893e-05, 	4.99625, 	0.333933%, 	0.190000%, 	0.143933%
2020-04-09 00:59:59, 	Binance     , 	Poloniex    , 	STRAT/BTC, 	3.906e-05, 	3.0, 	3.893e-05, 	4.99625, 	0.333933%, 	0.190000%, 	0.143933%
2020-04-09 01:00:14, 	Binance     , 	Poloniex    , 	STRAT/BTC, 	3.906e-05, 	3.0, 	3.893e-05, 	4.99625, 	0.333933%, 	0.190000%, 	0.143933%
2020-04-09 01:00:29, 	Binance     , 	Poloniex    , 	STRAT/BTC, 	3.906e-05, 	3.0, 	3.893e-05, 	4.99625, 	0.333933%, 	0.190000%, 	0.143933%
2020-04-09 01:00:44, 	Binance     , 	Poloniex    , 	STRAT/BTC, 	3.906e-05, 	3.0, 	3.893e-05, 	4.99625, 	0.333933%, 	0.190000%, 	0.143933%
2020-04-09 01:00:59, 	Binance     , 	Poloniex    , 	STRAT/BTC, 	3.907e-05, 	595.0, 	3.893e-05, 	4.99625, 	0.359620%, 	0.190000%, 	0.169620%
2020-04-09 01:01:14, 	Binance     , 	Poloniex    , 	STRAT/BTC, 	3.906e-05, 	3.0, 	3.893e-05, 	4.99625, 	0.333933%, 	0.190000%, 	0.143933%
2020-04-09 01:01:29, 	Binance     , 	Poloniex    , 	STRAT/BTC, 	3.908e-05, 	60.0, 	3.893e-05, 	4.99625, 	0.385307%, 	0.190000%, 	0.195307%
2020-04-09 01:01:44, 	Binance     , 	Poloniex    , 	STRAT/BTC, 	3.907e-05, 	736.0, 	3.893e-05, 	4.99625, 	0.359620%, 	0.190000%, 	0.169620%
2020-04-09 01:01:59, 	Binance     , 	Poloniex    , 	STRAT/BTC, 	3.909e-05, 	645.0, 	3.893e-05, 	4.99625, 	0.410994%, 	0.190000%, 	0.220994%
2020-04-09 01:02:14, 	Binance     , 	Poloniex    , 	STRAT/BTC, 	3.909e-05, 	51.0, 	3.893e-05, 	4.99625, 	0.410994%, 	0.190000%, 	0.220994%
2020-04-09 01:02:29, 	Binance     , 	Poloniex    , 	STRAT/BTC, 	3.911e-05, 	249.0, 	3.893e-05, 	0.99264676, 	0.462368%, 	0.190000%, 	0.272368%
2020-04-09 01:02:44, 	Binance     , 	Poloniex    , 	STRAT/BTC, 	3.911e-05, 	249.0, 	3.893e-05, 	0.99264676, 	0.462368%, 	0.190000%, 	0.272368%
2020-04-09 01:02:59, 	Binance     , 	Poloniex    , 	STRAT/BTC, 	3.911e-05, 	249.0, 	3.893e-05, 	0.99264676, 	0.462368%, 	0.190000%, 	0.272368%
2020-04-09 01:03:14, 	Binance     , 	Poloniex    , 	STRAT/BTC, 	3.911e-05, 	252.0, 	3.893e-05, 	0.99264676, 	0.462368%, 	0.190000%, 	0.272368%
2020-04-09 01:03:29, 	Binance     , 	Poloniex    , 	STRAT/BTC, 	3.911e-05, 	252.0, 	3.893e-05, 	0.99264676, 	0.462368%, 	0.190000%, 	0.272368%
2020-04-09 01:03:44, 	Binance     , 	Poloniex    , 	STRAT/BTC, 	3.911e-05, 	252.0, 	3.893e-05, 	0.99264676, 	0.462368%, 	0.190000%, 	0.272368%
2020-04-09 01:03:59, 	Binance     , 	Poloniex    , 	STRAT/BTC, 	3.911e-05, 	252.0, 	3.893e-05, 	0.99264676, 	0.462368%, 	0.190000%, 	0.272368%
2020-04-09 01:04:14, 	Binance     , 	Poloniex    , 	STRAT/BTC, 	3.912e-05, 	289.0, 	3.893e-05, 	0.99264676, 	0.488055%, 	0.190000%, 	0.298055%
2020-04-09 01:04:29, 	Binance     , 	Poloniex    , 	STRAT/BTC, 	3.912e-05, 	289.0, 	3.893e-05, 	0.99264676, 	0.488055%, 	0.190000%, 	0.298055%
2020-04-09 01:04:44, 	Binance     , 	Poloniex    , 	STRAT/BTC, 	3.912e-05, 	289.0, 	3.893e-05, 	0.99264676, 	0.488055%, 	0.190000%, 	0.298055%
2020-04-09 01:04:59, 	Binance     , 	Poloniex    , 	STRAT/BTC, 	3.911e-05, 	252.0, 	3.893e-05, 	0.99264676, 	0.462368%, 	0.190000%, 	0.272368%
2020-04-09 01:05:14, 	Binance     , 	Poloniex    , 	STRAT/BTC, 	3.911e-05, 	249.0, 	3.893e-05, 	0.99264676, 	0.462368%, 	0.190000%, 	0.272368%
2020-04-09 01:05:29, 	Binance     , 	Poloniex    , 	STRAT/BTC, 	3.915e-05, 	288.0, 	3.893e-05, 	0.99264676, 	0.565117%, 	0.190000%, 	0.375117%
2020-04-09 01:05:44, 	Binance     , 	Poloniex    , 	STRAT/BTC, 	3.915e-05, 	288.0, 	3.893e-05, 	0.99264676, 	0.565117%, 	0.190000%, 	0.375117%
2020-04-09 01:05:59, 	Binance     , 	Poloniex    , 	STRAT/BTC, 	3.915e-05, 	288.0, 	3.893e-05, 	0.99264676, 	0.565117%, 	0.190000%, 	0.375117%
2020-04-09 01:06:14, 	Binance     , 	Poloniex    , 	STRAT/BTC, 	3.915e-05, 	288.0, 	3.893e-05, 	0.99264676, 	0.565117%, 	0.190000%, 	0.375117%
2020-04-09 01:06:29, 	Binance     , 	Poloniex    , 	STRAT/BTC, 	3.911e-05, 	249.0, 	3.893e-05, 	0.99264676, 	0.462368%, 	0.190000%, 	0.272368%
2020-04-09 01:06:44, 	Binance     , 	Poloniex    , 	STRAT/BTC, 	3.911e-05, 	249.0, 	3.893e-05, 	0.99264676, 	0.462368%, 	0.190000%, 	0.272368%
2020-04-09 01:06:59, 	Binance     , 	Poloniex    , 	STRAT/BTC, 	3.911e-05, 	249.0, 	3.893e-05, 	0.99264676, 	0.462368%, 	0.190000%, 	0.272368%
2020-04-09 01:07:14, 	Binance     , 	Poloniex    , 	STRAT/BTC, 	3.911e-05, 	249.0, 	3.893e-05, 	0.99264676, 	0.462368%, 	0.190000%, 	0.272368%
2020-04-09 01:07:29, 	Binance     , 	Poloniex    , 	STRAT/BTC, 	3.911e-05, 	249.0, 	3.893e-05, 	0.99264676, 	0.462368%, 	0.190000%, 	0.272368%
2020-04-09 01:07:44, 	Binance     , 	Poloniex    , 	STRAT/BTC, 	3.911e-05, 	249.0, 	3.893e-05, 	0.99264676, 	0.462368%, 	0.190000%, 	0.272368%
2020-04-09 01:07:59, 	Binance     , 	Poloniex    , 	STRAT/BTC, 	3.911e-05, 	249.0, 	3.893e-05, 	0.99264676, 	0.462368%, 	0.190000%, 	0.272368%
2020-04-09 01:08:14, 	Binance     , 	Poloniex    , 	STRAT/BTC, 	3.911e-05, 	232.0, 	3.893e-05, 	0.99264676, 	0.462368%, 	0.190000%, 	0.272368%
2020-04-09 01:08:29, 	Binance     , 	Poloniex    , 	STRAT/BTC, 	3.914e-05, 	279.0, 	3.893e-05, 	0.99264676, 	0.539430%, 	0.190000%, 	0.349430%
2020-04-09 01:08:44, 	Binance     , 	Poloniex    , 	STRAT/BTC, 	3.911e-05, 	232.0, 	3.893e-05, 	0.99264676, 	0.462368%, 	0.190000%, 	0.272368%
2020-04-09 01:08:59, 	Binance     , 	Poloniex    , 	STRAT/BTC, 	3.911e-05, 	162.0, 	3.893e-05, 	0.99264676, 	0.462368%, 	0.190000%, 	0.272368%
2020-04-09 01:09:14, 	Binance     , 	Poloniex    , 	STRAT/BTC, 	3.913e-05, 	280.0, 	3.893e-05, 	0.99264676, 	0.513743%, 	0.190000%, 	0.323743%
2020-04-09 01:09:29, 	Binance     , 	Poloniex    , 	STRAT/BTC, 	3.913e-05, 	280.0, 	3.893e-05, 	0.99264676, 	0.513743%, 	0.190000%, 	0.323743%
2020-04-09 01:09:44, 	Binance     , 	Poloniex    , 	STRAT/BTC, 	3.912e-05, 	3.0, 	3.893e-05, 	0.99264676, 	0.488055%, 	0.190000%, 	0.298055%
2020-04-09 01:09:59, 	Binance     , 	Poloniex    , 	STRAT/BTC, 	3.915e-05, 	279.0, 	3.893e-05, 	0.99264676, 	0.565117%, 	0.190000%, 	0.375117%
2020-04-09 01:10:14, 	Binance     , 	Poloniex    , 	STRAT/BTC, 	3.915e-05, 	279.0, 	3.893e-05, 	0.99264676, 	0.565117%, 	0.190000%, 	0.375117%
2020-04-09 01:10:29, 	Binance     , 	Poloniex    , 	STRAT/BTC, 	3.915e-05, 	279.0, 	3.893e-05, 	0.99264676, 	0.565117%, 	0.190000%, 	0.375117%
2020-04-09 01:10:44, 	Binance     , 	Poloniex    , 	STRAT/BTC, 	3.915e-05, 	279.0, 	3.893e-05, 	0.99264676, 	0.565117%, 	0.190000%, 	0.375117%
2020-04-09 01:10:59, 	Binance     , 	Poloniex    , 	STRAT/BTC, 	3.915e-05, 	279.0, 	3.893e-05, 	0.99264676, 	0.565117%, 	0.190000%, 	0.375117%
2020-04-09 01:11:14, 	Binance     , 	Poloniex    , 	STRAT/BTC, 	3.915e-05, 	279.0, 	3.893e-05, 	0.99264676, 	0.565117%, 	0.190000%, 	0.375117%
2020-04-09 01:11:29, 	Binance     , 	Poloniex    , 	STRAT/BTC, 	3.915e-05, 	279.0, 	3.893e-05, 	0.99264676, 	0.565117%, 	0.190000%, 	0.375117%
2020-04-09 01:11:44, 	Binance     , 	Poloniex    , 	STRAT/BTC, 	3.915e-05, 	279.0, 	3.893e-05, 	0.99264676, 	0.565117%, 	0.190000%, 	0.375117%
2020-04-09 01:11:59, 	Binance     , 	Poloniex    , 	STRAT/BTC, 	3.915e-05, 	279.0, 	3.893e-05, 	0.99264676, 	0.565117%, 	0.190000%, 	0.375117%
2020-04-09 01:12:14, 	Binance     , 	Poloniex    , 	STRAT/BTC, 	3.915e-05, 	279.0, 	3.893e-05, 	0.99264676, 	0.565117%, 	0.190000%, 	0.375117%
2020-04-09 01:12:29, 	Binance     , 	Poloniex    , 	STRAT/BTC, 	3.915e-05, 	279.0, 	3.893e-05, 	0.99264676, 	0.565117%, 	0.190000%, 	0.375117%
2020-04-09 01:12:44, 	Binance     , 	Poloniex    , 	STRAT/BTC, 	3.909e-05, 	51.0, 	3.893e-05, 	0.99264676, 	0.410994%, 	0.190000%, 	0.220994%
2020-04-09 01:12:59, 	Binance     , 	Poloniex    , 	STRAT/BTC, 	3.906e-05, 	503.0, 	3.893e-05, 	0.99264676, 	0.333933%, 	0.190000%, 	0.143933%
2020-04-09 01:13:14, 	Binance     , 	Poloniex    , 	STRAT/BTC, 	3.907e-05, 	95.0, 	3.893e-05, 	0.99264676, 	0.359620%, 	0.190000%, 	0.169620%
2020-04-09 01:13:29, 	Binance     , 	Poloniex    , 	STRAT/BTC, 	3.907e-05, 	95.0, 	3.893e-05, 	0.99264676, 	0.359620%, 	0.190000%, 	0.169620%
2020-04-09 01:13:44, 	Binance     , 	Poloniex    , 	STRAT/BTC, 	3.906e-05, 	503.0, 	3.893e-05, 	0.99264676, 	0.333933%, 	0.190000%, 	0.143933%
2020-04-09 01:13:59, 	Binance     , 	Poloniex    , 	STRAT/BTC, 	3.906e-05, 	503.0, 	3.893e-05, 	0.99264676, 	0.333933%, 	0.190000%, 	0.143933%
2020-04-09 01:14:14, 	Binance     , 	Poloniex    , 	STRAT/BTC, 	3.907e-05, 	95.0, 	3.893e-05, 	0.99264676, 	0.359620%, 	0.190000%, 	0.169620%
2020-04-09 01:14:29, 	Binance     , 	Poloniex    , 	STRAT/BTC, 	3.907e-05, 	95.0, 	3.893e-05, 	0.99264676, 	0.359620%, 	0.190000%, 	0.169620%
2020-04-09 01:14:44, 	Binance     , 	Poloniex    , 	STRAT/BTC, 	3.906e-05, 	503.0, 	3.893e-05, 	0.99264676, 	0.333933%, 	0.190000%, 	0.143933%
2020-04-09 01:14:59, 	Binance     , 	Poloniex    , 	STRAT/BTC, 	3.906e-05, 	503.0, 	3.893e-05, 	0.99264676, 	0.333933%, 	0.190000%, 	0.143933%
2020-04-09 01:15:14, 	Binance     , 	Poloniex    , 	STRAT/BTC, 	3.906e-05, 	503.0, 	3.893e-05, 	0.99264676, 	0.333933%, 	0.190000%, 	0.143933%
2020-04-09 01:15:29, 	Binance     , 	Poloniex    , 	STRAT/BTC, 	3.906e-05, 	503.0, 	3.893e-05, 	0.99264676, 	0.333933%, 	0.190000%, 	0.143933%
2020-04-09 01:15:44, 	Binance     , 	Poloniex    , 	STRAT/BTC, 	3.906e-05, 	503.0, 	3.893e-05, 	0.99264676, 	0.333933%, 	0.190000%, 	0.143933%
2020-04-09 01:15:59, 	Binance     , 	Poloniex    , 	STRAT/BTC, 	3.906e-05, 	503.0, 	3.893e-05, 	0.99264676, 	0.333933%, 	0.190000%, 	0.143933%
2020-04-09 01:16:14, 	Binance     , 	Poloniex    , 	STRAT/BTC, 	3.906e-05, 	503.0, 	3.893e-05, 	0.99264676, 	0.333933%, 	0.190000%, 	0.143933%
2020-04-09 01:16:29, 	Binance     , 	Poloniex    , 	STRAT/BTC, 	3.906e-05, 	503.0, 	3.893e-05, 	0.99264676, 	0.333933%, 	0.190000%, 	0.143933%
2020-04-09 01:16:44, 	Binance     , 	Poloniex    , 	STRAT/BTC, 	3.906e-05, 	503.0, 	3.893e-05, 	0.99264676, 	0.333933%, 	0.190000%, 	0.143933%
2020-04-09 01:16:59, 	Binance     , 	Poloniex    , 	STRAT/BTC, 	3.906e-05, 	503.0, 	3.893e-05, 	0.99264676, 	0.333933%, 	0.190000%, 	0.143933%
2020-04-09 01:17:14, 	Binance     , 	Poloniex    , 	STRAT/BTC, 	3.906e-05, 	503.0, 	3.893e-05, 	0.99264676, 	0.333933%, 	0.190000%, 	0.143933%
2020-04-09 01:17:29, 	Binance     , 	Poloniex    , 	STRAT/BTC, 	3.906e-05, 	503.0, 	3.893e-05, 	0.99264676, 	0.333933%, 	0.190000%, 	0.143933%
2020-04-09 01:17:44, 	Binance     , 	Poloniex    , 	STRAT/BTC, 	3.906e-05, 	503.0, 	3.893e-05, 	0.99264676, 	0.333933%, 	0.190000%, 	0.143933%
2020-04-09 01:17:59, 	Binance     , 	Poloniex    , 	STRAT/BTC, 	3.906e-05, 	503.0, 	3.893e-05, 	0.99264676, 	0.333933%, 	0.190000%, 	0.143933%
2020-04-09 01:18:14, 	Binance     , 	Poloniex    , 	STRAT/BTC, 	3.906e-05, 	503.0, 	3.893e-05, 	0.99264676, 	0.333933%, 	0.190000%, 	0.143933%
2020-04-09 01:18:29, 	Binance     , 	Poloniex    , 	STRAT/BTC, 	3.906e-05, 	503.0, 	3.893e-05, 	0.99264676, 	0.333933%, 	0.190000%, 	0.143933%
2020-04-09 01:18:44, 	Binance     , 	Poloniex    , 	STRAT/BTC, 	3.906e-05, 	503.0, 	3.893e-05, 	0.99264676, 	0.333933%, 	0.190000%, 	0.143933%
2020-04-09 01:18:59, 	Binance     , 	Poloniex    , 	STRAT/BTC, 	3.906e-05, 	503.0, 	3.893e-05, 	0.99264676, 	0.333933%, 	0.190000%, 	0.143933%
2020-04-09 01:19:14, 	Binance     , 	Poloniex    , 	STRAT/BTC, 	3.906e-05, 	503.0, 	3.893e-05, 	0.99264676, 	0.333933%, 	0.190000%, 	0.143933%
2020-04-09 01:19:29, 	Binance     , 	Poloniex    , 	STRAT/BTC, 	3.906e-05, 	503.0, 	3.893e-05, 	0.99264676, 	0.333933%, 	0.190000%, 	0.143933%
2020-04-09 01:19:44, 	Binance     , 	Poloniex    , 	STRAT/BTC, 	3.906e-05, 	503.0, 	3.893e-05, 	0.99264676, 	0.333933%, 	0.190000%, 	0.143933%
2020-04-09 01:19:59, 	Binance     , 	Poloniex    , 	STRAT/BTC, 	3.906e-05, 	503.0, 	3.893e-05, 	0.99264676, 	0.333933%, 	0.190000%, 	0.143933%
2020-04-09 01:20:14, 	Binance     , 	Poloniex    , 	STRAT/BTC, 	3.906e-05, 	503.0, 	3.893e-05, 	0.99264676, 	0.333933%, 	0.190000%, 	0.143933%
2020-04-09 01:20:29, 	Binance     , 	Poloniex    , 	STRAT/BTC, 	3.906e-05, 	503.0, 	3.893e-05, 	0.99264676, 	0.333933%, 	0.190000%, 	0.143933%
2020-04-09 01:20:44, 	Binance     , 	Poloniex    , 	STRAT/BTC, 	3.906e-05, 	503.0, 	3.893e-05, 	0.99264676, 	0.333933%, 	0.190000%, 	0.143933%
2020-04-09 01:20:59, 	Binance     , 	Poloniex    , 	STRAT/BTC, 	3.906e-05, 	503.0, 	3.893e-05, 	0.99264676, 	0.333933%, 	0.190000%, 	0.143933%
2020-04-09 01:21:14, 	Binance     , 	Poloniex    , 	STRAT/BTC, 	3.906e-05, 	503.0, 	3.893e-05, 	0.99264676, 	0.333933%, 	0.190000%, 	0.143933%
2020-04-09 01:21:29, 	Binance     , 	Poloniex    , 	STRAT/BTC, 	3.906e-05, 	503.0, 	3.893e-05, 	0.99264676, 	0.333933%, 	0.190000%, 	0.143933%
2020-04-09 01:21:44, 	Binance     , 	Poloniex    , 	STRAT/BTC, 	3.906e-05, 	503.0, 	3.893e-05, 	0.99264676, 	0.333933%, 	0.190000%, 	0.143933%
2020-04-09 01:21:59, 	Binance     , 	Poloniex    , 	STRAT/BTC, 	3.906e-05, 	503.0, 	3.893e-05, 	0.99264676, 	0.333933%, 	0.190000%, 	0.143933%
2020-04-09 01:22:14, 	Binance     , 	Poloniex    , 	STRAT/BTC, 	3.906e-05, 	503.0, 	3.893e-05, 	0.99264676, 	0.333933%, 	0.190000%, 	0.143933%
2020-04-09 01:22:29, 	Binance     , 	Poloniex    , 	STRAT/BTC, 	3.906e-05, 	503.0, 	3.893e-05, 	0.99264676, 	0.333933%, 	0.190000%, 	0.143933%
2020-04-09 01:22:44, 	Binance     , 	Poloniex    , 	STRAT/BTC, 	3.901e-05, 	459.0, 	3.893e-05, 	0.99264676, 	0.205497%, 	0.190000%, 	0.015497%
2020-04-09 01:22:59, 	Binance     , 	Poloniex    , 	STRAT/BTC, 	3.898e-05, 	19.0, 	3.893e-05, 	0.99264676, 	0.128436%, 	0.190000%, 	-0.061564%
2020-04-09 01:42:23, 	Binance     , 	Poloniex    , 	STRAT/BTC, 	3.903e-05, 	4262.0, 	3.893e-05, 	0.99264676, 	0.256871%, 	0.190000%, 	0.066871%
2020-04-09 01:42:38, 	Binance     , 	Poloniex    , 	STRAT/BTC, 	3.903e-05, 	4262.0, 	3.893e-05, 	0.99264676, 	0.256871%, 	0.190000%, 	0.066871%
2020-04-09 01:42:53, 	Binance     , 	Poloniex    , 	STRAT/BTC, 	3.899e-05, 	2987.0, 	3.893e-05, 	0.99264676, 	0.154123%, 	0.190000%, 	-0.035877%
2020-04-09 02:37:04, 	Binance     , 	Poloniex    , 	STRAT/BTC, 	3.922e-05, 	250.0, 	3.893e-05, 	0.99264676, 	0.744927%, 	0.190000%, 	0.554927%
2020-04-09 02:37:19, 	Binance     , 	Poloniex    , 	STRAT/BTC, 	3.922e-05, 	250.0, 	3.893e-05, 	0.99264676, 	0.744927%, 	0.190000%, 	0.554927%
2020-04-09 02:37:34, 	Binance     , 	Poloniex    , 	STRAT/BTC, 	3.922e-05, 	250.0, 	3.893e-05, 	0.99264676, 	0.744927%, 	0.190000%, 	0.554927%
2020-04-09 02:37:49, 	Binance     , 	Poloniex    , 	STRAT/BTC, 	3.922e-05, 	250.0, 	3.893e-05, 	0.99264676, 	0.744927%, 	0.190000%, 	0.554927%
2020-04-09 02:38:04, 	Binance     , 	Poloniex    , 	STRAT/BTC, 	3.922e-05, 	250.0, 	3.893e-05, 	0.99264676, 	0.744927%, 	0.190000%, 	0.554927%
2020-04-09 02:38:19, 	Binance     , 	Poloniex    , 	STRAT/BTC, 	3.922e-05, 	250.0, 	3.893e-05, 	0.99264676, 	0.744927%, 	0.190000%, 	0.554927%
2020-04-09 02:38:34, 	Binance     , 	Poloniex    , 	STRAT/BTC, 	3.922e-05, 	250.0, 	3.893e-05, 	0.99264676, 	0.744927%, 	0.190000%, 	0.554927%
2020-04-09 02:38:49, 	Binance     , 	Poloniex    , 	STRAT/BTC, 	3.922e-05, 	250.0, 	3.893e-05, 	0.99264676, 	0.744927%, 	0.190000%, 	0.554927%
2020-04-09 02:39:04, 	Binance     , 	Poloniex    , 	STRAT/BTC, 	3.922e-05, 	250.0, 	3.893e-05, 	0.99264676, 	0.744927%, 	0.190000%, 	0.554927%
2020-04-09 02:39:19, 	Binance     , 	Poloniex    , 	STRAT/BTC, 	3.922e-05, 	250.0, 	3.893e-05, 	0.99264676, 	0.744927%, 	0.190000%, 	0.554927%
2020-04-09 02:39:34, 	Binance     , 	Poloniex    , 	STRAT/BTC, 	3.923e-05, 	37.0, 	3.893e-05, 	0.99264676, 	0.770614%, 	0.190000%, 	0.580614%
2020-04-09 02:39:49, 	Binance     , 	Poloniex    , 	STRAT/BTC, 	3.922e-05, 	250.0, 	3.893e-05, 	0.99264676, 	0.744927%, 	0.190000%, 	0.554927%
2020-04-09 02:40:04, 	Binance     , 	Poloniex    , 	STRAT/BTC, 	3.923e-05, 	37.0, 	3.893e-05, 	0.99264676, 	0.770614%, 	0.190000%, 	0.580614%
2020-04-09 02:40:19, 	Binance     , 	Poloniex    , 	STRAT/BTC, 	3.922e-05, 	250.0, 	3.893e-05, 	0.99264676, 	0.744927%, 	0.190000%, 	0.554927%
2020-04-09 02:40:34, 	Binance     , 	Poloniex    , 	STRAT/BTC, 	3.922e-05, 	250.0, 	3.893e-05, 	0.99264676, 	0.744927%, 	0.190000%, 	0.554927%
2020-04-09 02:40:49, 	Binance     , 	Poloniex    , 	STRAT/BTC, 	3.922e-05, 	250.0, 	3.893e-05, 	0.99264676, 	0.744927%, 	0.190000%, 	0.554927%
2020-04-09 02:41:04, 	Binance     , 	Poloniex    , 	STRAT/BTC, 	3.922e-05, 	250.0, 	3.893e-05, 	0.99264676, 	0.744927%, 	0.190000%, 	0.554927%
2020-04-09 02:41:19, 	Binance     , 	Poloniex    , 	STRAT/BTC, 	3.924e-05, 	37.0, 	3.893e-05, 	0.99264676, 	0.796301%, 	0.190000%, 	0.606301%
2020-04-09 02:41:34, 	Binance     , 	Poloniex    , 	STRAT/BTC, 	3.923e-05, 	37.0, 	3.893e-05, 	0.99264676, 	0.770614%, 	0.190000%, 	0.580614%
2020-04-09 02:41:49, 	Binance     , 	Poloniex    , 	STRAT/BTC, 	3.924e-05, 	1548.0, 	3.893e-05, 	0.99264676, 	0.796301%, 	0.190000%, 	0.606301%
2020-04-09 02:42:04, 	Binance     , 	Poloniex    , 	STRAT/BTC, 	3.923e-05, 	6086.0, 	3.893e-05, 	0.99264676, 	0.770614%, 	0.190000%, 	0.580614%
2020-04-09 02:42:19, 	Binance     , 	Poloniex    , 	STRAT/BTC, 	3.924e-05, 	4548.0, 	3.893e-05, 	0.99264676, 	0.796301%, 	0.190000%, 	0.606301%
2020-04-09 02:42:34, 	Binance     , 	Poloniex    , 	STRAT/BTC, 	3.922e-05, 	250.0, 	3.893e-05, 	0.99264676, 	0.744927%, 	0.190000%, 	0.554927%
2020-04-09 02:42:49, 	Binance     , 	Poloniex    , 	STRAT/BTC, 	3.922e-05, 	250.0, 	3.893e-05, 	0.99264676, 	0.744927%, 	0.190000%, 	0.554927%
2020-04-09 02:43:04, 	Binance     , 	Poloniex    , 	STRAT/BTC, 	3.922e-05, 	250.0, 	3.893e-05, 	0.99264676, 	0.744927%, 	0.190000%, 	0.554927%
2020-04-09 02:43:19, 	Binance     , 	Poloniex    , 	STRAT/BTC, 	3.922e-05, 	250.0, 	3.893e-05, 	0.99264676, 	0.744927%, 	0.190000%, 	0.554927%
2020-04-09 02:43:34, 	Binance     , 	Poloniex    , 	STRAT/BTC, 	3.922e-05, 	250.0, 	3.893e-05, 	0.99264676, 	0.744927%, 	0.190000%, 	0.554927%
2020-04-09 02:43:49, 	Binance     , 	Poloniex    , 	STRAT/BTC, 	3.922e-05, 	250.0, 	3.893e-05, 	0.99264676, 	0.744927%, 	0.190000%, 	0.554927%
2020-04-09 02:44:04, 	Binance     , 	Poloniex    , 	STRAT/BTC, 	3.922e-05, 	250.0, 	3.893e-05, 	0.99264676, 	0.744927%, 	0.190000%, 	0.554927%
2020-04-09 02:44:19, 	Binance     , 	Poloniex    , 	STRAT/BTC, 	3.922e-05, 	250.0, 	3.893e-05, 	0.99264676, 	0.744927%, 	0.190000%, 	0.554927%
2020-04-09 02:44:34, 	Binance     , 	Poloniex    , 	STRAT/BTC, 	3.923e-05, 	95.0, 	3.893e-05, 	0.99264676, 	0.770614%, 	0.190000%, 	0.580614%
2020-04-09 02:44:49, 	Binance     , 	Poloniex    , 	STRAT/BTC, 	3.923e-05, 	190.0, 	3.893e-05, 	0.99264676, 	0.770614%, 	0.190000%, 	0.580614%
2020-04-09 02:45:04, 	Binance     , 	Poloniex    , 	STRAT/BTC, 	3.922e-05, 	250.0, 	3.893e-05, 	0.99264676, 	0.744927%, 	0.190000%, 	0.554927%
2020-04-09 02:45:19, 	Binance     , 	Poloniex    , 	STRAT/BTC, 	3.922e-05, 	250.0, 	3.893e-05, 	0.99264676, 	0.744927%, 	0.190000%, 	0.554927%
2020-04-09 02:45:34, 	Binance     , 	Poloniex    , 	STRAT/BTC, 	3.922e-05, 	250.0, 	3.893e-05, 	0.99264676, 	0.744927%, 	0.190000%, 	0.554927%
2020-04-09 02:45:49, 	Binance     , 	Poloniex    , 	STRAT/BTC, 	3.922e-05, 	250.0, 	3.893e-05, 	0.99264676, 	0.744927%, 	0.190000%, 	0.554927%
2020-04-09 02:46:04, 	Binance     , 	Poloniex    , 	STRAT/BTC, 	3.922e-05, 	250.0, 	3.893e-05, 	0.99264676, 	0.744927%, 	0.190000%, 	0.554927%
2020-04-09 02:46:19, 	Binance     , 	Poloniex    , 	STRAT/BTC, 	3.923e-05, 	3.0, 	3.893e-05, 	0.99264676, 	0.770614%, 	0.190000%, 	0.580614%
2020-04-09 02:46:34, 	Binance     , 	Poloniex    , 	STRAT/BTC, 	3.923e-05, 	3.0, 	3.893e-05, 	0.99264676, 	0.770614%, 	0.190000%, 	0.580614%
2020-04-09 02:46:49, 	Binance     , 	Poloniex    , 	STRAT/BTC, 	3.923e-05, 	3.0, 	3.893e-05, 	0.99264676, 	0.770614%, 	0.190000%, 	0.580614%
2020-04-09 02:47:04, 	Binance     , 	Poloniex    , 	STRAT/BTC, 	3.923e-05, 	3.0, 	3.893e-05, 	0.99264676, 	0.770614%, 	0.190000%, 	0.580614%
2020-04-09 02:47:19, 	Binance     , 	Poloniex    , 	STRAT/BTC, 	3.923e-05, 	3.0, 	3.893e-05, 	0.99264676, 	0.770614%, 	0.190000%, 	0.580614%
2020-04-09 02:47:34, 	Binance     , 	Poloniex    , 	STRAT/BTC, 	3.923e-05, 	3.0, 	3.893e-05, 	0.99264676, 	0.770614%, 	0.190000%, 	0.580614%
2020-04-09 02:47:49, 	Binance     , 	Poloniex    , 	STRAT/BTC, 	3.923e-05, 	3.0, 	3.893e-05, 	0.99264676, 	0.770614%, 	0.190000%, 	0.580614%
2020-04-09 02:48:04, 	Binance     , 	Poloniex    , 	STRAT/BTC, 	3.923e-05, 	3.0, 	3.893e-05, 	0.99264676, 	0.770614%, 	0.190000%, 	0.580614%
2020-04-09 02:48:19, 	Binance     , 	Poloniex    , 	STRAT/BTC, 	3.922e-05, 	250.0, 	3.893e-05, 	0.99264676, 	0.744927%, 	0.190000%, 	0.554927%
2020-04-09 02:48:34, 	Binance     , 	Poloniex    , 	STRAT/BTC, 	3.922e-05, 	250.0, 	3.893e-05, 	0.99264676, 	0.744927%, 	0.190000%, 	0.554927%
2020-04-09 02:48:49, 	Binance     , 	Poloniex    , 	STRAT/BTC, 	3.922e-05, 	250.0, 	3.893e-05, 	0.99264676, 	0.744927%, 	0.190000%, 	0.554927%
2020-04-09 02:49:04, 	Binance     , 	Poloniex    , 	STRAT/BTC, 	3.922e-05, 	250.0, 	3.893e-05, 	0.99264676, 	0.744927%, 	0.190000%, 	0.554927%
2020-04-09 02:49:19, 	Binance     , 	Poloniex    , 	STRAT/BTC, 	3.922e-05, 	250.0, 	3.893e-05, 	0.99264676, 	0.744927%, 	0.190000%, 	0.554927%
2020-04-09 02:49:34, 	Binance     , 	Poloniex    , 	STRAT/BTC, 	3.922e-05, 	250.0, 	3.893e-05, 	0.99264676, 	0.744927%, 	0.190000%, 	0.554927%
2020-04-09 02:49:49, 	Binance     , 	Poloniex    , 	STRAT/BTC, 	3.922e-05, 	250.0, 	3.893e-05, 	0.99264676, 	0.744927%, 	0.190000%, 	0.554927%
2020-04-09 02:50:04, 	Binance     , 	Poloniex    , 	STRAT/BTC, 	3.922e-05, 	250.0, 	3.893e-05, 	0.99264676, 	0.744927%, 	0.190000%, 	0.554927%
2020-04-09 02:50:19, 	Binance     , 	Poloniex    , 	STRAT/BTC, 	3.922e-05, 	250.0, 	3.893e-05, 	0.99264676, 	0.744927%, 	0.190000%, 	0.554927%
2020-04-09 02:50:34, 	Binance     , 	Poloniex    , 	STRAT/BTC, 	3.922e-05, 	250.0, 	3.893e-05, 	0.99264676, 	0.744927%, 	0.190000%, 	0.554927%
2020-04-09 02:50:49, 	Binance     , 	Poloniex    , 	STRAT/BTC, 	3.922e-05, 	250.0, 	3.893e-05, 	0.99264676, 	0.744927%, 	0.190000%, 	0.554927%
2020-04-09 02:51:04, 	Binance     , 	Poloniex    , 	STRAT/BTC, 	3.922e-05, 	250.0, 	3.893e-05, 	0.99264676, 	0.744927%, 	0.190000%, 	0.554927%
2020-04-09 02:51:19, 	Binance     , 	Poloniex    , 	STRAT/BTC, 	3.922e-05, 	250.0, 	3.893e-05, 	0.99264676, 	0.744927%, 	0.190000%, 	0.554927%
2020-04-09 02:51:34, 	Binance     , 	Poloniex    , 	STRAT/BTC, 	3.917e-05, 	10.0, 	3.893e-05, 	0.99264676, 	0.616491%, 	0.190000%, 	0.426491%
2020-04-09 02:51:49, 	Binance     , 	Poloniex    , 	STRAT/BTC, 	3.917e-05, 	10.0, 	3.893e-05, 	0.99264676, 	0.616491%, 	0.190000%, 	0.426491%
2020-04-09 02:52:04, 	Binance     , 	Poloniex    , 	STRAT/BTC, 	3.917e-05, 	10.0, 	3.893e-05, 	0.99264676, 	0.616491%, 	0.190000%, 	0.426491%
2020-04-09 02:52:19, 	Binance     , 	Poloniex    , 	STRAT/BTC, 	3.917e-05, 	10.0, 	3.893e-05, 	0.99264676, 	0.616491%, 	0.190000%, 	0.426491%
2020-04-09 02:52:34, 	Binance     , 	Poloniex    , 	STRAT/BTC, 	3.917e-05, 	10.0, 	3.893e-05, 	0.99264676, 	0.616491%, 	0.190000%, 	0.426491%
2020-04-09 02:52:49, 	Binance     , 	Poloniex    , 	STRAT/BTC, 	3.917e-05, 	10.0, 	3.893e-05, 	0.99264676, 	0.616491%, 	0.190000%, 	0.426491%
2020-04-09 02:53:04, 	Binance     , 	Poloniex    , 	STRAT/BTC, 	3.917e-05, 	10.0, 	3.893e-05, 	0.99264676, 	0.616491%, 	0.190000%, 	0.426491%
2020-04-09 02:53:19, 	Binance     , 	Poloniex    , 	STRAT/BTC, 	3.917e-05, 	10.0, 	3.893e-05, 	0.99264676, 	0.616491%, 	0.190000%, 	0.426491%
2020-04-09 02:53:34, 	Binance     , 	Poloniex    , 	STRAT/BTC, 	3.917e-05, 	10.0, 	3.893e-05, 	0.99264676, 	0.616491%, 	0.190000%, 	0.426491%
2020-04-09 02:53:49, 	Binance     , 	Poloniex    , 	STRAT/BTC, 	3.917e-05, 	10.0, 	3.893e-05, 	0.99264676, 	0.616491%, 	0.190000%, 	0.426491%
2020-04-09 02:54:04, 	Binance     , 	Poloniex    , 	STRAT/BTC, 	3.917e-05, 	10.0, 	3.893e-05, 	0.99264676, 	0.616491%, 	0.190000%, 	0.426491%
2020-04-09 02:54:19, 	Binance     , 	Poloniex    , 	STRAT/BTC, 	3.917e-05, 	10.0, 	3.893e-05, 	0.99264676, 	0.616491%, 	0.190000%, 	0.426491%
2020-04-09 02:54:34, 	Binance     , 	Poloniex    , 	STRAT/BTC, 	3.917e-05, 	10.0, 	3.893e-05, 	0.99264676, 	0.616491%, 	0.190000%, 	0.426491%
2020-04-09 02:54:49, 	Binance     , 	Poloniex    , 	STRAT/BTC, 	3.917e-05, 	10.0, 	3.893e-05, 	0.99264676, 	0.616491%, 	0.190000%, 	0.426491%
2020-04-09 02:55:04, 	Binance     , 	Poloniex    , 	STRAT/BTC, 	3.917e-05, 	10.0, 	3.893e-05, 	0.99264676, 	0.616491%, 	0.190000%, 	0.426491%
2020-04-09 02:55:19, 	Binance     , 	Poloniex    , 	STRAT/BTC, 	3.917e-05, 	10.0, 	3.893e-05, 	0.99264676, 	0.616491%, 	0.190000%, 	0.426491%
2020-04-09 02:55:34, 	Binance     , 	Poloniex    , 	STRAT/BTC, 	3.917e-05, 	10.0, 	3.893e-05, 	0.99264676, 	0.616491%, 	0.190000%, 	0.426491%
2020-04-09 02:55:49, 	Binance     , 	Poloniex    , 	STRAT/BTC, 	3.917e-05, 	10.0, 	3.893e-05, 	0.99264676, 	0.616491%, 	0.190000%, 	0.426491%
2020-04-09 02:56:04, 	Binance     , 	Poloniex    , 	STRAT/BTC, 	3.917e-05, 	10.0, 	3.893e-05, 	0.99264676, 	0.616491%, 	0.190000%, 	0.426491%
2020-04-09 02:56:19, 	Binance     , 	Poloniex    , 	STRAT/BTC, 	3.917e-05, 	10.0, 	3.893e-05, 	0.99264676, 	0.616491%, 	0.190000%, 	0.426491%
2020-04-09 02:56:34, 	Binance     , 	Poloniex    , 	STRAT/BTC, 	3.917e-05, 	10.0, 	3.893e-05, 	0.99264676, 	0.616491%, 	0.190000%, 	0.426491%
2020-04-09 02:56:49, 	Binance     , 	Poloniex    , 	STRAT/BTC, 	3.917e-05, 	10.0, 	3.893e-05, 	0.99264676, 	0.616491%, 	0.190000%, 	0.426491%
2020-04-09 02:57:04, 	Binance     , 	Poloniex    , 	STRAT/BTC, 	3.917e-05, 	10.0, 	3.893e-05, 	0.99264676, 	0.616491%, 	0.190000%, 	0.426491%
2020-04-09 02:57:19, 	Binance     , 	Poloniex    , 	STRAT/BTC, 	3.917e-05, 	10.0, 	3.893e-05, 	0.99264676, 	0.616491%, 	0.190000%, 	0.426491%
2020-04-09 02:57:34, 	Binance     , 	Poloniex    , 	STRAT/BTC, 	3.917e-05, 	5.0, 	3.893e-05, 	0.99264676, 	0.616491%, 	0.190000%, 	0.426491%
2020-04-09 02:57:49, 	Binance     , 	Poloniex    , 	STRAT/BTC, 	3.917e-05, 	5.0, 	3.893e-05, 	0.99264676, 	0.616491%, 	0.190000%, 	0.426491%
2020-04-09 02:58:04, 	Binance     , 	Poloniex    , 	STRAT/BTC, 	3.914e-05, 	18.0, 	3.893e-05, 	0.99264676, 	0.539430%, 	0.190000%, 	0.349430%
2020-04-09 02:58:19, 	Binance     , 	Poloniex    , 	STRAT/BTC, 	3.914e-05, 	18.0, 	3.893e-05, 	0.99264676, 	0.539430%, 	0.190000%, 	0.349430%
2020-04-09 02:58:34, 	Binance     , 	Poloniex    , 	STRAT/BTC, 	3.914e-05, 	18.0, 	3.893e-05, 	0.99264676, 	0.539430%, 	0.190000%, 	0.349430%
2020-04-09 02:58:49, 	Binance     , 	Poloniex    , 	STRAT/BTC, 	3.914e-05, 	18.0, 	3.893e-05, 	0.99264676, 	0.539430%, 	0.190000%, 	0.349430%
2020-04-09 02:59:04, 	Binance     , 	Poloniex    , 	STRAT/BTC, 	3.914e-05, 	18.0, 	3.893e-05, 	0.99264676, 	0.539430%, 	0.190000%, 	0.349430%
2020-04-09 02:59:19, 	Binance     , 	Poloniex    , 	STRAT/BTC, 	3.914e-05, 	18.0, 	3.893e-05, 	0.99264676, 	0.539430%, 	0.190000%, 	0.349430%
2020-04-09 02:59:34, 	Binance     , 	Poloniex    , 	STRAT/BTC, 	3.914e-05, 	18.0, 	3.893e-05, 	0.99264676, 	0.539430%, 	0.190000%, 	0.349430%
2020-04-09 02:59:49, 	Binance     , 	Poloniex    , 	STRAT/BTC, 	3.914e-05, 	18.0, 	3.893e-05, 	0.99264676, 	0.539430%, 	0.190000%, 	0.349430%
2020-04-09 03:00:04, 	Binance     , 	Poloniex    , 	STRAT/BTC, 	3.914e-05, 	18.0, 	3.893e-05, 	0.99264676, 	0.539430%, 	0.190000%, 	0.349430%
2020-04-09 03:00:19, 	Binance     , 	Poloniex    , 	STRAT/BTC, 	3.914e-05, 	18.0, 	3.893e-05, 	0.99264676, 	0.539430%, 	0.190000%, 	0.349430%
2020-04-09 03:00:34, 	Binance     , 	Poloniex    , 	STRAT/BTC, 	3.914e-05, 	18.0, 	3.893e-05, 	0.99264676, 	0.539430%, 	0.190000%, 	0.349430%
2020-04-09 03:00:49, 	Binance     , 	Poloniex    , 	STRAT/BTC, 	3.914e-05, 	18.0, 	3.893e-05, 	0.99264676, 	0.539430%, 	0.190000%, 	0.349430%
2020-04-09 03:01:04, 	Binance     , 	Poloniex    , 	STRAT/BTC, 	3.914e-05, 	226.0, 	3.893e-05, 	0.99264676, 	0.539430%, 	0.190000%, 	0.349430%
2020-04-09 03:01:19, 	Binance     , 	Poloniex    , 	STRAT/BTC, 	3.914e-05, 	226.0, 	3.893e-05, 	0.99264676, 	0.539430%, 	0.190000%, 	0.349430%
2020-04-09 03:01:34, 	Binance     , 	Poloniex    , 	STRAT/BTC, 	3.914e-05, 	226.0, 	3.893e-05, 	0.99264676, 	0.539430%, 	0.190000%, 	0.349430%
2020-04-09 03:01:49, 	Binance     , 	Poloniex    , 	STRAT/BTC, 	3.914e-05, 	226.0, 	3.893e-05, 	0.99264676, 	0.539430%, 	0.190000%, 	0.349430%
2020-04-09 03:02:04, 	Binance     , 	Poloniex    , 	STRAT/BTC, 	3.914e-05, 	226.0, 	3.893e-05, 	0.99264676, 	0.539430%, 	0.190000%, 	0.349430%
2020-04-09 03:02:19, 	Binance     , 	Poloniex    , 	STRAT/BTC, 	3.914e-05, 	226.0, 	3.893e-05, 	0.99264676, 	0.539430%, 	0.190000%, 	0.349430%
2020-04-09 03:02:34, 	Binance     , 	Poloniex    , 	STRAT/BTC, 	3.914e-05, 	226.0, 	3.893e-05, 	0.99264676, 	0.539430%, 	0.190000%, 	0.349430%
2020-04-09 03:02:49, 	Binance     , 	Poloniex    , 	STRAT/BTC, 	3.914e-05, 	226.0, 	3.893e-05, 	0.99264676, 	0.539430%, 	0.190000%, 	0.349430%
2020-04-09 03:03:04, 	Binance     , 	Poloniex    , 	STRAT/BTC, 	3.914e-05, 	226.0, 	3.893e-05, 	0.99264676, 	0.539430%, 	0.190000%, 	0.349430%
2020-04-09 03:03:19, 	Binance     , 	Poloniex    , 	STRAT/BTC, 	3.914e-05, 	226.0, 	3.893e-05, 	0.99264676, 	0.539430%, 	0.190000%, 	0.349430%
2020-04-09 03:03:34, 	Binance     , 	Poloniex    , 	STRAT/BTC, 	3.914e-05, 	226.0, 	3.893e-05, 	0.99264676, 	0.539430%, 	0.190000%, 	0.349430%
2020-04-09 03:03:49, 	Binance     , 	Poloniex    , 	STRAT/BTC, 	3.914e-05, 	226.0, 	3.893e-05, 	0.99264676, 	0.539430%, 	0.190000%, 	0.349430%
2020-04-09 03:04:04, 	Binance     , 	Poloniex    , 	STRAT/BTC, 	3.914e-05, 	226.0, 	3.893e-05, 	0.99264676, 	0.539430%, 	0.190000%, 	0.349430%
2020-04-09 03:04:19, 	Binance     , 	Poloniex    , 	STRAT/BTC, 	3.914e-05, 	226.0, 	3.893e-05, 	0.99264676, 	0.539430%, 	0.190000%, 	0.349430%
2020-04-09 03:04:34, 	Binance     , 	Poloniex    , 	STRAT/BTC, 	3.914e-05, 	226.0, 	3.893e-05, 	0.99264676, 	0.539430%, 	0.190000%, 	0.349430%
2020-04-09 03:04:49, 	Binance     , 	Poloniex    , 	STRAT/BTC, 	3.914e-05, 	226.0, 	3.893e-05, 	0.99264676, 	0.539430%, 	0.190000%, 	0.349430%
2020-04-09 03:05:04, 	Binance     , 	Poloniex    , 	STRAT/BTC, 	3.914e-05, 	226.0, 	3.893e-05, 	0.99264676, 	0.539430%, 	0.190000%, 	0.349430%
2020-04-09 03:05:19, 	Binance     , 	Poloniex    , 	STRAT/BTC, 	3.914e-05, 	226.0, 	3.893e-05, 	0.99264676, 	0.539430%, 	0.190000%, 	0.349430%
2020-04-09 03:05:34, 	Binance     , 	Poloniex    , 	STRAT/BTC, 	3.914e-05, 	226.0, 	3.893e-05, 	0.99264676, 	0.539430%, 	0.190000%, 	0.349430%
2020-04-09 03:05:49, 	Binance     , 	Poloniex    , 	STRAT/BTC, 	3.914e-05, 	226.0, 	3.893e-05, 	0.99264676, 	0.539430%, 	0.190000%, 	0.349430%
2020-04-09 03:06:04, 	Binance     , 	Poloniex    , 	STRAT/BTC, 	3.914e-05, 	226.0, 	3.893e-05, 	0.99264676, 	0.539430%, 	0.190000%, 	0.349430%
2020-04-09 03:06:20, 	Binance     , 	Poloniex    , 	STRAT/BTC, 	3.914e-05, 	226.0, 	3.893e-05, 	0.99264676, 	0.539430%, 	0.190000%, 	0.349430%
2020-04-09 03:06:35, 	Binance     , 	Poloniex    , 	STRAT/BTC, 	3.914e-05, 	226.0, 	3.893e-05, 	0.99264676, 	0.539430%, 	0.190000%, 	0.349430%
2020-04-09 03:06:50, 	Binance     , 	Poloniex    , 	STRAT/BTC, 	3.914e-05, 	226.0, 	3.893e-05, 	0.99264676, 	0.539430%, 	0.190000%, 	0.349430%
2020-04-09 03:07:05, 	Binance     , 	Poloniex    , 	STRAT/BTC, 	3.914e-05, 	226.0, 	3.893e-05, 	0.99264676, 	0.539430%, 	0.190000%, 	0.349430%
2020-04-09 03:07:20, 	Binance     , 	Poloniex    , 	STRAT/BTC, 	3.914e-05, 	226.0, 	3.893e-05, 	0.99264676, 	0.539430%, 	0.190000%, 	0.349430%
2020-04-09 03:07:35, 	Binance     , 	Poloniex    , 	STRAT/BTC, 	3.915e-05, 	9.0, 	3.893e-05, 	0.99264676, 	0.565117%, 	0.190000%, 	0.375117%
2020-04-09 03:07:50, 	Binance     , 	Poloniex    , 	STRAT/BTC, 	3.915e-05, 	9.0, 	3.893e-05, 	0.99264676, 	0.565117%, 	0.190000%, 	0.375117%
2020-04-09 03:08:05, 	Binance     , 	Poloniex    , 	STRAT/BTC, 	3.915e-05, 	9.0, 	3.893e-05, 	0.99264676, 	0.565117%, 	0.190000%, 	0.375117%
2020-04-09 03:08:20, 	Binance     , 	Poloniex    , 	STRAT/BTC, 	3.921e-05, 	51.0, 	3.938e-05, 	30.71958742, 	-0.431691%, 	0.190000%, 	-0.621691%
2020-04-09 23:03:48, 	Binance     , 	Poloniex    , 	STRAT/BTC, 	4.02e-05, 	45.0, 	4.004e-05, 	0.1146462, 	0.399600%, 	0.190000%, 	0.209600%
2020-04-09 23:04:03, 	Binance     , 	Poloniex    , 	STRAT/BTC, 	4.02e-05, 	45.0, 	4.004e-05, 	0.1146462, 	0.399600%, 	0.190000%, 	0.209600%
2020-04-09 23:04:18, 	Binance     , 	Poloniex    , 	STRAT/BTC, 	4.02e-05, 	45.0, 	4.004e-05, 	0.1146462, 	0.399600%, 	0.190000%, 	0.209600%
2020-04-09 23:04:33, 	Binance     , 	Poloniex    , 	STRAT/BTC, 	4.02e-05, 	45.0, 	4.004e-05, 	0.1146462, 	0.399600%, 	0.190000%, 	0.209600%
2020-04-09 23:04:48, 	Binance     , 	Poloniex    , 	STRAT/BTC, 	4.02e-05, 	45.0, 	4.004e-05, 	0.1146462, 	0.399600%, 	0.190000%, 	0.209600%
2020-04-09 23:05:03, 	Binance     , 	Poloniex    , 	STRAT/BTC, 	4.02e-05, 	45.0, 	4.004e-05, 	0.1146462, 	0.399600%, 	0.190000%, 	0.209600%
2020-04-09 23:05:18, 	Binance     , 	Poloniex    , 	STRAT/BTC, 	4.02e-05, 	45.0, 	4.004e-05, 	0.1146462, 	0.399600%, 	0.190000%, 	0.209600%
2020-04-09 23:05:33, 	Binance     , 	Poloniex    , 	STRAT/BTC, 	4.02e-05, 	45.0, 	4.004e-05, 	0.1146462, 	0.399600%, 	0.190000%, 	0.209600%
2020-04-09 23:05:48, 	Binance     , 	Poloniex    , 	STRAT/BTC, 	4.02e-05, 	45.0, 	4.004e-05, 	0.1146462, 	0.399600%, 	0.190000%, 	0.209600%
2020-04-09 23:06:03, 	Binance     , 	Poloniex    , 	STRAT/BTC, 	4.02e-05, 	45.0, 	4.004e-05, 	0.1146462, 	0.399600%, 	0.190000%, 	0.209600%
2020-04-09 23:06:18, 	Binance     , 	Poloniex    , 	STRAT/BTC, 	4.02e-05, 	45.0, 	4.004e-05, 	0.1146462, 	0.399600%, 	0.190000%, 	0.209600%
2020-04-09 23:06:33, 	Binance     , 	Poloniex    , 	STRAT/BTC, 	4.02e-05, 	45.0, 	4.004e-05, 	0.1146462, 	0.399600%, 	0.190000%, 	0.209600%
2020-04-09 23:06:48, 	Binance     , 	Poloniex    , 	STRAT/BTC, 	4.02e-05, 	45.0, 	4.004e-05, 	0.1146462, 	0.399600%, 	0.190000%, 	0.209600%
2020-04-09 23:07:03, 	Binance     , 	Poloniex    , 	STRAT/BTC, 	4.02e-05, 	45.0, 	4.004e-05, 	0.1146462, 	0.399600%, 	0.190000%, 	0.209600%
2020-04-09 23:07:18, 	Binance     , 	Poloniex    , 	STRAT/BTC, 	4.012e-05, 	16.0, 	4.004e-05, 	0.1146462, 	0.199800%, 	0.190000%, 	0.009800%
2020-04-09 23:07:33, 	Binance     , 	Poloniex    , 	STRAT/BTC, 	4.012e-05, 	16.0, 	4.004e-05, 	0.1146462, 	0.199800%, 	0.190000%, 	0.009800%
2020-04-09 23:07:48, 	Binance     , 	Poloniex    , 	STRAT/BTC, 	4.012e-05, 	16.0, 	4.004e-05, 	0.1146462, 	0.199800%, 	0.190000%, 	0.009800%
2020-04-09 23:08:03, 	Binance     , 	Poloniex    , 	STRAT/BTC, 	4.012e-05, 	16.0, 	4.004e-05, 	0.1146462, 	0.199800%, 	0.190000%, 	0.009800%
2020-04-09 23:08:18, 	Binance     , 	Poloniex    , 	STRAT/BTC, 	4.012e-05, 	16.0, 	4.004e-05, 	0.1146462, 	0.199800%, 	0.190000%, 	0.009800%
2020-04-09 23:08:33, 	Binance     , 	Poloniex    , 	STRAT/BTC, 	4.012e-05, 	62.0, 	4.004e-05, 	0.1146462, 	0.199800%, 	0.190000%, 	0.009800%
2020-04-09 23:08:48, 	Binance     , 	Poloniex    , 	STRAT/BTC, 	4.014e-05, 	250.0, 	4.004e-05, 	0.1146462, 	0.249750%, 	0.190000%, 	0.059750%
2020-04-09 23:09:03, 	Binance     , 	Poloniex    , 	STRAT/BTC, 	4.014e-05, 	250.0, 	4.004e-05, 	0.1146462, 	0.249750%, 	0.190000%, 	0.059750%
2020-04-09 23:09:18, 	Binance     , 	Poloniex    , 	STRAT/BTC, 	4.014e-05, 	250.0, 	4.004e-05, 	0.1146462, 	0.249750%, 	0.190000%, 	0.059750%
2020-04-09 23:09:33, 	Binance     , 	Poloniex    , 	STRAT/BTC, 	4.014e-05, 	250.0, 	4.004e-05, 	0.1146462, 	0.249750%, 	0.190000%, 	0.059750%
2020-04-09 23:09:48, 	Binance     , 	Poloniex    , 	STRAT/BTC, 	4.014e-05, 	250.0, 	4.004e-05, 	0.1146462, 	0.249750%, 	0.190000%, 	0.059750%
2020-04-09 23:10:03, 	Binance     , 	Poloniex    , 	STRAT/BTC, 	4.014e-05, 	250.0, 	4.004e-05, 	0.1146462, 	0.249750%, 	0.190000%, 	0.059750%
2020-04-09 23:10:18, 	Binance     , 	Poloniex    , 	STRAT/BTC, 	4.014e-05, 	250.0, 	4.004e-05, 	0.1146462, 	0.249750%, 	0.190000%, 	0.059750%
2020-04-09 23:10:33, 	Binance     , 	Poloniex    , 	STRAT/BTC, 	4.014e-05, 	250.0, 	4.004e-05, 	0.1146462, 	0.249750%, 	0.190000%, 	0.059750%
2020-04-09 23:10:48, 	Binance     , 	Poloniex    , 	STRAT/BTC, 	4.014e-05, 	250.0, 	4.004e-05, 	0.1146462, 	0.249750%, 	0.190000%, 	0.059750%
2020-04-09 23:11:03, 	Binance     , 	Poloniex    , 	STRAT/BTC, 	4.014e-05, 	250.0, 	4.004e-05, 	0.1146462, 	0.249750%, 	0.190000%, 	0.059750%
2020-04-09 23:11:18, 	Binance     , 	Poloniex    , 	STRAT/BTC, 	4.015e-05, 	46.0, 	4.004e-05, 	0.1146462, 	0.274725%, 	0.190000%, 	0.084725%
2020-04-09 23:11:33, 	Binance     , 	Poloniex    , 	STRAT/BTC, 	4.015e-05, 	46.0, 	4.004e-05, 	0.1146462, 	0.274725%, 	0.190000%, 	0.084725%
2020-04-09 23:11:48, 	Binance     , 	Poloniex    , 	STRAT/BTC, 	4.014e-05, 	250.0, 	4.004e-05, 	0.1146462, 	0.249750%, 	0.190000%, 	0.059750%
2020-04-09 23:12:03, 	Binance     , 	Poloniex    , 	STRAT/BTC, 	4.014e-05, 	250.0, 	4.004e-05, 	0.1146462, 	0.249750%, 	0.190000%, 	0.059750%
2020-04-09 23:12:18, 	Binance     , 	Poloniex    , 	STRAT/BTC, 	4.014e-05, 	250.0, 	4.004e-05, 	0.1146462, 	0.249750%, 	0.190000%, 	0.059750%
2020-04-09 23:12:33, 	Binance     , 	Poloniex    , 	STRAT/BTC, 	4.014e-05, 	250.0, 	4.004e-05, 	0.1146462, 	0.249750%, 	0.190000%, 	0.059750%
2020-04-09 23:12:48, 	Binance     , 	Poloniex    , 	STRAT/BTC, 	4.014e-05, 	250.0, 	4.004e-05, 	0.1146462, 	0.249750%, 	0.190000%, 	0.059750%
2020-04-09 23:13:03, 	Binance     , 	Poloniex    , 	STRAT/BTC, 	4.014e-05, 	250.0, 	4.004e-05, 	0.1146462, 	0.249750%, 	0.190000%, 	0.059750%
2020-04-09 23:13:18, 	Binance     , 	Poloniex    , 	STRAT/BTC, 	4.014e-05, 	250.0, 	4.004e-05, 	0.1146462, 	0.249750%, 	0.190000%, 	0.059750%
2020-04-09 23:13:33, 	Binance     , 	Poloniex    , 	STRAT/BTC, 	4.014e-05, 	250.0, 	4.004e-05, 	0.1146462, 	0.249750%, 	0.190000%, 	0.059750%
2020-04-09 23:13:48, 	Binance     , 	Poloniex    , 	STRAT/BTC, 	4.014e-05, 	250.0, 	4.004e-05, 	0.1146462, 	0.249750%, 	0.190000%, 	0.059750%
2020-04-09 23:14:04, 	Binance     , 	Poloniex    , 	STRAT/BTC, 	4.014e-05, 	250.0, 	4.004e-05, 	0.1146462, 	0.249750%, 	0.190000%, 	0.059750%
2020-04-09 23:14:19, 	Binance     , 	Poloniex    , 	STRAT/BTC, 	4.014e-05, 	250.0, 	4.004e-05, 	0.1146462, 	0.249750%, 	0.190000%, 	0.059750%
2020-04-09 23:14:34, 	Binance     , 	Poloniex    , 	STRAT/BTC, 	4.014e-05, 	250.0, 	4.004e-05, 	0.1146462, 	0.249750%, 	0.190000%, 	0.059750%
2020-04-09 23:14:49, 	Binance     , 	Poloniex    , 	STRAT/BTC, 	4.014e-05, 	250.0, 	4.004e-05, 	0.1146462, 	0.249750%, 	0.190000%, 	0.059750%
2020-04-09 23:15:04, 	Binance     , 	Poloniex    , 	STRAT/BTC, 	4.014e-05, 	250.0, 	4.004e-05, 	0.1146462, 	0.249750%, 	0.190000%, 	0.059750%
2020-04-09 23:15:19, 	Binance     , 	Poloniex    , 	STRAT/BTC, 	4.014e-05, 	250.0, 	4.004e-05, 	0.1146462, 	0.249750%, 	0.190000%, 	0.059750%
2020-04-09 23:15:34, 	Binance     , 	Poloniex    , 	STRAT/BTC, 	4.014e-05, 	250.0, 	4.004e-05, 	0.1146462, 	0.249750%, 	0.190000%, 	0.059750%
2020-04-09 23:15:49, 	Binance     , 	Poloniex    , 	STRAT/BTC, 	4.014e-05, 	250.0, 	4.004e-05, 	0.1146462, 	0.249750%, 	0.190000%, 	0.059750%
2020-04-09 23:16:04, 	Binance     , 	Poloniex    , 	STRAT/BTC, 	4.014e-05, 	250.0, 	4.004e-05, 	0.1146462, 	0.249750%, 	0.190000%, 	0.059750%
2020-04-09 23:16:19, 	Binance     , 	Poloniex    , 	STRAT/BTC, 	4.014e-05, 	250.0, 	4.004e-05, 	0.1146462, 	0.249750%, 	0.190000%, 	0.059750%
2020-04-09 23:16:34, 	Binance     , 	Poloniex    , 	STRAT/BTC, 	4.014e-05, 	250.0, 	4.004e-05, 	0.1146462, 	0.249750%, 	0.190000%, 	0.059750%
2020-04-09 23:16:49, 	Binance     , 	Poloniex    , 	STRAT/BTC, 	4.014e-05, 	250.0, 	4.004e-05, 	0.1146462, 	0.249750%, 	0.190000%, 	0.059750%
2020-04-09 23:17:04, 	Binance     , 	Poloniex    , 	STRAT/BTC, 	4.014e-05, 	250.0, 	4.004e-05, 	0.1146462, 	0.249750%, 	0.190000%, 	0.059750%
2020-04-09 23:17:19, 	Binance     , 	Poloniex    , 	STRAT/BTC, 	4.014e-05, 	250.0, 	4.004e-05, 	0.1146462, 	0.249750%, 	0.190000%, 	0.059750%
2020-04-09 23:17:34, 	Binance     , 	Poloniex    , 	STRAT/BTC, 	4.014e-05, 	250.0, 	4.004e-05, 	0.1146462, 	0.249750%, 	0.190000%, 	0.059750%
2020-04-09 23:17:49, 	Binance     , 	Poloniex    , 	STRAT/BTC, 	4.014e-05, 	250.0, 	4.004e-05, 	0.1146462, 	0.249750%, 	0.190000%, 	0.059750%
2020-04-09 23:18:04, 	Binance     , 	Poloniex    , 	STRAT/BTC, 	4.03e-05, 	13.0, 	4.004e-05, 	0.1146462, 	0.649351%, 	0.190000%, 	0.459351%
2020-04-09 23:18:19, 	Binance     , 	Poloniex    , 	STRAT/BTC, 	4.03e-05, 	13.0, 	4.004e-05, 	0.1146462, 	0.649351%, 	0.190000%, 	0.459351%
2020-04-09 23:18:34, 	Binance     , 	Poloniex    , 	STRAT/BTC, 	4.03e-05, 	13.0, 	4.004e-05, 	0.1146462, 	0.649351%, 	0.190000%, 	0.459351%
2020-04-09 23:18:49, 	Binance     , 	Poloniex    , 	STRAT/BTC, 	4.03e-05, 	13.0, 	4.004e-05, 	0.1146462, 	0.649351%, 	0.190000%, 	0.459351%
2020-04-09 23:19:04, 	Binance     , 	Poloniex    , 	STRAT/BTC, 	4.03e-05, 	13.0, 	4.004e-05, 	0.1146462, 	0.649351%, 	0.190000%, 	0.459351%
2020-04-09 23:19:19, 	Binance     , 	Poloniex    , 	STRAT/BTC, 	4.03e-05, 	13.0, 	4.004e-05, 	0.1146462, 	0.649351%, 	0.190000%, 	0.459351%
2020-04-09 23:19:34, 	Binance     , 	Poloniex    , 	STRAT/BTC, 	4.029e-05, 	24.0, 	4.004e-05, 	0.1146462, 	0.624376%, 	0.190000%, 	0.434376%
2020-04-09 23:19:49, 	Binance     , 	Poloniex    , 	STRAT/BTC, 	4.029e-05, 	24.0, 	4.004e-05, 	0.1146462, 	0.624376%, 	0.190000%, 	0.434376%
2020-04-09 23:20:04, 	Binance     , 	Poloniex    , 	STRAT/BTC, 	4.029e-05, 	24.0, 	4.004e-05, 	0.1146462, 	0.624376%, 	0.190000%, 	0.434376%
2020-04-09 23:20:19, 	Binance     , 	Poloniex    , 	STRAT/BTC, 	4.029e-05, 	24.0, 	4.004e-05, 	0.1146462, 	0.624376%, 	0.190000%, 	0.434376%
2020-04-09 23:20:34, 	Binance     , 	Poloniex    , 	STRAT/BTC, 	4.029e-05, 	24.0, 	4.004e-05, 	0.1146462, 	0.624376%, 	0.190000%, 	0.434376%
2020-04-09 23:20:49, 	Binance     , 	Poloniex    , 	STRAT/BTC, 	4.029e-05, 	24.0, 	4.004e-05, 	0.1146462, 	0.624376%, 	0.190000%, 	0.434376%
2020-04-09 23:21:04, 	Binance     , 	Poloniex    , 	STRAT/BTC, 	4.029e-05, 	48.0, 	4.004e-05, 	0.1146462, 	0.624376%, 	0.190000%, 	0.434376%
2020-04-09 23:21:19, 	Binance     , 	Poloniex    , 	STRAT/BTC, 	4.029e-05, 	48.0, 	4.004e-05, 	0.1146462, 	0.624376%, 	0.190000%, 	0.434376%
2020-04-09 23:21:34, 	Binance     , 	Poloniex    , 	STRAT/BTC, 	4.029e-05, 	48.0, 	4.004e-05, 	0.1146462, 	0.624376%, 	0.190000%, 	0.434376%
2020-04-09 23:21:49, 	Binance     , 	Poloniex    , 	STRAT/BTC, 	4.029e-05, 	48.0, 	4.004e-05, 	0.1146462, 	0.624376%, 	0.190000%, 	0.434376%
2020-04-09 23:22:04, 	Binance     , 	Poloniex    , 	STRAT/BTC, 	4.029e-05, 	72.0, 	4.004e-05, 	0.1146462, 	0.624376%, 	0.190000%, 	0.434376%
2020-04-09 23:22:19, 	Binance     , 	Poloniex    , 	STRAT/BTC, 	4.029e-05, 	72.0, 	4.004e-05, 	0.1146462, 	0.624376%, 	0.190000%, 	0.434376%
2020-04-09 23:22:34, 	Binance     , 	Poloniex    , 	STRAT/BTC, 	4.029e-05, 	72.0, 	4.004e-05, 	0.1146462, 	0.624376%, 	0.190000%, 	0.434376%
2020-04-09 23:22:49, 	Binance     , 	Poloniex    , 	STRAT/BTC, 	4.029e-05, 	72.0, 	4.004e-05, 	0.1146462, 	0.624376%, 	0.190000%, 	0.434376%
2020-04-09 23:23:04, 	Binance     , 	Poloniex    , 	STRAT/BTC, 	4.029e-05, 	72.0, 	4.004e-05, 	0.1146462, 	0.624376%, 	0.190000%, 	0.434376%
2020-04-09 23:23:19, 	Binance     , 	Poloniex    , 	STRAT/BTC, 	4.029e-05, 	96.0, 	4.004e-05, 	0.1146462, 	0.624376%, 	0.190000%, 	0.434376%
2020-04-09 23:23:34, 	Binance     , 	Poloniex    , 	STRAT/BTC, 	4.029e-05, 	96.0, 	4.004e-05, 	0.1146462, 	0.624376%, 	0.190000%, 	0.434376%
2020-04-09 23:23:49, 	Binance     , 	Poloniex    , 	STRAT/BTC, 	4.029e-05, 	96.0, 	4.004e-05, 	0.1146462, 	0.624376%, 	0.190000%, 	0.434376%
2020-04-09 23:24:04, 	Binance     , 	Poloniex    , 	STRAT/BTC, 	4.029e-05, 	96.0, 	4.004e-05, 	0.1146462, 	0.624376%, 	0.190000%, 	0.434376%
2020-04-09 23:24:19, 	Binance     , 	Poloniex    , 	STRAT/BTC, 	4.029e-05, 	96.0, 	4.004e-05, 	0.1146462, 	0.624376%, 	0.190000%, 	0.434376%
2020-04-09 23:24:34, 	Binance     , 	Poloniex    , 	STRAT/BTC, 	4.029e-05, 	96.0, 	4.004e-05, 	0.1146462, 	0.624376%, 	0.190000%, 	0.434376%
2020-04-09 23:24:49, 	Binance     , 	Poloniex    , 	STRAT/BTC, 	4.029e-05, 	120.0, 	4.004e-05, 	0.1146462, 	0.624376%, 	0.190000%, 	0.434376%
2020-04-09 23:25:04, 	Binance     , 	Poloniex    , 	STRAT/BTC, 	4.029e-05, 	120.0, 	4.004e-05, 	0.1146462, 	0.624376%, 	0.190000%, 	0.434376%
2020-04-09 23:25:19, 	Binance     , 	Poloniex    , 	STRAT/BTC, 	4.029e-05, 	120.0, 	4.004e-05, 	0.1146462, 	0.624376%, 	0.190000%, 	0.434376%
2020-04-09 23:25:34, 	Binance     , 	Poloniex    , 	STRAT/BTC, 	4.029e-05, 	120.0, 	4.004e-05, 	0.1146462, 	0.624376%, 	0.190000%, 	0.434376%
2020-04-09 23:25:49, 	Binance     , 	Poloniex    , 	STRAT/BTC, 	4.029e-05, 	120.0, 	4.004e-05, 	0.1146462, 	0.624376%, 	0.190000%, 	0.434376%
2020-04-09 23:26:04, 	Binance     , 	Poloniex    , 	STRAT/BTC, 	4.029e-05, 	144.0, 	4.004e-05, 	0.1146462, 	0.624376%, 	0.190000%, 	0.434376%
2020-04-09 23:26:19, 	Binance     , 	Poloniex    , 	STRAT/BTC, 	4.029e-05, 	144.0, 	4.004e-05, 	0.1146462, 	0.624376%, 	0.190000%, 	0.434376%
2020-04-09 23:26:34, 	Binance     , 	Poloniex    , 	STRAT/BTC, 	4.029e-05, 	144.0, 	4.004e-05, 	0.1146462, 	0.624376%, 	0.190000%, 	0.434376%
2020-04-09 23:26:49, 	Binance     , 	Poloniex    , 	STRAT/BTC, 	4.029e-05, 	144.0, 	4.004e-05, 	0.1146462, 	0.624376%, 	0.190000%, 	0.434376%
2020-04-09 23:27:04, 	Binance     , 	Poloniex    , 	STRAT/BTC, 	4.029e-05, 	144.0, 	4.004e-05, 	0.1146462, 	0.624376%, 	0.190000%, 	0.434376%
2020-04-09 23:27:19, 	Binance     , 	Poloniex    , 	STRAT/BTC, 	4.029e-05, 	168.0, 	4.004e-05, 	0.1146462, 	0.624376%, 	0.190000%, 	0.434376%
2020-04-09 23:27:34, 	Binance     , 	Poloniex    , 	STRAT/BTC, 	4.029e-05, 	168.0, 	4.004e-05, 	0.1146462, 	0.624376%, 	0.190000%, 	0.434376%
2020-04-09 23:27:49, 	Binance     , 	Poloniex    , 	STRAT/BTC, 	4.029e-05, 	168.0, 	4.004e-05, 	0.1146462, 	0.624376%, 	0.190000%, 	0.434376%
2020-04-09 23:28:04, 	Binance     , 	Poloniex    , 	STRAT/BTC, 	4.029e-05, 	168.0, 	4.004e-05, 	0.1146462, 	0.624376%, 	0.190000%, 	0.434376%
2020-04-09 23:28:19, 	Binance     , 	Poloniex    , 	STRAT/BTC, 	4.029e-05, 	168.0, 	4.004e-05, 	0.1146462, 	0.624376%, 	0.190000%, 	0.434376%
2020-04-09 23:28:34, 	Binance     , 	Poloniex    , 	STRAT/BTC, 	4.029e-05, 	192.0, 	4.004e-05, 	0.1146462, 	0.624376%, 	0.190000%, 	0.434376%
2020-04-09 23:28:49, 	Binance     , 	Poloniex    , 	STRAT/BTC, 	4.029e-05, 	192.0, 	4.004e-05, 	0.1146462, 	0.624376%, 	0.190000%, 	0.434376%
2020-04-09 23:29:04, 	Binance     , 	Poloniex    , 	STRAT/BTC, 	4.029e-05, 	192.0, 	4.004e-05, 	0.1146462, 	0.624376%, 	0.190000%, 	0.434376%
2020-04-09 23:29:19, 	Binance     , 	Poloniex    , 	STRAT/BTC, 	4.029e-05, 	192.0, 	4.004e-05, 	0.1146462, 	0.624376%, 	0.190000%, 	0.434376%
2020-04-09 23:29:34, 	Binance     , 	Poloniex    , 	STRAT/BTC, 	4.019e-05, 	152.0, 	4.004e-05, 	0.1146462, 	0.374625%, 	0.190000%, 	0.184625%
2020-04-09 23:29:49, 	Binance     , 	Poloniex    , 	STRAT/BTC, 	4.019e-05, 	152.0, 	4.004e-05, 	0.1146462, 	0.374625%, 	0.190000%, 	0.184625%
2020-04-09 23:30:04, 	Binance     , 	Poloniex    , 	STRAT/BTC, 	4.019e-05, 	152.0, 	4.004e-05, 	0.1146462, 	0.374625%, 	0.190000%, 	0.184625%
2020-04-09 23:30:19, 	Binance     , 	Poloniex    , 	STRAT/BTC, 	4.019e-05, 	152.0, 	4.004e-05, 	0.1146462, 	0.374625%, 	0.190000%, 	0.184625%
2020-04-09 23:30:34, 	Binance     , 	Poloniex    , 	STRAT/BTC, 	4.014e-05, 	250.0, 	4.004e-05, 	0.1146462, 	0.249750%, 	0.190000%, 	0.059750%
2020-04-09 23:30:49, 	Binance     , 	Poloniex    , 	STRAT/BTC, 	4.002e-05, 	5645.0, 	4.004e-05, 	0.1146462, 	-0.049950%, 	0.190000%, 	-0.239950%
2020-04-09 23:59:16, 	Binance     , 	Poloniex    , 	STRAT/BTC, 	4.013e-05, 	94.0, 	4.004e-05, 	0.1146462, 	0.224775%, 	0.190000%, 	0.034775%
2020-04-09 23:59:31, 	Binance     , 	Poloniex    , 	STRAT/BTC, 	4.013e-05, 	94.0, 	4.004e-05, 	0.1146462, 	0.224775%, 	0.190000%, 	0.034775%
2020-04-09 23:59:46, 	Binance     , 	Poloniex    , 	STRAT/BTC, 	4.013e-05, 	94.0, 	4.004e-05, 	0.1146462, 	0.224775%, 	0.190000%, 	0.034775%
2020-04-10 00:00:01, 	Binance     , 	Poloniex    , 	STRAT/BTC, 	4.013e-05, 	94.0, 	4.004e-05, 	0.1146462, 	0.224775%, 	0.190000%, 	0.034775%
2020-04-10 00:00:16, 	Binance     , 	Poloniex    , 	STRAT/BTC, 	4.013e-05, 	94.0, 	4.004e-05, 	0.1146462, 	0.224775%, 	0.190000%, 	0.034775%
2020-04-10 00:00:31, 	Binance     , 	Poloniex    , 	STRAT/BTC, 	4.013e-05, 	94.0, 	4.004e-05, 	0.1146462, 	0.224775%, 	0.190000%, 	0.034775%
2020-04-10 00:00:46, 	Binance     , 	Poloniex    , 	STRAT/BTC, 	4.013e-05, 	94.0, 	4.004e-05, 	0.1146462, 	0.224775%, 	0.190000%, 	0.034775%
2020-04-10 00:01:01, 	Binance     , 	Poloniex    , 	STRAT/BTC, 	4.013e-05, 	94.0, 	4.004e-05, 	0.1146462, 	0.224775%, 	0.190000%, 	0.034775%
2020-04-10 00:01:16, 	Binance     , 	Poloniex    , 	STRAT/BTC, 	4.013e-05, 	94.0, 	4.004e-05, 	0.1146462, 	0.224775%, 	0.190000%, 	0.034775%
2020-04-10 00:01:31, 	Binance     , 	Poloniex    , 	STRAT/BTC, 	4.013e-05, 	94.0, 	4.004e-05, 	0.1146462, 	0.224775%, 	0.190000%, 	0.034775%
2020-04-10 00:01:46, 	Binance     , 	Poloniex    , 	STRAT/BTC, 	4.013e-05, 	94.0, 	4.004e-05, 	0.1146462, 	0.224775%, 	0.190000%, 	0.034775%
2020-04-10 00:02:01, 	Binance     , 	Poloniex    , 	STRAT/BTC, 	4.013e-05, 	94.0, 	4.004e-05, 	0.1146462, 	0.224775%, 	0.190000%, 	0.034775%
2020-04-10 00:02:16, 	Binance     , 	Poloniex    , 	STRAT/BTC, 	4.013e-05, 	94.0, 	4.004e-05, 	0.1146462, 	0.224775%, 	0.190000%, 	0.034775%
2020-04-10 00:02:31, 	Binance     , 	Poloniex    , 	STRAT/BTC, 	4.013e-05, 	94.0, 	4.004e-05, 	0.1146462, 	0.224775%, 	0.190000%, 	0.034775%
2020-04-10 00:02:46, 	Binance     , 	Poloniex    , 	STRAT/BTC, 	4.013e-05, 	94.0, 	4.004e-05, 	0.1146462, 	0.224775%, 	0.190000%, 	0.034775%
2020-04-10 00:03:01, 	Binance     , 	Poloniex    , 	STRAT/BTC, 	4.013e-05, 	94.0, 	4.004e-05, 	0.1146462, 	0.224775%, 	0.190000%, 	0.034775%
2020-04-10 00:03:16, 	Binance     , 	Poloniex    , 	STRAT/BTC, 	4.013e-05, 	94.0, 	4.004e-05, 	0.1146462, 	0.224775%, 	0.190000%, 	0.034775%
2020-04-10 00:03:31, 	Binance     , 	Poloniex    , 	STRAT/BTC, 	4.013e-05, 	94.0, 	4.004e-05, 	0.1146462, 	0.224775%, 	0.190000%, 	0.034775%
2020-04-10 00:03:46, 	Binance     , 	Poloniex    , 	STRAT/BTC, 	4.013e-05, 	94.0, 	4.004e-05, 	0.1146462, 	0.224775%, 	0.190000%, 	0.034775%
2020-04-10 00:04:01, 	Binance     , 	Poloniex    , 	STRAT/BTC, 	4.013e-05, 	94.0, 	4.004e-05, 	0.1146462, 	0.224775%, 	0.190000%, 	0.034775%
2020-04-10 00:04:16, 	Binance     , 	Poloniex    , 	STRAT/BTC, 	4.013e-05, 	94.0, 	4.004e-05, 	0.1146462, 	0.224775%, 	0.190000%, 	0.034775%
2020-04-10 00:04:31, 	Binance     , 	Poloniex    , 	STRAT/BTC, 	4.013e-05, 	94.0, 	4.004e-05, 	0.1146462, 	0.224775%, 	0.190000%, 	0.034775%
2020-04-10 00:04:46, 	Binance     , 	Poloniex    , 	STRAT/BTC, 	4.013e-05, 	94.0, 	4.004e-05, 	0.1146462, 	0.224775%, 	0.190000%, 	0.034775%
2020-04-10 00:05:01, 	Binance     , 	Poloniex    , 	STRAT/BTC, 	4.013e-05, 	94.0, 	4.004e-05, 	0.1146462, 	0.224775%, 	0.190000%, 	0.034775%
2020-04-10 00:05:16, 	Binance     , 	Poloniex    , 	STRAT/BTC, 	4.013e-05, 	94.0, 	4.004e-05, 	0.1146462, 	0.224775%, 	0.190000%, 	0.034775%
2020-04-10 00:05:31, 	Binance     , 	Poloniex    , 	STRAT/BTC, 	4.013e-05, 	94.0, 	4.004e-05, 	0.1146462, 	0.224775%, 	0.190000%, 	0.034775%
2020-04-10 00:05:46, 	Binance     , 	Poloniex    , 	STRAT/BTC, 	4.013e-05, 	94.0, 	4.004e-05, 	0.1146462, 	0.224775%, 	0.190000%, 	0.034775%
2020-04-10 00:06:01, 	Binance     , 	Poloniex    , 	STRAT/BTC, 	4.013e-05, 	94.0, 	4.004e-05, 	0.1146462, 	0.224775%, 	0.190000%, 	0.034775%
2020-04-10 00:06:16, 	Binance     , 	Poloniex    , 	STRAT/BTC, 	4.013e-05, 	94.0, 	4.004e-05, 	0.1146462, 	0.224775%, 	0.190000%, 	0.034775%
2020-04-10 00:06:31, 	Binance     , 	Poloniex    , 	STRAT/BTC, 	4.013e-05, 	94.0, 	4.004e-05, 	0.1146462, 	0.224775%, 	0.190000%, 	0.034775%
2020-04-10 00:06:46, 	Binance     , 	Poloniex    , 	STRAT/BTC, 	4.013e-05, 	94.0, 	4.004e-05, 	0.1146462, 	0.224775%, 	0.190000%, 	0.034775%
2020-04-10 00:07:01, 	Binance     , 	Poloniex    , 	STRAT/BTC, 	4.013e-05, 	94.0, 	4.004e-05, 	0.1146462, 	0.224775%, 	0.190000%, 	0.034775%
2020-04-10 00:07:16, 	Binance     , 	Poloniex    , 	STRAT/BTC, 	4.013e-05, 	94.0, 	4.004e-05, 	0.1146462, 	0.224775%, 	0.190000%, 	0.034775%
2020-04-10 00:07:31, 	Binance     , 	Poloniex    , 	STRAT/BTC, 	4.013e-05, 	94.0, 	4.004e-05, 	0.1146462, 	0.224775%, 	0.190000%, 	0.034775%
2020-04-10 00:07:46, 	Binance     , 	Poloniex    , 	STRAT/BTC, 	4.013e-05, 	94.0, 	4.004e-05, 	0.1146462, 	0.224775%, 	0.190000%, 	0.034775%
2020-04-10 00:08:01, 	Binance     , 	Poloniex    , 	STRAT/BTC, 	4.013e-05, 	94.0, 	4.004e-05, 	0.1146462, 	0.224775%, 	0.190000%, 	0.034775%
2020-04-10 00:08:16, 	Binance     , 	Poloniex    , 	STRAT/BTC, 	4.013e-05, 	94.0, 	4.004e-05, 	0.1146462, 	0.224775%, 	0.190000%, 	0.034775%
2020-04-10 00:08:31, 	Binance     , 	Poloniex    , 	STRAT/BTC, 	4.013e-05, 	94.0, 	4.004e-05, 	0.1146462, 	0.224775%, 	0.190000%, 	0.034775%
2020-04-10 00:08:46, 	Binance     , 	Poloniex    , 	STRAT/BTC, 	4.013e-05, 	94.0, 	4.004e-05, 	0.1146462, 	0.224775%, 	0.190000%, 	0.034775%
2020-04-10 00:09:01, 	Binance     , 	Poloniex    , 	STRAT/BTC, 	4.013e-05, 	94.0, 	4.004e-05, 	0.1146462, 	0.224775%, 	0.190000%, 	0.034775%
2020-04-10 00:09:16, 	Binance     , 	Poloniex    , 	STRAT/BTC, 	4.004e-05, 	534.0, 	4.004e-05, 	0.1146462, 	0.000000%, 	0.190000%, 	-0.190000%
2020-04-10 09:53:49, 	Binance     , 	Poloniex    , 	STRAT/BTC, 	3.859e-05, 	1961.0, 	3.848e-05, 	0.07430529, 	0.285863%, 	0.190000%, 	0.095863%
2020-04-10 09:54:04, 	Binance     , 	Poloniex    , 	STRAT/BTC, 	3.859e-05, 	1961.0, 	3.848e-05, 	0.07430529, 	0.285863%, 	0.190000%, 	0.095863%
2020-04-10 09:54:19, 	Binance     , 	Poloniex    , 	STRAT/BTC, 	3.859e-05, 	1961.0, 	3.848e-05, 	0.07430529, 	0.285863%, 	0.190000%, 	0.095863%
2020-04-10 09:54:34, 	Binance     , 	Poloniex    , 	STRAT/BTC, 	3.859e-05, 	1961.0, 	3.848e-05, 	0.07430529, 	0.285863%, 	0.190000%, 	0.095863%
2020-04-10 09:54:49, 	Binance     , 	Poloniex    , 	STRAT/BTC, 	3.859e-05, 	1961.0, 	3.848e-05, 	0.07430529, 	0.285863%, 	0.190000%, 	0.095863%
2020-04-10 09:55:04, 	Binance     , 	Poloniex    , 	STRAT/BTC, 	3.859e-05, 	1961.0, 	3.848e-05, 	0.07430529, 	0.285863%, 	0.190000%, 	0.095863%
2020-04-10 09:55:19, 	Binance     , 	Poloniex    , 	STRAT/BTC, 	3.859e-05, 	1961.0, 	3.848e-05, 	0.07430529, 	0.285863%, 	0.190000%, 	0.095863%
2020-04-10 09:55:34, 	Binance     , 	Poloniex    , 	STRAT/BTC, 	3.859e-05, 	1961.0, 	3.848e-05, 	0.07430529, 	0.285863%, 	0.190000%, 	0.095863%
2020-04-10 09:55:49, 	Binance     , 	Poloniex    , 	STRAT/BTC, 	3.859e-05, 	1961.0, 	3.848e-05, 	0.07430529, 	0.285863%, 	0.190000%, 	0.095863%
2020-04-10 09:56:04, 	Binance     , 	Poloniex    , 	STRAT/BTC, 	3.859e-05, 	1961.0, 	3.848e-05, 	0.07430529, 	0.285863%, 	0.190000%, 	0.095863%
2020-04-10 09:56:19, 	Binance     , 	Poloniex    , 	STRAT/BTC, 	3.859e-05, 	1961.0, 	3.848e-05, 	0.07430529, 	0.285863%, 	0.190000%, 	0.095863%
2020-04-10 09:56:34, 	Binance     , 	Poloniex    , 	STRAT/BTC, 	3.859e-05, 	1961.0, 	3.848e-05, 	0.07430529, 	0.285863%, 	0.190000%, 	0.095863%
2020-04-10 09:56:49, 	Binance     , 	Poloniex    , 	STRAT/BTC, 	3.859e-05, 	1961.0, 	3.848e-05, 	0.07430529, 	0.285863%, 	0.190000%, 	0.095863%
2020-04-10 09:57:04, 	Binance     , 	Poloniex    , 	STRAT/BTC, 	3.859e-05, 	1961.0, 	3.848e-05, 	0.07430529, 	0.285863%, 	0.190000%, 	0.095863%
2020-04-10 09:57:19, 	Binance     , 	Poloniex    , 	STRAT/BTC, 	3.859e-05, 	1961.0, 	3.848e-05, 	0.07430529, 	0.285863%, 	0.190000%, 	0.095863%
2020-04-10 09:57:34, 	Binance     , 	Poloniex    , 	STRAT/BTC, 	3.859e-05, 	1961.0, 	3.848e-05, 	0.07430529, 	0.285863%, 	0.190000%, 	0.095863%
2020-04-10 09:57:49, 	Binance     , 	Poloniex    , 	STRAT/BTC, 	3.859e-05, 	1961.0, 	3.848e-05, 	0.07430529, 	0.285863%, 	0.190000%, 	0.095863%
2020-04-10 09:58:04, 	Binance     , 	Poloniex    , 	STRAT/BTC, 	3.859e-05, 	1961.0, 	3.848e-05, 	0.07430529, 	0.285863%, 	0.190000%, 	0.095863%
2020-04-10 09:58:19, 	Binance     , 	Poloniex    , 	STRAT/BTC, 	3.859e-05, 	1961.0, 	3.848e-05, 	0.07430529, 	0.285863%, 	0.190000%, 	0.095863%
2020-04-10 09:58:34, 	Binance     , 	Poloniex    , 	STRAT/BTC, 	3.859e-05, 	1961.0, 	3.848e-05, 	0.07430529, 	0.285863%, 	0.190000%, 	0.095863%
2020-04-10 09:58:49, 	Binance     , 	Poloniex    , 	STRAT/BTC, 	3.859e-05, 	1961.0, 	3.848e-05, 	0.07430529, 	0.285863%, 	0.190000%, 	0.095863%
2020-04-10 09:59:04, 	Binance     , 	Poloniex    , 	STRAT/BTC, 	3.859e-05, 	1961.0, 	3.848e-05, 	0.07430529, 	0.285863%, 	0.190000%, 	0.095863%
2020-04-10 09:59:19, 	Binance     , 	Poloniex    , 	STRAT/BTC, 	3.859e-05, 	1961.0, 	3.848e-05, 	0.07430529, 	0.285863%, 	0.190000%, 	0.095863%
2020-04-10 09:59:34, 	Binance     , 	Poloniex    , 	STRAT/BTC, 	3.859e-05, 	1961.0, 	3.848e-05, 	0.07430529, 	0.285863%, 	0.190000%, 	0.095863%
2020-04-10 09:59:49, 	Binance     , 	Poloniex    , 	STRAT/BTC, 	3.859e-05, 	1961.0, 	3.848e-05, 	0.07430529, 	0.285863%, 	0.190000%, 	0.095863%
2020-04-10 10:00:04, 	Binance     , 	Poloniex    , 	STRAT/BTC, 	3.859e-05, 	1961.0, 	3.848e-05, 	0.07430529, 	0.285863%, 	0.190000%, 	0.095863%
2020-04-10 10:00:19, 	Binance     , 	Poloniex    , 	STRAT/BTC, 	3.859e-05, 	1961.0, 	3.848e-05, 	0.07430529, 	0.285863%, 	0.190000%, 	0.095863%
2020-04-10 10:00:34, 	Binance     , 	Poloniex    , 	STRAT/BTC, 	3.859e-05, 	1961.0, 	3.848e-05, 	0.07430529, 	0.285863%, 	0.190000%, 	0.095863%
2020-04-10 10:00:49, 	Binance     , 	Poloniex    , 	STRAT/BTC, 	3.859e-05, 	1961.0, 	3.848e-05, 	0.07430529, 	0.285863%, 	0.190000%, 	0.095863%
2020-04-10 10:01:04, 	Binance     , 	Poloniex    , 	STRAT/BTC, 	3.859e-05, 	1961.0, 	3.848e-05, 	0.07430529, 	0.285863%, 	0.190000%, 	0.095863%
2020-04-10 10:01:19, 	Binance     , 	Poloniex    , 	STRAT/BTC, 	3.859e-05, 	1961.0, 	3.848e-05, 	0.07430529, 	0.285863%, 	0.190000%, 	0.095863%
2020-04-10 10:01:34, 	Binance     , 	Poloniex    , 	STRAT/BTC, 	3.859e-05, 	1961.0, 	3.847e-05, 	3.74268533, 	0.311931%, 	0.190000%, 	0.121931%
2020-04-10 10:01:49, 	Binance     , 	Poloniex    , 	STRAT/BTC, 	3.859e-05, 	1961.0, 	3.847e-05, 	3.74268533, 	0.311931%, 	0.190000%, 	0.121931%
2020-04-10 10:02:04, 	Binance     , 	Poloniex    , 	STRAT/BTC, 	3.859e-05, 	1961.0, 	3.847e-05, 	3.74268533, 	0.311931%, 	0.190000%, 	0.121931%
2020-04-10 10:02:19, 	Binance     , 	Poloniex    , 	STRAT/BTC, 	3.859e-05, 	1961.0, 	3.847e-05, 	3.74268533, 	0.311931%, 	0.190000%, 	0.121931%
2020-04-10 10:02:34, 	Binance     , 	Poloniex    , 	STRAT/BTC, 	3.859e-05, 	2461.0, 	3.847e-05, 	3.74268533, 	0.311931%, 	0.190000%, 	0.121931%
2020-04-10 10:02:49, 	Binance     , 	Poloniex    , 	STRAT/BTC, 	3.859e-05, 	2461.0, 	3.847e-05, 	3.74268533, 	0.311931%, 	0.190000%, 	0.121931%
2020-04-10 10:03:04, 	Binance     , 	Poloniex    , 	STRAT/BTC, 	3.859e-05, 	2461.0, 	3.847e-05, 	3.74268533, 	0.311931%, 	0.190000%, 	0.121931%
2020-04-10 10:03:19, 	Binance     , 	Poloniex    , 	STRAT/BTC, 	3.859e-05, 	2461.0, 	3.847e-05, 	3.74268533, 	0.311931%, 	0.190000%, 	0.121931%
2020-04-10 10:03:34, 	Binance     , 	Poloniex    , 	STRAT/BTC, 	3.859e-05, 	2461.0, 	3.847e-05, 	3.74268533, 	0.311931%, 	0.190000%, 	0.121931%
2020-04-10 10:03:49, 	Binance     , 	Poloniex    , 	STRAT/BTC, 	3.859e-05, 	2461.0, 	3.847e-05, 	3.74268533, 	0.311931%, 	0.190000%, 	0.121931%
2020-04-10 10:04:04, 	Binance     , 	Poloniex    , 	STRAT/BTC, 	3.859e-05, 	2461.0, 	3.847e-05, 	3.74268533, 	0.311931%, 	0.190000%, 	0.121931%
2020-04-10 10:04:19, 	Binance     , 	Poloniex    , 	STRAT/BTC, 	3.859e-05, 	2461.0, 	3.847e-05, 	3.74268533, 	0.311931%, 	0.190000%, 	0.121931%
2020-04-10 10:04:34, 	Binance     , 	Poloniex    , 	STRAT/BTC, 	3.859e-05, 	2461.0, 	3.847e-05, 	3.74268533, 	0.311931%, 	0.190000%, 	0.121931%
2020-04-10 10:04:49, 	Binance     , 	Poloniex    , 	STRAT/BTC, 	3.859e-05, 	2461.0, 	3.847e-05, 	3.74268533, 	0.311931%, 	0.190000%, 	0.121931%
2020-04-10 10:05:04, 	Binance     , 	Poloniex    , 	STRAT/BTC, 	3.859e-05, 	2461.0, 	3.847e-05, 	3.74268533, 	0.311931%, 	0.190000%, 	0.121931%
2020-04-10 10:05:19, 	Binance     , 	Poloniex    , 	STRAT/BTC, 	3.859e-05, 	2461.0, 	3.847e-05, 	3.74268533, 	0.311931%, 	0.190000%, 	0.121931%
2020-04-10 10:05:34, 	Binance     , 	Poloniex    , 	STRAT/BTC, 	3.859e-05, 	2461.0, 	3.847e-05, 	3.74268533, 	0.311931%, 	0.190000%, 	0.121931%
2020-04-10 10:05:49, 	Binance     , 	Poloniex    , 	STRAT/BTC, 	3.859e-05, 	2461.0, 	3.847e-05, 	3.74268533, 	0.311931%, 	0.190000%, 	0.121931%
2020-04-10 10:06:04, 	Binance     , 	Poloniex    , 	STRAT/BTC, 	3.859e-05, 	2461.0, 	3.847e-05, 	3.74268533, 	0.311931%, 	0.190000%, 	0.121931%
2020-04-10 10:06:19, 	Binance     , 	Poloniex    , 	STRAT/BTC, 	3.859e-05, 	2461.0, 	3.847e-05, 	3.74268533, 	0.311931%, 	0.190000%, 	0.121931%
2020-04-10 10:06:34, 	Binance     , 	Poloniex    , 	STRAT/BTC, 	3.859e-05, 	2461.0, 	3.847e-05, 	3.74268533, 	0.311931%, 	0.190000%, 	0.121931%
2020-04-10 10:06:49, 	Binance     , 	Poloniex    , 	STRAT/BTC, 	3.859e-05, 	2461.0, 	3.847e-05, 	3.74268533, 	0.311931%, 	0.190000%, 	0.121931%
2020-04-10 10:07:04, 	Binance     , 	Poloniex    , 	STRAT/BTC, 	3.859e-05, 	2461.0, 	3.847e-05, 	3.74268533, 	0.311931%, 	0.190000%, 	0.121931%
2020-04-10 10:07:19, 	Binance     , 	Poloniex    , 	STRAT/BTC, 	3.859e-05, 	2461.0, 	3.847e-05, 	3.74268533, 	0.311931%, 	0.190000%, 	0.121931%
2020-04-10 10:07:34, 	Binance     , 	Poloniex    , 	STRAT/BTC, 	3.859e-05, 	2461.0, 	3.847e-05, 	3.74268533, 	0.311931%, 	0.190000%, 	0.121931%
2020-04-10 10:07:49, 	Binance     , 	Poloniex    , 	STRAT/BTC, 	3.859e-05, 	2461.0, 	3.847e-05, 	3.74268533, 	0.311931%, 	0.190000%, 	0.121931%
2020-04-10 10:08:04, 	Binance     , 	Poloniex    , 	STRAT/BTC, 	3.859e-05, 	2461.0, 	3.847e-05, 	3.74268533, 	0.311931%, 	0.190000%, 	0.121931%
2020-04-10 10:08:19, 	Binance     , 	Poloniex    , 	STRAT/BTC, 	3.859e-05, 	2461.0, 	3.847e-05, 	3.74268533, 	0.311931%, 	0.190000%, 	0.121931%
2020-04-10 10:08:34, 	Binance     , 	Poloniex    , 	STRAT/BTC, 	3.859e-05, 	2461.0, 	3.847e-05, 	3.74268533, 	0.311931%, 	0.190000%, 	0.121931%
2020-04-10 10:08:49, 	Binance     , 	Poloniex    , 	STRAT/BTC, 	3.859e-05, 	2461.0, 	3.847e-05, 	3.74268533, 	0.311931%, 	0.190000%, 	0.121931%
2020-04-10 10:09:04, 	Binance     , 	Poloniex    , 	STRAT/BTC, 	3.859e-05, 	2461.0, 	3.847e-05, 	3.74268533, 	0.311931%, 	0.190000%, 	0.121931%
2020-04-10 10:09:19, 	Binance     , 	Poloniex    , 	STRAT/BTC, 	3.859e-05, 	2461.0, 	3.847e-05, 	3.74268533, 	0.311931%, 	0.190000%, 	0.121931%
2020-04-10 10:09:34, 	Binance     , 	Poloniex    , 	STRAT/BTC, 	3.859e-05, 	2461.0, 	3.847e-05, 	3.74268533, 	0.311931%, 	0.190000%, 	0.121931%
2020-04-10 10:09:49, 	Binance     , 	Poloniex    , 	STRAT/BTC, 	3.859e-05, 	2461.0, 	3.847e-05, 	3.74268533, 	0.311931%, 	0.190000%, 	0.121931%
2020-04-10 10:10:04, 	Binance     , 	Poloniex    , 	STRAT/BTC, 	3.859e-05, 	2461.0, 	3.847e-05, 	3.74268533, 	0.311931%, 	0.190000%, 	0.121931%
2020-04-10 10:10:19, 	Binance     , 	Poloniex    , 	STRAT/BTC, 	3.859e-05, 	2461.0, 	3.847e-05, 	3.74268533, 	0.311931%, 	0.190000%, 	0.121931%
2020-04-10 10:10:34, 	Binance     , 	Poloniex    , 	STRAT/BTC, 	3.848e-05, 	4418.0, 	3.847e-05, 	3.74268533, 	0.025994%, 	0.190000%, 	-0.164006%
