2020-04-07 21:03:11, 	Binance     , 	Bitfinex    , 	ETH/EUR, 	155.56, 	0.07088, 	154.28, 	3.34482, 	0.829660%, 	0.300000%, 	0.529660%
2020-04-07 21:03:41, 	Binance     , 	Bitfinex    , 	ETH/EUR, 	155.56, 	0.07088, 	154.11, 	0.20801, 	0.940886%, 	0.300000%, 	0.640886%
2020-04-07 21:04:11, 	Binance     , 	Bitfinex    , 	ETH/EUR, 	155.56, 	0.07088, 	154.17, 	0.20801, 	0.901602%, 	0.300000%, 	0.601602%
2020-04-07 21:04:41, 	Binance     , 	Bitfinex    , 	ETH/EUR, 	155.56, 	0.07088, 	153.66, 	0.88652, 	1.236496%, 	0.300000%, 	0.936496%
2020-04-07 21:05:11, 	Binance     , 	Bitfinex    , 	ETH/EUR, 	155.46, 	0.06433, 	153.07, 	0.898, 	1.561377%, 	0.300000%, 	1.261377%
2020-04-07 21:05:41, 	Binance     , 	Bitfinex    , 	ETH/EUR, 	154.48, 	0.13582, 	152.42, 	0.20949, 	1.351529%, 	0.300000%, 	1.051529%
2020-04-07 21:07:37, 	Binance     , 	Bitfinex    , 	ETH/EUR, 	154.48, 	0.3406, 	153.21, 	0.20949, 	0.828928%, 	0.300000%, 	0.528928%
2020-04-07 21:08:07, 	Binance     , 	Bitfinex    , 	ETH/EUR, 	154.48, 	0.3406, 	153.24, 	0.20949, 	0.809188%, 	0.300000%, 	0.509188%
2020-04-07 21:08:37, 	Binance     , 	Bitfinex    , 	ETH/EUR, 	154.86, 	0.20949, 	153.52, 	0.06433, 	0.872850%, 	0.300000%, 	0.572850%
2020-04-07 21:09:07, 	Binance     , 	Bitfinex    , 	ETH/EUR, 	154.87, 	0.197, 	153.69, 	0.06433, 	0.767779%, 	0.300000%, 	0.467779%
2020-04-07 21:09:37, 	Binance     , 	Bitfinex    , 	ETH/EUR, 	154.87, 	0.197, 	153.68, 	0.06433, 	0.774336%, 	0.300000%, 	0.474336%
2020-04-07 21:10:07, 	Binance     , 	Bitfinex    , 	ETH/EUR, 	154.86, 	0.20949, 	153.59, 	0.06433, 	0.826877%, 	0.300000%, 	0.526877%
2020-04-07 21:10:37, 	Binance     , 	Bitfinex    , 	ETH/EUR, 	155.46, 	0.06433, 	153.22, 	9.85779, 	1.461950%, 	0.300000%, 	1.161950%
2020-04-07 21:11:07, 	Binance     , 	Bitfinex    , 	ETH/EUR, 	154.86, 	0.20949, 	152.98, 	9.9976, 	1.228919%, 	0.300000%, 	0.928919%
2020-04-07 21:11:37, 	Binance     , 	Bitfinex    , 	ETH/EUR, 	154.86, 	0.20949, 	153.26, 	0.52915, 	1.043978%, 	0.300000%, 	0.743978%
2020-04-07 21:12:07, 	Binance     , 	Bitfinex    , 	ETH/EUR, 	154.86, 	0.20949, 	153.06, 	0.52915, 	1.176009%, 	0.300000%, 	0.876009%
2020-04-07 21:12:37, 	Binance     , 	Bitfinex    , 	ETH/EUR, 	154.31, 	0.13357, 	152.64, 	0.43274, 	1.094078%, 	0.300000%, 	0.794078%
2020-04-07 21:13:07, 	Binance     , 	Bitfinex    , 	ETH/EUR, 	154.31, 	0.13357, 	152.51, 	0.43274, 	1.180250%, 	0.300000%, 	0.880250%
2020-04-07 21:13:37, 	Binance     , 	Bitfinex    , 	ETH/EUR, 	154.12, 	0.07153, 	152.24, 	0.08448, 	1.234892%, 	0.300000%, 	0.934892%
2020-04-07 21:14:07, 	Binance     , 	Bitfinex    , 	ETH/EUR, 	153.76, 	0.21099, 	151.99, 	0.51856, 	1.164550%, 	0.300000%, 	0.864550%
2020-04-07 21:14:37, 	Binance     , 	Bitfinex    , 	ETH/EUR, 	152.81, 	4.78051, 	151.77, 	0.21174, 	0.685247%, 	0.300000%, 	0.385247%
2020-04-07 21:15:07, 	Binance     , 	Bitfinex    , 	ETH/EUR, 	152.69, 	7.86595, 	151.61, 	0.21174, 	0.712354%, 	0.300000%, 	0.412354%
2020-04-07 21:15:37, 	Binance     , 	Bitfinex    , 	ETH/EUR, 	152.69, 	7.86595, 	151.14, 	0.21174, 	1.025539%, 	0.300000%, 	0.725539%
2020-04-07 21:16:07, 	Binance     , 	Bitfinex    , 	ETH/EUR, 	152.17, 	0.61781, 	151.26, 	0.568, 	0.601613%, 	0.300000%, 	0.301613%
2020-04-07 21:16:37, 	Binance     , 	Bitfinex    , 	ETH/EUR, 	152.17, 	0.13788, 	150.57, 	0.541, 	1.062629%, 	0.300000%, 	0.762629%
2020-04-07 21:17:07, 	Binance     , 	Bitfinex    , 	ETH/EUR, 	152.17, 	0.13788, 	150.33, 	0.873, 	1.223974%, 	0.300000%, 	0.923974%
2020-04-07 21:17:37, 	Binance     , 	Bitfinex    , 	ETH/EUR, 	151.0, 	2.0, 	149.44, 	9.9976, 	1.043897%, 	0.300000%, 	0.743897%
2020-04-07 21:41:48, 	Binance     , 	Bitfinex    , 	ETH/EUR, 	152.06, 	0.199, 	151.84, 	1.52838, 	0.144889%, 	0.300000%, 	-0.155111%
2020-04-07 23:20:26, 	Binance     , 	Bitfinex    , 	ETH/EUR, 	153.66, 	1.0, 	152.72, 	7.85447, 	0.615506%, 	0.300000%, 	0.315506%
2020-04-07 23:20:56, 	Binance     , 	Bitfinex    , 	ETH/EUR, 	153.66, 	1.3189, 	152.79, 	7.85447, 	0.569409%, 	0.300000%, 	0.269409%
2020-04-07 23:21:26, 	Binance     , 	Bitfinex    , 	ETH/EUR, 	153.66, 	1.3189, 	152.79, 	7.85447, 	0.569409%, 	0.300000%, 	0.269409%
2020-04-07 23:21:56, 	Binance     , 	Bitfinex    , 	ETH/EUR, 	153.66, 	1.3189, 	152.76, 	0.21099, 	0.589159%, 	0.300000%, 	0.289159%
2020-04-07 23:22:26, 	Binance     , 	Bitfinex    , 	ETH/EUR, 	153.66, 	1.3189, 	152.69, 	0.21099, 	0.635274%, 	0.300000%, 	0.335274%
2020-04-07 23:22:56, 	Binance     , 	Bitfinex    , 	ETH/EUR, 	153.66, 	1.3189, 	152.82, 	0.21099, 	0.549666%, 	0.300000%, 	0.249666%
2020-04-07 23:23:26, 	Binance     , 	Bitfinex    , 	ETH/EUR, 	153.66, 	1.3189, 	152.82, 	0.21099, 	0.549666%, 	0.300000%, 	0.249666%
2020-04-07 23:23:56, 	Binance     , 	Bitfinex    , 	ETH/EUR, 	153.66, 	0.1889, 	152.81, 	0.21099, 	0.556246%, 	0.300000%, 	0.256246%
2020-04-07 23:24:26, 	Binance     , 	Bitfinex    , 	ETH/EUR, 	153.66, 	0.1889, 	152.7, 	0.21099, 	0.628684%, 	0.300000%, 	0.328684%
2020-04-07 23:24:56, 	Binance     , 	Bitfinex    , 	ETH/EUR, 	153.66, 	0.1889, 	152.66, 	0.21099, 	0.655050%, 	0.300000%, 	0.355050%
2020-04-07 23:25:26, 	Binance     , 	Bitfinex    , 	ETH/EUR, 	153.66, 	0.1889, 	152.67, 	0.21099, 	0.648457%, 	0.300000%, 	0.348457%
2020-04-07 23:25:56, 	Binance     , 	Bitfinex    , 	ETH/EUR, 	153.66, 	0.1889, 	152.66, 	0.21099, 	0.655050%, 	0.300000%, 	0.355050%
2020-04-07 23:26:26, 	Binance     , 	Bitfinex    , 	ETH/EUR, 	153.66, 	0.1889, 	152.61, 	0.21099, 	0.688028%, 	0.300000%, 	0.388028%
2020-04-07 23:26:56, 	Binance     , 	Bitfinex    , 	ETH/EUR, 	153.21, 	0.21174, 	152.48, 	0.21099, 	0.478751%, 	0.300000%, 	0.178751%
2020-04-07 23:27:26, 	Binance     , 	Bitfinex    , 	ETH/EUR, 	153.21, 	0.21174, 	152.45, 	0.21099, 	0.498524%, 	0.300000%, 	0.198524%
2020-04-07 23:27:56, 	Binance     , 	Bitfinex    , 	ETH/EUR, 	153.21, 	0.21174, 	152.31, 	0.117, 	0.590900%, 	0.300000%, 	0.290900%
2020-04-07 23:28:26, 	Binance     , 	Bitfinex    , 	ETH/EUR, 	153.21, 	0.21174, 	151.99, 	0.117, 	0.802684%, 	0.300000%, 	0.502684%
2020-04-07 23:28:56, 	Binance     , 	Bitfinex    , 	ETH/EUR, 	153.21, 	0.21174, 	152.02, 	0.543, 	0.782792%, 	0.300000%, 	0.482792%
2020-04-07 23:29:26, 	Binance     , 	Bitfinex    , 	ETH/EUR, 	153.21, 	0.21174, 	152.17, 	0.5531, 	0.683446%, 	0.300000%, 	0.383446%
2020-04-07 23:29:56, 	Binance     , 	Bitfinex    , 	ETH/EUR, 	153.21, 	0.21174, 	152.11, 	0.5531, 	0.723161%, 	0.300000%, 	0.423161%
2020-04-07 23:30:26, 	Binance     , 	Bitfinex    , 	ETH/EUR, 	153.21, 	0.21174, 	152.02, 	0.462, 	0.782792%, 	0.300000%, 	0.482792%
2020-04-07 23:30:56, 	Binance     , 	Bitfinex    , 	ETH/EUR, 	153.21, 	0.21174, 	152.25, 	0.5531, 	0.630542%, 	0.300000%, 	0.330542%
2020-04-07 23:31:26, 	Binance     , 	Bitfinex    , 	ETH/EUR, 	153.21, 	0.21174, 	152.4, 	0.5531, 	0.531496%, 	0.300000%, 	0.231496%
2020-04-07 23:31:56, 	Binance     , 	Bitfinex    , 	ETH/EUR, 	153.21, 	0.21174, 	152.74, 	0.5531, 	0.307712%, 	0.300000%, 	0.007712%
2020-04-07 23:32:26, 	Binance     , 	Bitfinex    , 	ETH/EUR, 	153.76, 	0.21099, 	153.01, 	0.27111, 	0.490164%, 	0.300000%, 	0.190164%
2020-04-07 23:32:56, 	Binance     , 	Bitfinex    , 	ETH/EUR, 	153.76, 	0.21099, 	153.16, 	0.27111, 	0.391747%, 	0.300000%, 	0.091747%
2020-04-07 23:33:26, 	Binance     , 	Bitfinex    , 	ETH/EUR, 	153.76, 	0.21099, 	153.31, 	0.44847, 	0.293523%, 	0.300000%, 	-0.006477%
2020-04-08 07:36:52, 	Binance     , 	Bitfinex    , 	ETH/EUR, 	158.48, 	0.06956, 	157.84, 	4.52999, 	0.405474%, 	0.300000%, 	0.105474%
2020-04-08 07:37:22, 	Binance     , 	Bitfinex    , 	ETH/EUR, 	158.48, 	0.06956, 	157.92, 	4.52999, 	0.354610%, 	0.300000%, 	0.054610%
2020-04-08 07:37:52, 	Binance     , 	Bitfinex    , 	ETH/EUR, 	158.48, 	0.06956, 	157.77, 	4.52999, 	0.450022%, 	0.300000%, 	0.150022%
2020-04-08 07:38:22, 	Binance     , 	Bitfinex    , 	ETH/EUR, 	158.48, 	0.06956, 	157.75, 	4.52999, 	0.462758%, 	0.300000%, 	0.162758%
2020-04-08 07:38:52, 	Binance     , 	Bitfinex    , 	ETH/EUR, 	158.48, 	0.06956, 	157.74, 	4.52999, 	0.469126%, 	0.300000%, 	0.169126%
2020-04-08 07:39:22, 	Binance     , 	Bitfinex    , 	ETH/EUR, 	158.48, 	0.06956, 	157.84, 	4.52999, 	0.405474%, 	0.300000%, 	0.105474%
2020-04-08 07:39:52, 	Binance     , 	Bitfinex    , 	ETH/EUR, 	158.2, 	0.20506, 	157.73, 	4.52999, 	0.297978%, 	0.300000%, 	-0.002022%
2020-04-08 08:24:49, 	Binance     , 	Bitfinex    , 	ETH/EUR, 	157.64, 	0.20579, 	156.9, 	0.06414, 	0.471638%, 	0.300000%, 	0.171638%
2020-04-08 08:25:19, 	Binance     , 	Bitfinex    , 	ETH/EUR, 	157.64, 	0.20579, 	157.01, 	0.06414, 	0.401248%, 	0.300000%, 	0.101248%
2020-04-08 08:25:49, 	Binance     , 	Bitfinex    , 	ETH/EUR, 	157.18, 	0.189, 	157.11, 	0.20579, 	0.044555%, 	0.300000%, 	-0.255445%
2020-04-08 10:12:34, 	Binance     , 	Bitfinex    , 	ETH/EUR, 	155.56, 	0.94303, 	154.97, 	0.00529, 	0.380719%, 	0.300000%, 	0.080719%
2020-04-08 10:12:49, 	Binance     , 	Bitfinex    , 	ETH/EUR, 	155.56, 	0.94303, 	154.97, 	0.00529, 	0.380719%, 	0.300000%, 	0.080719%
2020-04-08 10:13:04, 	Binance     , 	Bitfinex    , 	ETH/EUR, 	155.56, 	0.94303, 	154.98, 	0.00529, 	0.374242%, 	0.300000%, 	0.074242%
2020-04-08 10:13:19, 	Binance     , 	Bitfinex    , 	ETH/EUR, 	155.56, 	0.94303, 	154.97, 	0.00529, 	0.380719%, 	0.300000%, 	0.080719%
2020-04-08 10:13:35, 	Binance     , 	Bitfinex    , 	ETH/EUR, 	155.56, 	0.94303, 	154.94, 	0.00529, 	0.400155%, 	0.300000%, 	0.100155%
2020-04-08 10:13:50, 	Binance     , 	Bitfinex    , 	ETH/EUR, 	155.56, 	0.94303, 	154.86, 	0.00529, 	0.452021%, 	0.300000%, 	0.152021%
2020-04-08 10:14:05, 	Binance     , 	Bitfinex    , 	ETH/EUR, 	155.56, 	0.94303, 	154.86, 	0.00529, 	0.452021%, 	0.300000%, 	0.152021%
2020-04-08 10:14:20, 	Binance     , 	Bitfinex    , 	ETH/EUR, 	155.56, 	0.94303, 	154.7, 	0.00529, 	0.555915%, 	0.300000%, 	0.255915%
2020-04-08 10:14:35, 	Binance     , 	Bitfinex    , 	ETH/EUR, 	155.56, 	0.94303, 	154.7, 	0.00529, 	0.555915%, 	0.300000%, 	0.255915%
2020-04-08 10:14:50, 	Binance     , 	Bitfinex    , 	ETH/EUR, 	155.56, 	0.94303, 	154.7, 	0.00529, 	0.555915%, 	0.300000%, 	0.255915%
2020-04-08 10:15:05, 	Binance     , 	Bitfinex    , 	ETH/EUR, 	155.56, 	0.94303, 	154.69, 	0.00529, 	0.562415%, 	0.300000%, 	0.262415%
2020-04-08 10:15:20, 	Binance     , 	Bitfinex    , 	ETH/EUR, 	155.57, 	0.192, 	154.78, 	0.00529, 	0.510402%, 	0.300000%, 	0.210402%
2020-04-08 10:15:35, 	Binance     , 	Bitfinex    , 	ETH/EUR, 	155.57, 	0.192, 	154.91, 	0.00529, 	0.426054%, 	0.300000%, 	0.126054%
2020-04-08 10:15:50, 	Binance     , 	Bitfinex    , 	ETH/EUR, 	155.57, 	0.139, 	155.03, 	0.20801, 	0.348320%, 	0.300000%, 	0.048320%
2020-04-08 10:16:05, 	Binance     , 	Bitfinex    , 	ETH/EUR, 	155.57, 	0.191, 	155.02, 	0.20801, 	0.354793%, 	0.300000%, 	0.054793%
2020-04-08 10:16:20, 	Binance     , 	Bitfinex    , 	ETH/EUR, 	155.57, 	0.191, 	154.9, 	0.20801, 	0.432537%, 	0.300000%, 	0.132537%
2020-04-08 10:16:35, 	Binance     , 	Bitfinex    , 	ETH/EUR, 	155.57, 	0.191, 	155.01, 	0.20801, 	0.361267%, 	0.300000%, 	0.061267%
2020-04-08 10:16:50, 	Binance     , 	Bitfinex    , 	ETH/EUR, 	155.57, 	0.191, 	154.97, 	0.20801, 	0.387172%, 	0.300000%, 	0.087172%
2020-04-08 10:17:05, 	Binance     , 	Bitfinex    , 	ETH/EUR, 	155.57, 	0.191, 	155.02, 	0.20801, 	0.354793%, 	0.300000%, 	0.054793%
2020-04-08 10:17:20, 	Binance     , 	Bitfinex    , 	ETH/EUR, 	155.57, 	0.191, 	155.03, 	0.20801, 	0.348320%, 	0.300000%, 	0.048320%
2020-04-08 10:17:35, 	Binance     , 	Bitfinex    , 	ETH/EUR, 	155.57, 	0.191, 	155.01, 	0.20801, 	0.361267%, 	0.300000%, 	0.061267%
2020-04-08 10:17:50, 	Binance     , 	Bitfinex    , 	ETH/EUR, 	155.57, 	0.154, 	154.96, 	0.20801, 	0.393650%, 	0.300000%, 	0.093650%
2020-04-08 10:18:05, 	Binance     , 	Bitfinex    , 	ETH/EUR, 	155.57, 	0.154, 	155.03, 	0.20801, 	0.348320%, 	0.300000%, 	0.048320%
2020-04-08 10:18:20, 	Binance     , 	Bitfinex    , 	ETH/EUR, 	155.56, 	0.4631, 	155.02, 	0.20801, 	0.348342%, 	0.300000%, 	0.048342%
2020-04-08 10:18:35, 	Binance     , 	Bitfinex    , 	ETH/EUR, 	156.01, 	0.06963, 	155.03, 	0.20801, 	0.632136%, 	0.300000%, 	0.332136%
2020-04-08 10:18:50, 	Binance     , 	Bitfinex    , 	ETH/EUR, 	155.57, 	0.191, 	155.03, 	0.20801, 	0.348320%, 	0.300000%, 	0.048320%
2020-04-08 10:19:05, 	Binance     , 	Bitfinex    , 	ETH/EUR, 	155.57, 	0.191, 	155.05, 	0.20801, 	0.335376%, 	0.300000%, 	0.035376%
2020-04-08 10:19:20, 	Binance     , 	Bitfinex    , 	ETH/EUR, 	155.57, 	0.191, 	155.05, 	0.20801, 	0.335376%, 	0.300000%, 	0.035376%
2020-04-08 10:19:35, 	Binance     , 	Bitfinex    , 	ETH/EUR, 	155.58, 	0.191, 	155.05, 	0.20801, 	0.341825%, 	0.300000%, 	0.041825%
2020-04-08 10:19:50, 	Binance     , 	Bitfinex    , 	ETH/EUR, 	155.58, 	0.191, 	155.05, 	0.20801, 	0.341825%, 	0.300000%, 	0.041825%
2020-04-08 10:20:05, 	Binance     , 	Bitfinex    , 	ETH/EUR, 	155.58, 	0.191, 	155.26, 	0.20801, 	0.206106%, 	0.300000%, 	-0.093894%
2020-04-08 12:39:35, 	Binance     , 	Bitfinex    , 	ETH/EUR, 	155.41, 	0.30699, 	154.54, 	0.20801, 	0.562961%, 	0.300000%, 	0.262961%
2020-04-08 12:39:50, 	Binance     , 	Bitfinex    , 	ETH/EUR, 	155.41, 	0.30699, 	154.64, 	0.20801, 	0.497931%, 	0.300000%, 	0.197931%
2020-04-08 12:40:05, 	Binance     , 	Bitfinex    , 	ETH/EUR, 	155.41, 	0.30699, 	154.59, 	0.20801, 	0.530435%, 	0.300000%, 	0.230435%
2020-04-08 12:40:20, 	Binance     , 	Bitfinex    , 	ETH/EUR, 	155.41, 	0.30699, 	154.57, 	0.20801, 	0.543443%, 	0.300000%, 	0.243443%
2020-04-08 12:40:35, 	Binance     , 	Bitfinex    , 	ETH/EUR, 	155.41, 	0.30699, 	154.54, 	0.20801, 	0.562961%, 	0.300000%, 	0.262961%
2020-04-08 12:40:50, 	Binance     , 	Bitfinex    , 	ETH/EUR, 	155.41, 	0.30699, 	154.54, 	0.20801, 	0.562961%, 	0.300000%, 	0.262961%
2020-04-08 12:41:05, 	Binance     , 	Bitfinex    , 	ETH/EUR, 	155.41, 	0.30699, 	154.54, 	0.20801, 	0.562961%, 	0.300000%, 	0.262961%
2020-04-08 12:41:20, 	Binance     , 	Bitfinex    , 	ETH/EUR, 	155.41, 	0.30699, 	154.54, 	0.20801, 	0.562961%, 	0.300000%, 	0.262961%
2020-04-08 12:41:35, 	Binance     , 	Bitfinex    , 	ETH/EUR, 	155.41, 	0.30699, 	154.62, 	0.20801, 	0.510930%, 	0.300000%, 	0.210930%
2020-04-08 12:41:50, 	Binance     , 	Bitfinex    , 	ETH/EUR, 	155.41, 	0.30699, 	154.62, 	0.20801, 	0.510930%, 	0.300000%, 	0.210930%
2020-04-08 12:42:05, 	Binance     , 	Bitfinex    , 	ETH/EUR, 	155.41, 	0.30699, 	154.53, 	0.20801, 	0.569469%, 	0.300000%, 	0.269469%
2020-04-08 12:42:20, 	Binance     , 	Bitfinex    , 	ETH/EUR, 	155.41, 	0.30699, 	154.52, 	0.20801, 	0.575977%, 	0.300000%, 	0.275977%
2020-04-08 12:42:35, 	Binance     , 	Bitfinex    , 	ETH/EUR, 	155.41, 	0.30699, 	154.5, 	0.20801, 	0.588997%, 	0.300000%, 	0.288997%
2020-04-08 12:42:50, 	Binance     , 	Bitfinex    , 	ETH/EUR, 	155.41, 	0.30699, 	154.48, 	0.20801, 	0.602020%, 	0.300000%, 	0.302020%
2020-04-08 12:43:05, 	Binance     , 	Bitfinex    , 	ETH/EUR, 	155.41, 	0.30699, 	154.66, 	0.20801, 	0.484935%, 	0.300000%, 	0.184935%
2020-04-08 12:43:20, 	Binance     , 	Bitfinex    , 	ETH/EUR, 	155.41, 	0.30699, 	154.56, 	0.20801, 	0.549948%, 	0.300000%, 	0.249948%
2020-04-08 12:43:35, 	Binance     , 	Bitfinex    , 	ETH/EUR, 	155.41, 	0.30699, 	154.57, 	0.20801, 	0.543443%, 	0.300000%, 	0.243443%
2020-04-08 12:43:50, 	Binance     , 	Bitfinex    , 	ETH/EUR, 	155.41, 	0.30699, 	154.51, 	0.20801, 	0.582487%, 	0.300000%, 	0.282487%
2020-04-08 12:44:05, 	Binance     , 	Bitfinex    , 	ETH/EUR, 	155.41, 	0.30699, 	154.45, 	0.20801, 	0.621560%, 	0.300000%, 	0.321560%
2020-04-08 12:44:20, 	Binance     , 	Bitfinex    , 	ETH/EUR, 	155.41, 	0.30699, 	154.49, 	0.20801, 	0.595508%, 	0.300000%, 	0.295508%
2020-04-08 12:44:35, 	Binance     , 	Bitfinex    , 	ETH/EUR, 	155.41, 	0.30699, 	154.5, 	0.20801, 	0.588997%, 	0.300000%, 	0.288997%
2020-04-08 12:44:50, 	Binance     , 	Bitfinex    , 	ETH/EUR, 	155.41, 	0.30699, 	154.49, 	0.20801, 	0.595508%, 	0.300000%, 	0.295508%
2020-04-08 12:45:05, 	Binance     , 	Bitfinex    , 	ETH/EUR, 	155.41, 	0.30699, 	154.5, 	0.20801, 	0.588997%, 	0.300000%, 	0.288997%
2020-04-08 12:45:20, 	Binance     , 	Bitfinex    , 	ETH/EUR, 	155.41, 	0.30699, 	154.63, 	0.20801, 	0.504430%, 	0.300000%, 	0.204430%
2020-04-08 12:45:35, 	Binance     , 	Bitfinex    , 	ETH/EUR, 	155.41, 	0.30699, 	154.63, 	0.20801, 	0.504430%, 	0.300000%, 	0.204430%
2020-04-08 12:45:50, 	Binance     , 	Bitfinex    , 	ETH/EUR, 	155.41, 	0.30699, 	154.65, 	0.20801, 	0.491432%, 	0.300000%, 	0.191432%
2020-04-08 12:46:05, 	Binance     , 	Bitfinex    , 	ETH/EUR, 	155.41, 	0.30699, 	154.74, 	0.20801, 	0.432984%, 	0.300000%, 	0.132984%
2020-04-08 12:46:20, 	Binance     , 	Bitfinex    , 	ETH/EUR, 	155.41, 	0.30699, 	154.68, 	0.20801, 	0.471942%, 	0.300000%, 	0.171942%
2020-04-08 12:46:35, 	Binance     , 	Bitfinex    , 	ETH/EUR, 	155.41, 	0.30699, 	154.71, 	0.20801, 	0.452459%, 	0.300000%, 	0.152459%
2020-04-08 12:46:50, 	Binance     , 	Bitfinex    , 	ETH/EUR, 	155.41, 	0.30699, 	154.85, 	0.20801, 	0.361640%, 	0.300000%, 	0.061640%
2020-04-08 12:47:05, 	Binance     , 	Bitfinex    , 	ETH/EUR, 	155.41, 	0.30699, 	154.83, 	0.20801, 	0.374604%, 	0.300000%, 	0.074604%
2020-04-08 12:47:20, 	Binance     , 	Bitfinex    , 	ETH/EUR, 	155.41, 	0.30699, 	154.83, 	0.20801, 	0.374604%, 	0.300000%, 	0.074604%
2020-04-08 12:47:35, 	Binance     , 	Bitfinex    , 	ETH/EUR, 	155.41, 	0.30699, 	154.83, 	0.20801, 	0.374604%, 	0.300000%, 	0.074604%
2020-04-08 12:47:50, 	Binance     , 	Bitfinex    , 	ETH/EUR, 	155.41, 	0.30699, 	154.83, 	0.20801, 	0.374604%, 	0.300000%, 	0.074604%
2020-04-08 12:48:05, 	Binance     , 	Bitfinex    , 	ETH/EUR, 	155.41, 	0.30699, 	154.78, 	0.20801, 	0.407029%, 	0.300000%, 	0.107029%
2020-04-08 12:48:20, 	Binance     , 	Bitfinex    , 	ETH/EUR, 	155.41, 	0.30699, 	154.83, 	0.20801, 	0.374604%, 	0.300000%, 	0.074604%
2020-04-08 12:48:35, 	Binance     , 	Bitfinex    , 	ETH/EUR, 	155.41, 	0.30699, 	154.83, 	0.20801, 	0.374604%, 	0.300000%, 	0.074604%
2020-04-08 12:48:50, 	Binance     , 	Bitfinex    , 	ETH/EUR, 	155.41, 	0.30699, 	154.83, 	0.20801, 	0.374604%, 	0.300000%, 	0.074604%
2020-04-08 12:49:05, 	Binance     , 	Bitfinex    , 	ETH/EUR, 	155.41, 	0.30699, 	154.86, 	0.20801, 	0.355159%, 	0.300000%, 	0.055159%
2020-04-08 12:49:20, 	Binance     , 	Bitfinex    , 	ETH/EUR, 	155.41, 	0.30699, 	154.86, 	0.20801, 	0.355159%, 	0.300000%, 	0.055159%
2020-04-08 12:49:35, 	Binance     , 	Bitfinex    , 	ETH/EUR, 	155.41, 	0.30699, 	154.85, 	0.20801, 	0.361640%, 	0.300000%, 	0.061640%
2020-04-08 12:49:50, 	Binance     , 	Bitfinex    , 	ETH/EUR, 	155.41, 	0.30699, 	154.86, 	0.20801, 	0.355159%, 	0.300000%, 	0.055159%
2020-04-08 12:50:05, 	Binance     , 	Bitfinex    , 	ETH/EUR, 	155.41, 	0.30699, 	154.86, 	0.20801, 	0.355159%, 	0.300000%, 	0.055159%
2020-04-08 12:50:20, 	Binance     , 	Bitfinex    , 	ETH/EUR, 	155.41, 	0.30699, 	154.86, 	0.20801, 	0.355159%, 	0.300000%, 	0.055159%
2020-04-08 12:50:35, 	Binance     , 	Bitfinex    , 	ETH/EUR, 	155.41, 	0.30699, 	154.86, 	0.20801, 	0.355159%, 	0.300000%, 	0.055159%
2020-04-08 12:50:50, 	Binance     , 	Bitfinex    , 	ETH/EUR, 	155.41, 	0.30699, 	154.86, 	0.20801, 	0.355159%, 	0.300000%, 	0.055159%
2020-04-08 12:51:05, 	Binance     , 	Bitfinex    , 	ETH/EUR, 	155.41, 	0.30699, 	154.84, 	0.20801, 	0.368122%, 	0.300000%, 	0.068122%
2020-04-08 12:51:20, 	Binance     , 	Bitfinex    , 	ETH/EUR, 	155.41, 	0.30699, 	154.85, 	0.20801, 	0.361640%, 	0.300000%, 	0.061640%
2020-04-08 12:51:35, 	Binance     , 	Bitfinex    , 	ETH/EUR, 	155.41, 	0.30699, 	154.81, 	0.20801, 	0.387572%, 	0.300000%, 	0.087572%
2020-04-08 12:51:50, 	Binance     , 	Bitfinex    , 	ETH/EUR, 	155.41, 	0.30699, 	154.77, 	0.20801, 	0.413517%, 	0.300000%, 	0.113517%
2020-04-08 12:52:05, 	Binance     , 	Bitfinex    , 	ETH/EUR, 	155.41, 	0.30699, 	154.71, 	0.20801, 	0.452459%, 	0.300000%, 	0.152459%
2020-04-08 12:52:20, 	Binance     , 	Bitfinex    , 	ETH/EUR, 	155.41, 	0.30699, 	154.87, 	0.20801, 	0.348680%, 	0.300000%, 	0.048680%
2020-04-08 12:52:35, 	Binance     , 	Bitfinex    , 	ETH/EUR, 	155.41, 	0.30699, 	154.86, 	0.20801, 	0.355159%, 	0.300000%, 	0.055159%
2020-04-08 12:52:50, 	Binance     , 	Bitfinex    , 	ETH/EUR, 	155.41, 	0.30699, 	154.82, 	0.20801, 	0.381088%, 	0.300000%, 	0.081088%
2020-04-08 12:53:05, 	Binance     , 	Bitfinex    , 	ETH/EUR, 	155.41, 	0.30699, 	154.82, 	0.20801, 	0.381088%, 	0.300000%, 	0.081088%
2020-04-08 12:53:20, 	Binance     , 	Bitfinex    , 	ETH/EUR, 	155.41, 	0.30699, 	154.83, 	0.20801, 	0.374604%, 	0.300000%, 	0.074604%
2020-04-08 12:53:35, 	Binance     , 	Bitfinex    , 	ETH/EUR, 	155.41, 	0.30699, 	154.82, 	0.411, 	0.381088%, 	0.300000%, 	0.081088%
2020-04-08 12:53:50, 	Binance     , 	Bitfinex    , 	ETH/EUR, 	155.41, 	0.30699, 	154.8, 	0.893, 	0.394057%, 	0.300000%, 	0.094057%
2020-04-08 12:54:05, 	Binance     , 	Bitfinex    , 	ETH/EUR, 	155.41, 	0.30699, 	154.8, 	0.20801, 	0.394057%, 	0.300000%, 	0.094057%
2020-04-08 12:54:20, 	Binance     , 	Bitfinex    , 	ETH/EUR, 	155.41, 	0.30699, 	154.8, 	0.20801, 	0.394057%, 	0.300000%, 	0.094057%
2020-04-08 12:54:35, 	Binance     , 	Bitfinex    , 	ETH/EUR, 	155.41, 	0.30699, 	154.8, 	0.31, 	0.394057%, 	0.300000%, 	0.094057%
2020-04-08 12:54:50, 	Binance     , 	Bitfinex    , 	ETH/EUR, 	155.41, 	0.30699, 	154.87, 	0.207, 	0.348680%, 	0.300000%, 	0.048680%
2020-04-08 12:55:05, 	Binance     , 	Bitfinex    , 	ETH/EUR, 	155.41, 	0.30699, 	154.87, 	0.207, 	0.348680%, 	0.300000%, 	0.048680%
2020-04-08 12:55:20, 	Binance     , 	Bitfinex    , 	ETH/EUR, 	155.41, 	0.30699, 	154.75, 	0.207, 	0.426494%, 	0.300000%, 	0.126494%
2020-04-08 12:55:35, 	Binance     , 	Bitfinex    , 	ETH/EUR, 	155.41, 	0.30699, 	154.89, 	0.207, 	0.335722%, 	0.300000%, 	0.035722%
2020-04-08 12:55:50, 	Binance     , 	Bitfinex    , 	ETH/EUR, 	155.41, 	0.30699, 	154.89, 	0.179, 	0.335722%, 	0.300000%, 	0.035722%
2020-04-08 12:56:05, 	Binance     , 	Bitfinex    , 	ETH/EUR, 	155.41, 	0.30699, 	154.89, 	0.179, 	0.335722%, 	0.300000%, 	0.035722%
2020-04-08 12:56:20, 	Binance     , 	Bitfinex    , 	ETH/EUR, 	155.41, 	0.30699, 	154.89, 	0.177, 	0.335722%, 	0.300000%, 	0.035722%
2020-04-08 12:56:35, 	Binance     , 	Bitfinex    , 	ETH/EUR, 	155.41, 	0.30699, 	154.99, 	0.20801, 	0.270985%, 	0.300000%, 	-0.029015%
2020-04-08 13:31:05, 	Binance     , 	Bitfinex    , 	ETH/EUR, 	155.97, 	0.20801, 	154.61, 	0.23088, 	0.879633%, 	0.300000%, 	0.579633%
2020-04-08 13:31:20, 	Binance     , 	Bitfinex    , 	ETH/EUR, 	155.97, 	0.20801, 	154.94, 	0.23088, 	0.664773%, 	0.300000%, 	0.364773%
2020-04-08 13:31:35, 	Binance     , 	Bitfinex    , 	ETH/EUR, 	155.97, 	0.20801, 	154.93, 	0.23088, 	0.671271%, 	0.300000%, 	0.371271%
2020-04-08 13:31:50, 	Binance     , 	Bitfinex    , 	ETH/EUR, 	155.97, 	0.20801, 	154.95, 	0.23088, 	0.658277%, 	0.300000%, 	0.358277%
2020-04-08 13:32:05, 	Binance     , 	Bitfinex    , 	ETH/EUR, 	155.97, 	0.20801, 	154.84, 	0.23088, 	0.729786%, 	0.300000%, 	0.429786%
2020-04-08 13:32:20, 	Binance     , 	Bitfinex    , 	ETH/EUR, 	155.52, 	4.17104, 	154.96, 	0.20801, 	0.361384%, 	0.300000%, 	0.061384%
2020-04-08 13:32:35, 	Binance     , 	Bitfinex    , 	ETH/EUR, 	155.52, 	4.17104, 	154.95, 	0.20801, 	0.367861%, 	0.300000%, 	0.067861%
2020-04-08 13:32:50, 	Binance     , 	Bitfinex    , 	ETH/EUR, 	155.52, 	4.17104, 	154.89, 	0.20801, 	0.406740%, 	0.300000%, 	0.106740%
2020-04-08 13:33:05, 	Binance     , 	Bitfinex    , 	ETH/EUR, 	155.51, 	7.76578, 	154.88, 	0.20801, 	0.406767%, 	0.300000%, 	0.106767%
2020-04-08 13:33:20, 	Binance     , 	Bitfinex    , 	ETH/EUR, 	155.52, 	0.19, 	154.96, 	0.20801, 	0.361384%, 	0.300000%, 	0.061384%
2020-04-08 13:33:35, 	Binance     , 	Bitfinex    , 	ETH/EUR, 	155.52, 	0.19, 	155.08, 	0.20801, 	0.283725%, 	0.300000%, 	-0.016275%
2020-04-08 13:51:05, 	Binance     , 	Bitfinex    , 	ETH/EUR, 	156.52, 	0.08114, 	154.97, 	0.23088, 	1.000194%, 	0.300000%, 	0.700194%
2020-04-08 13:51:20, 	Binance     , 	Bitfinex    , 	ETH/EUR, 	156.52, 	0.08114, 	154.91, 	0.23088, 	1.039313%, 	0.300000%, 	0.739313%
2020-04-08 13:51:35, 	Binance     , 	Bitfinex    , 	ETH/EUR, 	156.52, 	0.08114, 	154.76, 	0.23088, 	1.137245%, 	0.300000%, 	0.837245%
2020-04-08 13:51:50, 	Binance     , 	Bitfinex    , 	ETH/EUR, 	156.52, 	0.08114, 	154.77, 	0.23088, 	1.130710%, 	0.300000%, 	0.830710%
2020-04-08 13:52:05, 	Binance     , 	Bitfinex    , 	ETH/EUR, 	156.52, 	0.08114, 	154.88, 	0.23088, 	1.058884%, 	0.300000%, 	0.758884%
2020-04-08 13:52:20, 	Binance     , 	Bitfinex    , 	ETH/EUR, 	156.52, 	0.08114, 	154.92, 	0.23088, 	1.032791%, 	0.300000%, 	0.732791%
2020-04-08 13:52:35, 	Binance     , 	Bitfinex    , 	ETH/EUR, 	156.52, 	0.08114, 	154.89, 	0.23088, 	1.052360%, 	0.300000%, 	0.752360%
2020-04-08 13:52:50, 	Binance     , 	Bitfinex    , 	ETH/EUR, 	156.52, 	0.08114, 	154.89, 	0.23088, 	1.052360%, 	0.300000%, 	0.752360%
2020-04-08 13:53:05, 	Binance     , 	Bitfinex    , 	ETH/EUR, 	155.97, 	0.20801, 	154.87, 	0.60784, 	0.710273%, 	0.300000%, 	0.410273%
2020-04-08 13:53:20, 	Binance     , 	Bitfinex    , 	ETH/EUR, 	155.97, 	0.20801, 	154.71, 	0.60784, 	0.814427%, 	0.300000%, 	0.514427%
2020-04-08 13:53:35, 	Binance     , 	Bitfinex    , 	ETH/EUR, 	155.97, 	0.20801, 	154.72, 	0.60784, 	0.807911%, 	0.300000%, 	0.507911%
2020-04-08 13:53:50, 	Binance     , 	Bitfinex    , 	ETH/EUR, 	155.97, 	0.20801, 	154.98, 	0.60784, 	0.638792%, 	0.300000%, 	0.338792%
2020-04-08 13:54:05, 	Binance     , 	Bitfinex    , 	ETH/EUR, 	155.97, 	0.20801, 	154.98, 	0.23088, 	0.638792%, 	0.300000%, 	0.338792%
2020-04-08 13:54:20, 	Binance     , 	Bitfinex    , 	ETH/EUR, 	155.97, 	0.20801, 	154.99, 	0.23088, 	0.632299%, 	0.300000%, 	0.332299%
2020-04-08 13:54:35, 	Binance     , 	Bitfinex    , 	ETH/EUR, 	155.97, 	0.47058, 	154.99, 	0.23088, 	0.632299%, 	0.300000%, 	0.332299%
2020-04-08 13:54:50, 	Binance     , 	Bitfinex    , 	ETH/EUR, 	155.97, 	0.47058, 	154.99, 	0.23088, 	0.632299%, 	0.300000%, 	0.332299%
2020-04-08 13:55:05, 	Binance     , 	Bitfinex    , 	ETH/EUR, 	155.97, 	0.47058, 	154.99, 	0.23088, 	0.632299%, 	0.300000%, 	0.332299%
2020-04-08 13:55:20, 	Binance     , 	Bitfinex    , 	ETH/EUR, 	155.97, 	0.47058, 	155.08, 	0.23088, 	0.573897%, 	0.300000%, 	0.273897%
2020-04-08 13:55:35, 	Binance     , 	Bitfinex    , 	ETH/EUR, 	155.97, 	0.47058, 	155.08, 	0.23088, 	0.573897%, 	0.300000%, 	0.273897%
2020-04-08 13:55:50, 	Binance     , 	Bitfinex    , 	ETH/EUR, 	155.98, 	0.19, 	155.22, 	0.23088, 	0.489628%, 	0.300000%, 	0.189628%
2020-04-08 13:56:05, 	Binance     , 	Bitfinex    , 	ETH/EUR, 	155.98, 	0.189, 	155.3, 	0.23088, 	0.437862%, 	0.300000%, 	0.137862%
2020-04-08 13:56:20, 	Binance     , 	Bitfinex    , 	ETH/EUR, 	155.98, 	0.189, 	155.29, 	0.23088, 	0.444330%, 	0.300000%, 	0.144330%
2020-04-08 13:56:35, 	Binance     , 	Bitfinex    , 	ETH/EUR, 	155.97, 	0.47058, 	155.36, 	0.23088, 	0.392636%, 	0.300000%, 	0.092636%
2020-04-08 13:56:50, 	Binance     , 	Bitfinex    , 	ETH/EUR, 	155.98, 	0.19, 	155.45, 	0.23088, 	0.340946%, 	0.300000%, 	0.040946%
2020-04-08 13:57:05, 	Binance     , 	Bitfinex    , 	ETH/EUR, 	155.97, 	0.47058, 	155.43, 	0.23088, 	0.347423%, 	0.300000%, 	0.047423%
2020-04-08 13:57:20, 	Binance     , 	Bitfinex    , 	ETH/EUR, 	155.98, 	0.19, 	155.43, 	0.23088, 	0.353857%, 	0.300000%, 	0.053857%
2020-04-08 13:57:35, 	Binance     , 	Bitfinex    , 	ETH/EUR, 	155.98, 	0.19, 	155.49, 	0.23088, 	0.315133%, 	0.300000%, 	0.015133%
2020-04-08 13:57:50, 	Binance     , 	Bitfinex    , 	ETH/EUR, 	155.98, 	0.19, 	155.48, 	0.23088, 	0.321585%, 	0.300000%, 	0.021585%
2020-04-08 13:58:05, 	Binance     , 	Bitfinex    , 	ETH/EUR, 	155.98, 	0.19, 	155.53, 	0.23088, 	0.289333%, 	0.300000%, 	-0.010667%
2020-04-08 14:06:33, 	Binance     , 	Bitfinex    , 	ETH/EUR, 	156.52, 	0.20727, 	155.7, 	0.079, 	0.526654%, 	0.300000%, 	0.226654%
2020-04-08 14:06:48, 	Binance     , 	Bitfinex    , 	ETH/EUR, 	156.52, 	0.20727, 	155.62, 	0.079, 	0.578332%, 	0.300000%, 	0.278332%
2020-04-08 14:07:03, 	Binance     , 	Bitfinex    , 	ETH/EUR, 	156.52, 	0.20727, 	155.68, 	0.079, 	0.539568%, 	0.300000%, 	0.239568%
2020-04-08 14:07:18, 	Binance     , 	Bitfinex    , 	ETH/EUR, 	156.52, 	0.20727, 	155.66, 	0.079, 	0.552486%, 	0.300000%, 	0.252486%
2020-04-08 14:07:33, 	Binance     , 	Bitfinex    , 	ETH/EUR, 	156.52, 	0.20727, 	155.64, 	0.079, 	0.565407%, 	0.300000%, 	0.265407%
2020-04-08 14:07:48, 	Binance     , 	Bitfinex    , 	ETH/EUR, 	156.52, 	0.20727, 	155.64, 	0.079, 	0.565407%, 	0.300000%, 	0.265407%
2020-04-08 14:08:03, 	Binance     , 	Bitfinex    , 	ETH/EUR, 	156.52, 	0.20727, 	155.59, 	0.079, 	0.597725%, 	0.300000%, 	0.297725%
2020-04-08 14:08:18, 	Binance     , 	Bitfinex    , 	ETH/EUR, 	156.52, 	0.20727, 	155.59, 	0.079, 	0.597725%, 	0.300000%, 	0.297725%
2020-04-08 14:08:33, 	Binance     , 	Bitfinex    , 	ETH/EUR, 	156.52, 	0.20727, 	155.42, 	0.079, 	0.707760%, 	0.300000%, 	0.407760%
2020-04-08 14:08:48, 	Binance     , 	Bitfinex    , 	ETH/EUR, 	156.52, 	0.20727, 	155.36, 	0.60784, 	0.746653%, 	0.300000%, 	0.446653%
2020-04-08 14:09:03, 	Binance     , 	Bitfinex    , 	ETH/EUR, 	156.52, 	0.20727, 	155.21, 	0.60784, 	0.844018%, 	0.300000%, 	0.544018%
2020-04-08 14:09:19, 	Binance     , 	Bitfinex    , 	ETH/EUR, 	156.52, 	0.20727, 	155.26, 	0.60784, 	0.811542%, 	0.300000%, 	0.511542%
2020-04-08 14:09:34, 	Binance     , 	Bitfinex    , 	ETH/EUR, 	156.52, 	0.20727, 	155.19, 	0.60784, 	0.857014%, 	0.300000%, 	0.557014%
2020-04-08 14:09:49, 	Binance     , 	Bitfinex    , 	ETH/EUR, 	156.52, 	0.20727, 	155.15, 	0.60784, 	0.883016%, 	0.300000%, 	0.583016%
2020-04-08 14:10:04, 	Binance     , 	Bitfinex    , 	ETH/EUR, 	156.52, 	0.20727, 	155.15, 	0.31347, 	0.883016%, 	0.300000%, 	0.583016%
2020-04-08 14:10:19, 	Binance     , 	Bitfinex    , 	ETH/EUR, 	156.52, 	0.12721, 	155.15, 	0.60784, 	0.883016%, 	0.300000%, 	0.583016%
2020-04-08 14:10:34, 	Binance     , 	Bitfinex    , 	ETH/EUR, 	156.52, 	0.12721, 	155.15, 	0.60784, 	0.883016%, 	0.300000%, 	0.583016%
2020-04-08 14:10:49, 	Binance     , 	Bitfinex    , 	ETH/EUR, 	156.52, 	0.12721, 	155.21, 	0.60784, 	0.844018%, 	0.300000%, 	0.544018%
2020-04-08 14:11:04, 	Binance     , 	Bitfinex    , 	ETH/EUR, 	156.52, 	0.12721, 	155.21, 	0.60784, 	0.844018%, 	0.300000%, 	0.544018%
2020-04-08 14:11:19, 	Binance     , 	Bitfinex    , 	ETH/EUR, 	156.52, 	0.12721, 	155.21, 	0.60784, 	0.844018%, 	0.300000%, 	0.544018%
2020-04-08 14:11:34, 	Binance     , 	Bitfinex    , 	ETH/EUR, 	156.52, 	0.12721, 	155.32, 	0.60784, 	0.772599%, 	0.300000%, 	0.472599%
2020-04-08 14:11:49, 	Binance     , 	Bitfinex    , 	ETH/EUR, 	156.52, 	0.12721, 	155.31, 	0.60784, 	0.779087%, 	0.300000%, 	0.479087%
2020-04-08 14:12:04, 	Binance     , 	Bitfinex    , 	ETH/EUR, 	156.52, 	0.12721, 	155.3, 	0.60784, 	0.785576%, 	0.300000%, 	0.485576%
2020-04-08 14:12:19, 	Binance     , 	Bitfinex    , 	ETH/EUR, 	156.52, 	0.12721, 	155.28, 	0.60784, 	0.798557%, 	0.300000%, 	0.498557%
2020-04-08 14:12:34, 	Binance     , 	Bitfinex    , 	ETH/EUR, 	156.52, 	0.12721, 	155.15, 	0.60784, 	0.883016%, 	0.300000%, 	0.583016%
2020-04-08 14:12:49, 	Binance     , 	Bitfinex    , 	ETH/EUR, 	156.52, 	0.12721, 	155.17, 	0.60784, 	0.870014%, 	0.300000%, 	0.570014%
2020-04-08 14:13:04, 	Binance     , 	Bitfinex    , 	ETH/EUR, 	156.52, 	0.12721, 	155.17, 	0.60784, 	0.870014%, 	0.300000%, 	0.570014%
2020-04-08 14:13:19, 	Binance     , 	Bitfinex    , 	ETH/EUR, 	156.52, 	0.12721, 	155.35, 	0.60784, 	0.753138%, 	0.300000%, 	0.453138%
2020-04-08 14:13:34, 	Binance     , 	Bitfinex    , 	ETH/EUR, 	156.52, 	0.12721, 	155.26, 	0.60784, 	0.811542%, 	0.300000%, 	0.511542%
2020-04-08 14:13:49, 	Binance     , 	Bitfinex    , 	ETH/EUR, 	156.52, 	0.12721, 	155.27, 	0.60784, 	0.805049%, 	0.300000%, 	0.505049%
2020-04-08 14:14:04, 	Binance     , 	Bitfinex    , 	ETH/EUR, 	156.52, 	0.12721, 	155.24, 	0.60784, 	0.824530%, 	0.300000%, 	0.524530%
2020-04-08 14:14:19, 	Binance     , 	Bitfinex    , 	ETH/EUR, 	156.52, 	0.12721, 	155.18, 	0.60784, 	0.863513%, 	0.300000%, 	0.563513%
2020-04-08 14:14:34, 	Binance     , 	Bitfinex    , 	ETH/EUR, 	156.52, 	0.12721, 	155.15, 	0.60784, 	0.883016%, 	0.300000%, 	0.583016%
2020-04-08 14:14:49, 	Binance     , 	Bitfinex    , 	ETH/EUR, 	156.52, 	0.12721, 	155.1, 	0.60784, 	0.915538%, 	0.300000%, 	0.615538%
2020-04-08 14:15:04, 	Binance     , 	Bitfinex    , 	ETH/EUR, 	156.52, 	0.12721, 	155.06, 	0.60784, 	0.941571%, 	0.300000%, 	0.641571%
2020-04-08 14:15:19, 	Binance     , 	Bitfinex    , 	ETH/EUR, 	156.52, 	0.12721, 	155.12, 	0.60784, 	0.902527%, 	0.300000%, 	0.602527%
2020-04-08 14:15:34, 	Binance     , 	Bitfinex    , 	ETH/EUR, 	156.52, 	0.12721, 	155.17, 	0.60784, 	0.870014%, 	0.300000%, 	0.570014%
2020-04-08 14:15:49, 	Binance     , 	Bitfinex    , 	ETH/EUR, 	156.52, 	0.12721, 	155.17, 	0.60784, 	0.870014%, 	0.300000%, 	0.570014%
2020-04-08 14:16:04, 	Binance     , 	Bitfinex    , 	ETH/EUR, 	156.52, 	0.12721, 	155.11, 	0.60784, 	0.909032%, 	0.300000%, 	0.609032%
2020-04-08 14:16:19, 	Binance     , 	Bitfinex    , 	ETH/EUR, 	156.52, 	0.12721, 	155.14, 	0.60784, 	0.889519%, 	0.300000%, 	0.589519%
2020-04-08 14:16:34, 	Binance     , 	Bitfinex    , 	ETH/EUR, 	156.52, 	0.12721, 	155.1, 	0.60784, 	0.915538%, 	0.300000%, 	0.615538%
2020-04-08 14:16:49, 	Binance     , 	Bitfinex    , 	ETH/EUR, 	156.52, 	0.12721, 	154.96, 	0.60784, 	1.006711%, 	0.300000%, 	0.706711%
2020-04-08 14:17:04, 	Binance     , 	Bitfinex    , 	ETH/EUR, 	156.52, 	0.12721, 	154.94, 	0.60784, 	1.019750%, 	0.300000%, 	0.719750%
2020-04-08 14:17:19, 	Binance     , 	Bitfinex    , 	ETH/EUR, 	156.52, 	0.12721, 	154.99, 	0.60784, 	0.987160%, 	0.300000%, 	0.687160%
2020-04-08 14:17:34, 	Binance     , 	Bitfinex    , 	ETH/EUR, 	156.52, 	0.12721, 	155.04, 	0.60784, 	0.954592%, 	0.300000%, 	0.654592%
2020-04-08 14:17:49, 	Binance     , 	Bitfinex    , 	ETH/EUR, 	156.52, 	0.12721, 	155.03, 	0.60784, 	0.961104%, 	0.300000%, 	0.661104%
2020-04-08 14:18:04, 	Binance     , 	Bitfinex    , 	ETH/EUR, 	156.52, 	0.12721, 	154.9, 	0.37106, 	1.045836%, 	0.300000%, 	0.745836%
2020-04-08 14:18:19, 	Binance     , 	Bitfinex    , 	ETH/EUR, 	156.52, 	0.12721, 	154.81, 	0.31176, 	1.104580%, 	0.300000%, 	0.804580%
2020-04-08 14:18:34, 	Binance     , 	Bitfinex    , 	ETH/EUR, 	156.52, 	0.12721, 	154.75, 	0.31176, 	1.143780%, 	0.300000%, 	0.843780%
2020-04-08 14:18:49, 	Binance     , 	Bitfinex    , 	ETH/EUR, 	156.52, 	0.12721, 	154.78, 	0.31176, 	1.124176%, 	0.300000%, 	0.824176%
2020-04-08 14:19:04, 	Binance     , 	Bitfinex    , 	ETH/EUR, 	156.52, 	0.12721, 	154.76, 	0.31176, 	1.137245%, 	0.300000%, 	0.837245%
2020-04-08 14:19:19, 	Binance     , 	Bitfinex    , 	ETH/EUR, 	156.52, 	0.12721, 	154.76, 	0.31176, 	1.137245%, 	0.300000%, 	0.837245%
2020-04-08 14:19:34, 	Binance     , 	Bitfinex    , 	ETH/EUR, 	156.52, 	0.12721, 	154.76, 	0.31176, 	1.137245%, 	0.300000%, 	0.837245%
2020-04-08 14:19:49, 	Binance     , 	Bitfinex    , 	ETH/EUR, 	156.52, 	0.12721, 	154.75, 	0.31176, 	1.143780%, 	0.300000%, 	0.843780%
2020-04-08 14:20:04, 	Binance     , 	Bitfinex    , 	ETH/EUR, 	156.52, 	0.12721, 	154.74, 	0.31176, 	1.150317%, 	0.300000%, 	0.850317%
2020-04-08 14:20:19, 	Binance     , 	Bitfinex    , 	ETH/EUR, 	156.52, 	0.12721, 	155.03, 	0.31176, 	0.961104%, 	0.300000%, 	0.661104%
2020-04-08 14:20:34, 	Binance     , 	Bitfinex    , 	ETH/EUR, 	156.52, 	0.12721, 	155.09, 	0.24436, 	0.922045%, 	0.300000%, 	0.622045%
2020-04-08 14:20:49, 	Binance     , 	Bitfinex    , 	ETH/EUR, 	156.52, 	0.12721, 	154.96, 	0.24436, 	1.006711%, 	0.300000%, 	0.706711%
2020-04-08 14:21:04, 	Binance     , 	Bitfinex    , 	ETH/EUR, 	156.52, 	0.12721, 	154.97, 	0.24436, 	1.000194%, 	0.300000%, 	0.700194%
2020-04-08 14:21:19, 	Binance     , 	Bitfinex    , 	ETH/EUR, 	156.52, 	0.12721, 	155.08, 	0.24436, 	0.928553%, 	0.300000%, 	0.628553%
2020-04-08 14:21:34, 	Binance     , 	Bitfinex    , 	ETH/EUR, 	156.52, 	0.12721, 	155.05, 	0.24436, 	0.948081%, 	0.300000%, 	0.648081%
2020-04-08 14:21:49, 	Binance     , 	Bitfinex    , 	ETH/EUR, 	156.52, 	0.12721, 	155.05, 	0.24436, 	0.948081%, 	0.300000%, 	0.648081%
2020-04-08 14:22:04, 	Binance     , 	Bitfinex    , 	ETH/EUR, 	156.52, 	0.12721, 	154.93, 	0.24436, 	1.026270%, 	0.300000%, 	0.726270%
2020-04-08 14:22:19, 	Binance     , 	Bitfinex    , 	ETH/EUR, 	156.52, 	0.12721, 	155.04, 	0.24436, 	0.954592%, 	0.300000%, 	0.654592%
2020-04-08 14:22:34, 	Binance     , 	Bitfinex    , 	ETH/EUR, 	156.52, 	0.12721, 	154.98, 	0.24436, 	0.993677%, 	0.300000%, 	0.693677%
2020-04-08 14:22:49, 	Binance     , 	Bitfinex    , 	ETH/EUR, 	156.52, 	0.12721, 	155.06, 	0.24436, 	0.941571%, 	0.300000%, 	0.641571%
2020-04-08 14:23:04, 	Binance     , 	Bitfinex    , 	ETH/EUR, 	156.52, 	0.12721, 	154.87, 	0.24436, 	1.065410%, 	0.300000%, 	0.765410%
2020-04-08 14:23:19, 	Binance     , 	Bitfinex    , 	ETH/EUR, 	156.52, 	0.12721, 	154.86, 	0.24436, 	1.071936%, 	0.300000%, 	0.771936%
2020-04-08 14:23:34, 	Binance     , 	Bitfinex    , 	ETH/EUR, 	156.52, 	0.12721, 	154.78, 	0.24436, 	1.124176%, 	0.300000%, 	0.824176%
2020-04-08 14:23:49, 	Binance     , 	Bitfinex    , 	ETH/EUR, 	156.52, 	0.12721, 	154.87, 	0.24436, 	1.065410%, 	0.300000%, 	0.765410%
2020-04-08 14:24:04, 	Binance     , 	Bitfinex    , 	ETH/EUR, 	156.52, 	0.12721, 	155.05, 	0.24436, 	0.948081%, 	0.300000%, 	0.648081%
2020-04-08 14:24:19, 	Binance     , 	Bitfinex    , 	ETH/EUR, 	156.52, 	0.12721, 	155.13, 	0.24436, 	0.896023%, 	0.300000%, 	0.596023%
2020-04-08 14:24:34, 	Binance     , 	Bitfinex    , 	ETH/EUR, 	156.52, 	0.12721, 	155.14, 	0.24436, 	0.889519%, 	0.300000%, 	0.589519%
2020-04-08 14:24:49, 	Binance     , 	Bitfinex    , 	ETH/EUR, 	156.52, 	0.12721, 	155.12, 	0.24436, 	0.902527%, 	0.300000%, 	0.602527%
2020-04-08 14:25:04, 	Binance     , 	Bitfinex    , 	ETH/EUR, 	156.52, 	0.12721, 	155.08, 	0.24436, 	0.928553%, 	0.300000%, 	0.628553%
2020-04-08 14:25:19, 	Binance     , 	Bitfinex    , 	ETH/EUR, 	156.52, 	0.12721, 	155.18, 	0.24436, 	0.863513%, 	0.300000%, 	0.563513%
2020-04-08 14:25:34, 	Binance     , 	Bitfinex    , 	ETH/EUR, 	156.52, 	0.12721, 	155.19, 	0.24436, 	0.857014%, 	0.300000%, 	0.557014%
2020-04-08 14:25:49, 	Binance     , 	Bitfinex    , 	ETH/EUR, 	156.52, 	0.12721, 	155.28, 	0.24436, 	0.798557%, 	0.300000%, 	0.498557%
2020-04-08 14:26:04, 	Binance     , 	Bitfinex    , 	ETH/EUR, 	156.52, 	0.12721, 	155.16, 	0.24436, 	0.876515%, 	0.300000%, 	0.576515%
2020-04-08 14:26:19, 	Binance     , 	Bitfinex    , 	ETH/EUR, 	156.52, 	0.12721, 	155.15, 	0.24436, 	0.883016%, 	0.300000%, 	0.583016%
2020-04-08 14:26:34, 	Binance     , 	Bitfinex    , 	ETH/EUR, 	156.52, 	0.12721, 	155.15, 	0.24436, 	0.883016%, 	0.300000%, 	0.583016%
2020-04-08 14:26:49, 	Binance     , 	Bitfinex    , 	ETH/EUR, 	156.52, 	0.12721, 	155.2, 	0.24436, 	0.850515%, 	0.300000%, 	0.550515%
2020-04-08 14:27:04, 	Binance     , 	Bitfinex    , 	ETH/EUR, 	156.52, 	0.12721, 	155.19, 	0.24436, 	0.857014%, 	0.300000%, 	0.557014%
2020-04-08 14:27:19, 	Binance     , 	Bitfinex    , 	ETH/EUR, 	156.52, 	0.12721, 	155.09, 	0.24436, 	0.922045%, 	0.300000%, 	0.622045%
2020-04-08 14:27:34, 	Binance     , 	Bitfinex    , 	ETH/EUR, 	156.52, 	0.12721, 	155.1, 	0.24436, 	0.915538%, 	0.300000%, 	0.615538%
2020-04-08 14:27:49, 	Binance     , 	Bitfinex    , 	ETH/EUR, 	156.52, 	0.12721, 	154.99, 	0.24436, 	0.987160%, 	0.300000%, 	0.687160%
2020-04-08 14:28:04, 	Binance     , 	Bitfinex    , 	ETH/EUR, 	156.52, 	0.12721, 	155.02, 	0.24436, 	0.967617%, 	0.300000%, 	0.667617%
2020-04-08 14:28:19, 	Binance     , 	Bitfinex    , 	ETH/EUR, 	156.52, 	0.12721, 	154.88, 	0.24436, 	1.058884%, 	0.300000%, 	0.758884%
2020-04-08 14:28:34, 	Binance     , 	Bitfinex    , 	ETH/EUR, 	156.52, 	0.12721, 	154.86, 	0.24436, 	1.071936%, 	0.300000%, 	0.771936%
2020-04-08 14:28:49, 	Binance     , 	Bitfinex    , 	ETH/EUR, 	156.52, 	0.12721, 	154.95, 	0.24436, 	1.013230%, 	0.300000%, 	0.713230%
2020-04-08 14:29:04, 	Binance     , 	Bitfinex    , 	ETH/EUR, 	156.52, 	0.12721, 	154.89, 	0.24436, 	1.052360%, 	0.300000%, 	0.752360%
2020-04-08 14:29:19, 	Binance     , 	Bitfinex    , 	ETH/EUR, 	156.52, 	0.12721, 	154.89, 	0.24436, 	1.052360%, 	0.300000%, 	0.752360%
2020-04-08 14:29:34, 	Binance     , 	Bitfinex    , 	ETH/EUR, 	156.52, 	0.12721, 	154.87, 	0.24436, 	1.065410%, 	0.300000%, 	0.765410%
2020-04-08 14:29:49, 	Binance     , 	Bitfinex    , 	ETH/EUR, 	156.0, 	3.75511, 	154.78, 	0.60784, 	0.788216%, 	0.300000%, 	0.488216%
2020-04-08 14:30:04, 	Binance     , 	Bitfinex    , 	ETH/EUR, 	156.0, 	3.75511, 	154.94, 	0.60784, 	0.684136%, 	0.300000%, 	0.384136%
2020-04-08 14:30:19, 	Binance     , 	Bitfinex    , 	ETH/EUR, 	156.0, 	3.75511, 	155.09, 	0.60784, 	0.586756%, 	0.300000%, 	0.286756%
2020-04-08 14:30:34, 	Binance     , 	Bitfinex    , 	ETH/EUR, 	156.01, 	7.73473, 	155.16, 	0.20727, 	0.547822%, 	0.300000%, 	0.247822%
2020-04-08 14:30:49, 	Binance     , 	Bitfinex    , 	ETH/EUR, 	156.01, 	7.99723, 	155.24, 	0.20727, 	0.496006%, 	0.300000%, 	0.196006%
2020-04-08 14:31:04, 	Binance     , 	Bitfinex    , 	ETH/EUR, 	156.01, 	7.99723, 	155.28, 	0.20727, 	0.470118%, 	0.300000%, 	0.170118%
2020-04-08 14:31:19, 	Binance     , 	Bitfinex    , 	ETH/EUR, 	156.01, 	7.99723, 	155.24, 	0.20727, 	0.496006%, 	0.300000%, 	0.196006%
2020-04-08 14:31:34, 	Binance     , 	Bitfinex    , 	ETH/EUR, 	156.01, 	7.73473, 	155.38, 	0.20727, 	0.405458%, 	0.300000%, 	0.105458%
2020-04-08 14:31:49, 	Binance     , 	Bitfinex    , 	ETH/EUR, 	156.02, 	0.45248, 	155.45, 	0.20727, 	0.366677%, 	0.300000%, 	0.066677%
2020-04-08 14:32:04, 	Binance     , 	Bitfinex    , 	ETH/EUR, 	156.02, 	0.26248, 	155.34, 	0.20727, 	0.437749%, 	0.300000%, 	0.137749%
2020-04-08 14:32:19, 	Binance     , 	Bitfinex    , 	ETH/EUR, 	156.02, 	0.26248, 	155.32, 	0.20727, 	0.450682%, 	0.300000%, 	0.150682%
2020-04-08 14:32:34, 	Binance     , 	Bitfinex    , 	ETH/EUR, 	156.02, 	0.26248, 	155.26, 	0.20727, 	0.489501%, 	0.300000%, 	0.189501%
2020-04-08 14:32:49, 	Binance     , 	Bitfinex    , 	ETH/EUR, 	156.02, 	0.26248, 	155.24, 	0.20727, 	0.502448%, 	0.300000%, 	0.202448%
2020-04-08 14:33:04, 	Binance     , 	Bitfinex    , 	ETH/EUR, 	156.02, 	0.26248, 	155.36, 	0.20727, 	0.424820%, 	0.300000%, 	0.124820%
2020-04-08 14:33:19, 	Binance     , 	Bitfinex    , 	ETH/EUR, 	156.02, 	0.26248, 	155.26, 	0.20727, 	0.489501%, 	0.300000%, 	0.189501%
2020-04-08 14:33:34, 	Binance     , 	Bitfinex    , 	ETH/EUR, 	156.02, 	0.26248, 	155.22, 	0.20727, 	0.515398%, 	0.300000%, 	0.215398%
2020-04-08 14:33:49, 	Binance     , 	Bitfinex    , 	ETH/EUR, 	156.02, 	0.26248, 	155.27, 	0.20727, 	0.483030%, 	0.300000%, 	0.183030%
2020-04-08 14:34:04, 	Binance     , 	Bitfinex    , 	ETH/EUR, 	156.02, 	0.26248, 	155.33, 	0.20727, 	0.444216%, 	0.300000%, 	0.144216%
2020-04-08 14:34:19, 	Binance     , 	Bitfinex    , 	ETH/EUR, 	156.02, 	0.26248, 	155.25, 	0.20727, 	0.495974%, 	0.300000%, 	0.195974%
2020-04-08 14:34:34, 	Binance     , 	Bitfinex    , 	ETH/EUR, 	156.02, 	0.26248, 	155.22, 	0.20727, 	0.515398%, 	0.300000%, 	0.215398%
2020-04-08 14:34:49, 	Binance     , 	Bitfinex    , 	ETH/EUR, 	156.03, 	0.19, 	155.39, 	0.20727, 	0.411867%, 	0.300000%, 	0.111867%
2020-04-08 14:35:04, 	Binance     , 	Bitfinex    , 	ETH/EUR, 	156.03, 	0.19, 	155.44, 	0.20727, 	0.379568%, 	0.300000%, 	0.079568%
2020-04-08 14:35:19, 	Binance     , 	Bitfinex    , 	ETH/EUR, 	156.03, 	0.19, 	155.43, 	0.20727, 	0.386026%, 	0.300000%, 	0.086026%
2020-04-08 14:35:34, 	Binance     , 	Bitfinex    , 	ETH/EUR, 	156.03, 	0.19, 	155.44, 	0.60784, 	0.379568%, 	0.300000%, 	0.079568%
2020-04-08 14:35:49, 	Binance     , 	Bitfinex    , 	ETH/EUR, 	156.03, 	0.19, 	155.42, 	0.60784, 	0.392485%, 	0.300000%, 	0.092485%
2020-04-08 14:36:04, 	Binance     , 	Bitfinex    , 	ETH/EUR, 	156.03, 	0.19, 	155.42, 	0.60784, 	0.392485%, 	0.300000%, 	0.092485%
2020-04-08 14:36:19, 	Binance     , 	Bitfinex    , 	ETH/EUR, 	156.03, 	0.19, 	155.42, 	0.60784, 	0.392485%, 	0.300000%, 	0.092485%
2020-04-08 14:36:34, 	Binance     , 	Bitfinex    , 	ETH/EUR, 	156.02, 	0.26248, 	155.4, 	0.60784, 	0.398970%, 	0.300000%, 	0.098970%
2020-04-08 14:36:49, 	Binance     , 	Bitfinex    , 	ETH/EUR, 	156.02, 	0.26248, 	155.35, 	0.60784, 	0.431284%, 	0.300000%, 	0.131284%
2020-04-08 14:37:04, 	Binance     , 	Bitfinex    , 	ETH/EUR, 	156.02, 	0.26248, 	155.33, 	0.60784, 	0.444216%, 	0.300000%, 	0.144216%
2020-04-08 14:37:19, 	Binance     , 	Bitfinex    , 	ETH/EUR, 	156.02, 	0.26248, 	155.19, 	0.60784, 	0.534828%, 	0.300000%, 	0.234828%
2020-04-08 14:37:34, 	Binance     , 	Bitfinex    , 	ETH/EUR, 	156.02, 	0.26248, 	155.09, 	0.60784, 	0.599652%, 	0.300000%, 	0.299652%
2020-04-08 14:37:49, 	Binance     , 	Bitfinex    , 	ETH/EUR, 	156.02, 	0.26248, 	155.24, 	0.60784, 	0.502448%, 	0.300000%, 	0.202448%
2020-04-08 14:38:04, 	Binance     , 	Bitfinex    , 	ETH/EUR, 	156.02, 	0.26248, 	155.12, 	0.60784, 	0.580196%, 	0.300000%, 	0.280196%
2020-04-08 14:38:19, 	Binance     , 	Bitfinex    , 	ETH/EUR, 	156.02, 	0.26248, 	155.02, 	0.60784, 	0.645078%, 	0.300000%, 	0.345078%
2020-04-08 14:38:34, 	Binance     , 	Bitfinex    , 	ETH/EUR, 	156.02, 	0.26248, 	155.0, 	0.60784, 	0.658065%, 	0.300000%, 	0.358065%
2020-04-08 14:38:49, 	Binance     , 	Bitfinex    , 	ETH/EUR, 	156.02, 	0.26248, 	155.0, 	0.60784, 	0.658065%, 	0.300000%, 	0.358065%
2020-04-08 14:39:04, 	Binance     , 	Bitfinex    , 	ETH/EUR, 	156.02, 	0.26248, 	155.09, 	0.60784, 	0.599652%, 	0.300000%, 	0.299652%
2020-04-08 14:39:19, 	Binance     , 	Bitfinex    , 	ETH/EUR, 	156.02, 	0.26248, 	154.97, 	0.60784, 	0.677550%, 	0.300000%, 	0.377550%
2020-04-08 14:39:34, 	Binance     , 	Bitfinex    , 	ETH/EUR, 	156.02, 	0.26248, 	155.13, 	0.60784, 	0.573712%, 	0.300000%, 	0.273712%
2020-04-08 14:39:49, 	Binance     , 	Bitfinex    , 	ETH/EUR, 	156.02, 	0.26248, 	155.03, 	0.60784, 	0.638586%, 	0.300000%, 	0.338586%
2020-04-08 14:40:04, 	Binance     , 	Bitfinex    , 	ETH/EUR, 	156.02, 	0.26248, 	154.92, 	0.60784, 	0.710044%, 	0.300000%, 	0.410044%
2020-04-08 14:40:19, 	Binance     , 	Bitfinex    , 	ETH/EUR, 	156.02, 	0.26248, 	155.19, 	0.20727, 	0.534828%, 	0.300000%, 	0.234828%
2020-04-08 14:40:34, 	Binance     , 	Bitfinex    , 	ETH/EUR, 	156.02, 	0.26248, 	155.21, 	0.20727, 	0.521874%, 	0.300000%, 	0.221874%
2020-04-08 14:40:49, 	Binance     , 	Bitfinex    , 	ETH/EUR, 	156.02, 	0.26248, 	155.18, 	0.20727, 	0.541307%, 	0.300000%, 	0.241307%
2020-04-08 14:41:04, 	Binance     , 	Bitfinex    , 	ETH/EUR, 	156.02, 	0.26248, 	155.11, 	0.20727, 	0.586680%, 	0.300000%, 	0.286680%
2020-04-08 14:41:19, 	Binance     , 	Bitfinex    , 	ETH/EUR, 	156.02, 	0.26248, 	155.11, 	0.20727, 	0.586680%, 	0.300000%, 	0.286680%
2020-04-08 14:41:34, 	Binance     , 	Bitfinex    , 	ETH/EUR, 	156.02, 	0.26248, 	154.99, 	0.24, 	0.664559%, 	0.300000%, 	0.364559%
2020-04-08 14:41:49, 	Binance     , 	Bitfinex    , 	ETH/EUR, 	156.02, 	0.26248, 	155.0, 	0.24, 	0.658065%, 	0.300000%, 	0.358065%
2020-04-08 14:42:04, 	Binance     , 	Bitfinex    , 	ETH/EUR, 	156.02, 	0.26248, 	155.11, 	0.60784, 	0.586680%, 	0.300000%, 	0.286680%
2020-04-08 14:42:19, 	Binance     , 	Bitfinex    , 	ETH/EUR, 	156.02, 	0.26248, 	155.11, 	0.60784, 	0.586680%, 	0.300000%, 	0.286680%
2020-04-08 14:42:34, 	Binance     , 	Bitfinex    , 	ETH/EUR, 	156.02, 	0.26248, 	155.11, 	0.20727, 	0.586680%, 	0.300000%, 	0.286680%
2020-04-08 14:42:49, 	Binance     , 	Bitfinex    , 	ETH/EUR, 	156.02, 	0.26248, 	155.14, 	0.20727, 	0.567230%, 	0.300000%, 	0.267230%
2020-04-08 14:43:04, 	Binance     , 	Bitfinex    , 	ETH/EUR, 	156.02, 	0.26248, 	155.1, 	0.20727, 	0.593166%, 	0.300000%, 	0.293166%
2020-04-08 14:43:19, 	Binance     , 	Bitfinex    , 	ETH/EUR, 	156.02, 	0.26248, 	155.22, 	0.20727, 	0.515398%, 	0.300000%, 	0.215398%
2020-04-08 14:43:34, 	Binance     , 	Bitfinex    , 	ETH/EUR, 	156.02, 	0.26248, 	155.14, 	0.20727, 	0.567230%, 	0.300000%, 	0.267230%
2020-04-08 14:43:49, 	Binance     , 	Bitfinex    , 	ETH/EUR, 	156.52, 	0.07254, 	155.11, 	0.20727, 	0.909032%, 	0.300000%, 	0.609032%
2020-04-08 14:44:04, 	Binance     , 	Bitfinex    , 	ETH/EUR, 	156.52, 	0.07254, 	155.12, 	0.20727, 	0.902527%, 	0.300000%, 	0.602527%
2020-04-08 14:44:19, 	Binance     , 	Bitfinex    , 	ETH/EUR, 	156.52, 	0.07254, 	155.11, 	0.20727, 	0.909032%, 	0.300000%, 	0.609032%
2020-04-08 14:44:34, 	Binance     , 	Bitfinex    , 	ETH/EUR, 	156.02, 	0.26248, 	154.93, 	0.60784, 	0.703544%, 	0.300000%, 	0.403544%
2020-04-08 14:44:49, 	Binance     , 	Bitfinex    , 	ETH/EUR, 	156.02, 	0.26248, 	154.89, 	0.60784, 	0.729550%, 	0.300000%, 	0.429550%
2020-04-08 14:45:04, 	Binance     , 	Bitfinex    , 	ETH/EUR, 	156.02, 	0.26248, 	154.98, 	0.60784, 	0.671054%, 	0.300000%, 	0.371054%
2020-04-08 14:45:19, 	Binance     , 	Bitfinex    , 	ETH/EUR, 	156.02, 	0.26248, 	154.97, 	0.60784, 	0.677550%, 	0.300000%, 	0.377550%
2020-04-08 14:45:34, 	Binance     , 	Bitfinex    , 	ETH/EUR, 	156.02, 	0.26248, 	154.88, 	0.60784, 	0.736054%, 	0.300000%, 	0.436054%
2020-04-08 14:45:49, 	Binance     , 	Bitfinex    , 	ETH/EUR, 	156.02, 	0.26248, 	154.88, 	0.60784, 	0.736054%, 	0.300000%, 	0.436054%
2020-04-08 14:46:04, 	Binance     , 	Bitfinex    , 	ETH/EUR, 	156.02, 	0.26248, 	154.88, 	7.4, 	0.736054%, 	0.300000%, 	0.436054%
2020-04-08 14:46:19, 	Binance     , 	Bitfinex    , 	ETH/EUR, 	156.02, 	0.26248, 	154.88, 	7.4, 	0.736054%, 	0.300000%, 	0.436054%
2020-04-08 14:46:34, 	Binance     , 	Bitfinex    , 	ETH/EUR, 	156.02, 	0.26248, 	154.8, 	7.4, 	0.788114%, 	0.300000%, 	0.488114%
2020-04-08 14:46:49, 	Binance     , 	Bitfinex    , 	ETH/EUR, 	156.02, 	0.26248, 	154.72, 	7.4, 	0.840228%, 	0.300000%, 	0.540228%
2020-04-08 14:47:04, 	Binance     , 	Bitfinex    , 	ETH/EUR, 	156.02, 	0.26248, 	154.66, 	7.4, 	0.879348%, 	0.300000%, 	0.579348%
2020-04-08 14:47:19, 	Binance     , 	Bitfinex    , 	ETH/EUR, 	156.02, 	0.26248, 	154.61, 	7.4, 	0.911972%, 	0.300000%, 	0.611972%
2020-04-08 14:47:34, 	Binance     , 	Bitfinex    , 	ETH/EUR, 	156.02, 	0.26248, 	154.58, 	0.60784, 	0.931556%, 	0.300000%, 	0.631556%
2020-04-08 14:47:49, 	Binance     , 	Bitfinex    , 	ETH/EUR, 	156.02, 	0.26248, 	154.54, 	0.60784, 	0.957681%, 	0.300000%, 	0.657681%
2020-04-08 14:48:04, 	Binance     , 	Bitfinex    , 	ETH/EUR, 	156.02, 	0.26248, 	154.53, 	0.60784, 	0.964214%, 	0.300000%, 	0.664214%
2020-04-08 14:48:19, 	Binance     , 	Bitfinex    , 	ETH/EUR, 	156.02, 	0.26248, 	154.51, 	0.60784, 	0.977283%, 	0.300000%, 	0.677283%
2020-04-08 14:48:34, 	Binance     , 	Bitfinex    , 	ETH/EUR, 	156.02, 	0.26248, 	154.51, 	0.60784, 	0.977283%, 	0.300000%, 	0.677283%
2020-04-08 14:48:49, 	Binance     , 	Bitfinex    , 	ETH/EUR, 	156.02, 	0.26248, 	154.51, 	0.3288, 	0.977283%, 	0.300000%, 	0.677283%
2020-04-08 14:49:04, 	Binance     , 	Bitfinex    , 	ETH/EUR, 	156.02, 	0.26248, 	154.5, 	0.3288, 	0.983819%, 	0.300000%, 	0.683819%
2020-04-08 14:49:19, 	Binance     , 	Bitfinex    , 	ETH/EUR, 	156.02, 	0.26248, 	154.37, 	0.60784, 	1.068861%, 	0.300000%, 	0.768861%
2020-04-08 14:49:34, 	Binance     , 	Bitfinex    , 	ETH/EUR, 	156.02, 	0.26248, 	154.45, 	0.60784, 	1.016510%, 	0.300000%, 	0.716510%
2020-04-08 14:49:49, 	Binance     , 	Bitfinex    , 	ETH/EUR, 	156.02, 	0.26248, 	154.39, 	0.60784, 	1.055768%, 	0.300000%, 	0.755768%
2020-04-08 14:50:04, 	Binance     , 	Bitfinex    , 	ETH/EUR, 	156.02, 	0.26248, 	154.32, 	0.60784, 	1.101607%, 	0.300000%, 	0.801607%
2020-04-08 14:50:19, 	Binance     , 	Bitfinex    , 	ETH/EUR, 	156.02, 	0.00603, 	154.15, 	0.3461, 	1.213104%, 	0.300000%, 	0.913104%
2020-04-08 14:50:34, 	Binance     , 	Bitfinex    , 	ETH/EUR, 	156.02, 	0.00603, 	154.11, 	0.20488, 	1.239374%, 	0.300000%, 	0.939374%
2020-04-08 14:50:49, 	Binance     , 	Bitfinex    , 	ETH/EUR, 	156.02, 	0.00603, 	154.11, 	0.20488, 	1.239374%, 	0.300000%, 	0.939374%
2020-04-08 14:51:04, 	Binance     , 	Bitfinex    , 	ETH/EUR, 	156.02, 	0.00603, 	154.08, 	0.326, 	1.259086%, 	0.300000%, 	0.959086%
2020-04-08 14:51:19, 	Binance     , 	Bitfinex    , 	ETH/EUR, 	156.02, 	0.00603, 	154.14, 	0.621, 	1.219670%, 	0.300000%, 	0.919670%
2020-04-08 14:51:34, 	Binance     , 	Bitfinex    , 	ETH/EUR, 	156.02, 	0.00603, 	154.19, 	0.621, 	1.186847%, 	0.300000%, 	0.886847%
2020-04-08 14:51:49, 	Binance     , 	Bitfinex    , 	ETH/EUR, 	156.02, 	0.00603, 	154.19, 	0.621, 	1.186847%, 	0.300000%, 	0.886847%
2020-04-08 14:52:04, 	Binance     , 	Bitfinex    , 	ETH/EUR, 	156.02, 	0.00603, 	154.33, 	0.797, 	1.095056%, 	0.300000%, 	0.795056%
2020-04-08 14:52:19, 	Binance     , 	Bitfinex    , 	ETH/EUR, 	156.02, 	0.00603, 	154.48, 	0.621, 	0.996893%, 	0.300000%, 	0.696893%
2020-04-08 14:52:34, 	Binance     , 	Bitfinex    , 	ETH/EUR, 	156.02, 	0.00603, 	154.38, 	0.621, 	1.062314%, 	0.300000%, 	0.762314%
2020-04-08 14:52:49, 	Binance     , 	Bitfinex    , 	ETH/EUR, 	156.02, 	0.00603, 	154.35, 	0.274, 	1.081957%, 	0.300000%, 	0.781957%
2020-04-08 14:53:04, 	Binance     , 	Bitfinex    , 	ETH/EUR, 	156.02, 	0.00603, 	154.46, 	0.621, 	1.009970%, 	0.300000%, 	0.709970%
2020-04-08 14:53:19, 	Binance     , 	Bitfinex    , 	ETH/EUR, 	156.02, 	0.00603, 	154.35, 	0.622, 	1.081957%, 	0.300000%, 	0.781957%
2020-04-08 14:53:34, 	Binance     , 	Bitfinex    , 	ETH/EUR, 	156.02, 	0.00603, 	154.24, 	0.622, 	1.154046%, 	0.300000%, 	0.854046%
2020-04-08 14:53:49, 	Binance     , 	Bitfinex    , 	ETH/EUR, 	156.02, 	0.00603, 	154.23, 	0.419, 	1.160604%, 	0.300000%, 	0.860604%
2020-04-08 14:54:04, 	Binance     , 	Bitfinex    , 	ETH/EUR, 	156.02, 	0.00603, 	154.21, 	0.334, 	1.173724%, 	0.300000%, 	0.873724%
2020-04-08 14:54:19, 	Binance     , 	Bitfinex    , 	ETH/EUR, 	156.02, 	0.00603, 	154.26, 	0.894, 	1.140931%, 	0.300000%, 	0.840931%
2020-04-08 14:54:34, 	Binance     , 	Bitfinex    , 	ETH/EUR, 	156.02, 	0.00603, 	154.32, 	0.621, 	1.101607%, 	0.300000%, 	0.801607%
2020-04-08 14:54:49, 	Binance     , 	Bitfinex    , 	ETH/EUR, 	156.02, 	0.00603, 	154.3, 	0.621, 	1.114712%, 	0.300000%, 	0.814712%
2020-04-08 14:55:04, 	Binance     , 	Bitfinex    , 	ETH/EUR, 	156.02, 	0.00603, 	154.25, 	0.622, 	1.147488%, 	0.300000%, 	0.847488%
2020-04-08 14:55:19, 	Binance     , 	Bitfinex    , 	ETH/EUR, 	156.02, 	0.00603, 	154.36, 	0.60784, 	1.075408%, 	0.300000%, 	0.775408%
2020-04-08 14:55:34, 	Binance     , 	Bitfinex    , 	ETH/EUR, 	156.02, 	0.00603, 	154.3, 	0.893, 	1.114712%, 	0.300000%, 	0.814712%
2020-04-08 14:55:49, 	Binance     , 	Bitfinex    , 	ETH/EUR, 	156.02, 	0.00603, 	154.34, 	0.60784, 	1.088506%, 	0.300000%, 	0.788506%
2020-04-08 14:56:04, 	Binance     , 	Bitfinex    , 	ETH/EUR, 	156.02, 	0.00603, 	154.34, 	0.621, 	1.088506%, 	0.300000%, 	0.788506%
2020-04-08 14:56:19, 	Binance     , 	Bitfinex    , 	ETH/EUR, 	156.02, 	0.00603, 	154.12, 	0.894, 	1.232806%, 	0.300000%, 	0.932806%
2020-04-08 14:56:34, 	Binance     , 	Bitfinex    , 	ETH/EUR, 	156.02, 	0.00603, 	154.06, 	0.56, 	1.272232%, 	0.300000%, 	0.972232%
2020-04-08 14:56:49, 	Binance     , 	Bitfinex    , 	ETH/EUR, 	156.02, 	0.00603, 	154.12, 	0.798, 	1.232806%, 	0.300000%, 	0.932806%
2020-04-08 14:57:04, 	Binance     , 	Bitfinex    , 	ETH/EUR, 	154.91, 	7.59219, 	154.08, 	0.07152, 	0.538681%, 	0.300000%, 	0.238681%
2020-04-08 14:57:19, 	Binance     , 	Bitfinex    , 	ETH/EUR, 	154.86, 	0.20949, 	153.63, 	0.07152, 	0.800625%, 	0.300000%, 	0.500625%
2020-04-08 14:57:34, 	Binance     , 	Bitfinex    , 	ETH/EUR, 	154.86, 	6.14689, 	153.75, 	0.07152, 	0.721951%, 	0.300000%, 	0.421951%
2020-04-08 14:57:49, 	Binance     , 	Bitfinex    , 	ETH/EUR, 	154.86, 	0.20949, 	153.38, 	0.07152, 	0.964924%, 	0.300000%, 	0.664924%
2020-04-08 14:58:04, 	Binance     , 	Bitfinex    , 	ETH/EUR, 	154.86, 	0.20949, 	153.42, 	0.07152, 	0.938600%, 	0.300000%, 	0.638600%
2020-04-08 14:58:19, 	Binance     , 	Bitfinex    , 	ETH/EUR, 	154.86, 	0.20949, 	153.24, 	0.07152, 	1.057165%, 	0.300000%, 	0.757165%
2020-04-08 14:58:34, 	Binance     , 	Bitfinex    , 	ETH/EUR, 	154.86, 	0.20949, 	153.26, 	0.07152, 	1.043978%, 	0.300000%, 	0.743978%
2020-04-08 14:58:49, 	Binance     , 	Bitfinex    , 	ETH/EUR, 	154.86, 	0.20949, 	153.38, 	0.07152, 	0.964924%, 	0.300000%, 	0.664924%
2020-04-08 14:59:04, 	Binance     , 	Bitfinex    , 	ETH/EUR, 	154.86, 	0.20949, 	153.38, 	0.07152, 	0.964924%, 	0.300000%, 	0.664924%
2020-04-08 14:59:19, 	Binance     , 	Bitfinex    , 	ETH/EUR, 	154.86, 	0.20949, 	153.38, 	0.07152, 	0.964924%, 	0.300000%, 	0.664924%
2020-04-08 14:59:34, 	Binance     , 	Bitfinex    , 	ETH/EUR, 	154.86, 	0.20949, 	153.38, 	0.07152, 	0.964924%, 	0.300000%, 	0.664924%
2020-04-08 14:59:49, 	Binance     , 	Bitfinex    , 	ETH/EUR, 	154.86, 	0.20949, 	153.38, 	0.07152, 	0.964924%, 	0.300000%, 	0.664924%
2020-04-08 15:00:04, 	Binance     , 	Bitfinex    , 	ETH/EUR, 	154.86, 	0.20949, 	153.34, 	0.07152, 	0.991261%, 	0.300000%, 	0.691261%
2020-04-08 15:00:19, 	Binance     , 	Bitfinex    , 	ETH/EUR, 	154.86, 	0.20949, 	153.51, 	0.07152, 	0.879422%, 	0.300000%, 	0.579422%
2020-04-08 15:00:34, 	Binance     , 	Bitfinex    , 	ETH/EUR, 	154.86, 	4.83256, 	153.84, 	0.07152, 	0.663027%, 	0.300000%, 	0.363027%
2020-04-08 15:00:49, 	Binance     , 	Bitfinex    , 	ETH/EUR, 	154.86, 	0.20949, 	153.76, 	0.07152, 	0.715401%, 	0.300000%, 	0.415401%
2020-04-08 15:01:04, 	Binance     , 	Bitfinex    , 	ETH/EUR, 	154.86, 	4.83256, 	153.76, 	0.07152, 	0.715401%, 	0.300000%, 	0.415401%
2020-04-08 15:01:19, 	Binance     , 	Bitfinex    , 	ETH/EUR, 	154.87, 	0.191, 	153.76, 	0.07152, 	0.721904%, 	0.300000%, 	0.421904%
2020-04-08 15:01:34, 	Binance     , 	Bitfinex    , 	ETH/EUR, 	154.92, 	0.191, 	154.01, 	0.06475, 	0.590871%, 	0.300000%, 	0.290871%
2020-04-08 15:01:49, 	Binance     , 	Bitfinex    , 	ETH/EUR, 	154.91, 	0.07459, 	154.02, 	0.06475, 	0.577847%, 	0.300000%, 	0.277847%
2020-04-08 15:02:04, 	Binance     , 	Bitfinex    , 	ETH/EUR, 	154.91, 	0.07459, 	153.99, 	0.06475, 	0.597441%, 	0.300000%, 	0.297441%
2020-04-08 15:02:19, 	Binance     , 	Bitfinex    , 	ETH/EUR, 	154.91, 	0.07459, 	154.09, 	0.06475, 	0.532157%, 	0.300000%, 	0.232157%
2020-04-08 15:02:34, 	Binance     , 	Bitfinex    , 	ETH/EUR, 	154.91, 	0.07459, 	154.09, 	0.06475, 	0.532157%, 	0.300000%, 	0.232157%
2020-04-08 15:02:49, 	Binance     , 	Bitfinex    , 	ETH/EUR, 	154.92, 	0.191, 	154.09, 	0.06475, 	0.538646%, 	0.300000%, 	0.238646%
2020-04-08 15:03:04, 	Binance     , 	Bitfinex    , 	ETH/EUR, 	154.92, 	0.191, 	154.14, 	0.06475, 	0.506033%, 	0.300000%, 	0.206033%
2020-04-08 15:03:19, 	Binance     , 	Bitfinex    , 	ETH/EUR, 	154.92, 	0.191, 	154.18, 	0.06475, 	0.479958%, 	0.300000%, 	0.179958%
2020-04-08 15:03:34, 	Binance     , 	Bitfinex    , 	ETH/EUR, 	154.92, 	0.191, 	154.08, 	0.06475, 	0.545171%, 	0.300000%, 	0.245171%
2020-04-08 15:03:49, 	Binance     , 	Bitfinex    , 	ETH/EUR, 	154.92, 	0.133, 	154.14, 	0.06475, 	0.506033%, 	0.300000%, 	0.206033%
2020-04-08 15:04:04, 	Binance     , 	Bitfinex    , 	ETH/EUR, 	154.92, 	0.133, 	154.19, 	0.06475, 	0.473442%, 	0.300000%, 	0.173442%
2020-04-08 15:04:19, 	Binance     , 	Bitfinex    , 	ETH/EUR, 	154.91, 	0.07459, 	154.09, 	0.06475, 	0.532157%, 	0.300000%, 	0.232157%
2020-04-08 15:04:34, 	Binance     , 	Bitfinex    , 	ETH/EUR, 	154.92, 	0.133, 	154.16, 	0.06475, 	0.492994%, 	0.300000%, 	0.192994%
2020-04-08 15:04:49, 	Binance     , 	Bitfinex    , 	ETH/EUR, 	154.91, 	0.07459, 	154.1, 	0.06475, 	0.525633%, 	0.300000%, 	0.225633%
2020-04-08 15:05:04, 	Binance     , 	Bitfinex    , 	ETH/EUR, 	154.92, 	0.118, 	154.15, 	0.06475, 	0.499513%, 	0.300000%, 	0.199513%
2020-04-08 15:05:19, 	Binance     , 	Bitfinex    , 	ETH/EUR, 	154.92, 	0.191, 	154.19, 	0.06475, 	0.473442%, 	0.300000%, 	0.173442%
2020-04-08 15:05:34, 	Binance     , 	Bitfinex    , 	ETH/EUR, 	154.91, 	0.07459, 	154.18, 	0.06475, 	0.473473%, 	0.300000%, 	0.173473%
2020-04-08 15:05:49, 	Binance     , 	Bitfinex    , 	ETH/EUR, 	154.91, 	0.07459, 	154.19, 	0.06475, 	0.466956%, 	0.300000%, 	0.166956%
2020-04-08 15:06:04, 	Binance     , 	Bitfinex    , 	ETH/EUR, 	154.91, 	0.07459, 	154.11, 	0.06475, 	0.519110%, 	0.300000%, 	0.219110%
2020-04-08 15:06:20, 	Binance     , 	Bitfinex    , 	ETH/EUR, 	154.91, 	0.07459, 	154.1, 	0.06475, 	0.525633%, 	0.300000%, 	0.225633%
2020-04-08 15:06:35, 	Binance     , 	Bitfinex    , 	ETH/EUR, 	154.92, 	0.191, 	154.12, 	0.06475, 	0.519076%, 	0.300000%, 	0.219076%
2020-04-08 15:06:50, 	Binance     , 	Bitfinex    , 	ETH/EUR, 	154.92, 	0.191, 	154.12, 	0.06475, 	0.519076%, 	0.300000%, 	0.219076%
2020-04-08 15:07:05, 	Binance     , 	Bitfinex    , 	ETH/EUR, 	154.92, 	0.191, 	154.18, 	0.06475, 	0.479958%, 	0.300000%, 	0.179958%
2020-04-08 15:07:20, 	Binance     , 	Bitfinex    , 	ETH/EUR, 	154.91, 	0.07459, 	154.12, 	0.06475, 	0.512588%, 	0.300000%, 	0.212588%
2020-04-08 15:07:35, 	Binance     , 	Bitfinex    , 	ETH/EUR, 	154.92, 	0.191, 	154.18, 	0.06475, 	0.479958%, 	0.300000%, 	0.179958%
2020-04-08 15:07:50, 	Binance     , 	Bitfinex    , 	ETH/EUR, 	154.92, 	0.191, 	154.15, 	0.06475, 	0.499513%, 	0.300000%, 	0.199513%
2020-04-08 15:08:05, 	Binance     , 	Bitfinex    , 	ETH/EUR, 	154.92, 	7.47962, 	154.15, 	0.06475, 	0.499513%, 	0.300000%, 	0.199513%
2020-04-08 15:08:20, 	Binance     , 	Bitfinex    , 	ETH/EUR, 	155.41, 	0.20875, 	154.11, 	0.17569, 	0.843553%, 	0.300000%, 	0.543553%
2020-04-08 15:08:35, 	Binance     , 	Bitfinex    , 	ETH/EUR, 	155.41, 	0.20875, 	154.09, 	4.80484, 	0.856642%, 	0.300000%, 	0.556642%
2020-04-08 15:08:50, 	Binance     , 	Bitfinex    , 	ETH/EUR, 	155.41, 	0.20875, 	154.11, 	4.80484, 	0.843553%, 	0.300000%, 	0.543553%
2020-04-08 15:09:05, 	Binance     , 	Bitfinex    , 	ETH/EUR, 	155.41, 	0.20875, 	154.1, 	4.80484, 	0.850097%, 	0.300000%, 	0.550097%
2020-04-08 15:09:20, 	Binance     , 	Bitfinex    , 	ETH/EUR, 	155.41, 	0.20875, 	154.1, 	4.80484, 	0.850097%, 	0.300000%, 	0.550097%
2020-04-08 15:09:35, 	Binance     , 	Bitfinex    , 	ETH/EUR, 	155.41, 	0.20875, 	154.1, 	4.80484, 	0.850097%, 	0.300000%, 	0.550097%
2020-04-08 15:09:50, 	Binance     , 	Bitfinex    , 	ETH/EUR, 	155.41, 	0.20875, 	154.18, 	4.80484, 	0.797769%, 	0.300000%, 	0.497769%
2020-04-08 15:10:05, 	Binance     , 	Bitfinex    , 	ETH/EUR, 	155.41, 	0.20875, 	154.21, 	4.80484, 	0.778160%, 	0.300000%, 	0.478160%
2020-04-08 15:10:20, 	Binance     , 	Bitfinex    , 	ETH/EUR, 	155.41, 	0.20875, 	154.41, 	0.17569, 	0.647626%, 	0.300000%, 	0.347626%
2020-04-08 15:10:35, 	Binance     , 	Bitfinex    , 	ETH/EUR, 	155.41, 	0.20875, 	154.57, 	0.17569, 	0.543443%, 	0.300000%, 	0.243443%
2020-04-08 15:10:50, 	Binance     , 	Bitfinex    , 	ETH/EUR, 	155.41, 	0.20875, 	154.56, 	0.17569, 	0.549948%, 	0.300000%, 	0.249948%
2020-04-08 15:11:05, 	Binance     , 	Bitfinex    , 	ETH/EUR, 	155.41, 	0.20875, 	154.55, 	0.17569, 	0.556454%, 	0.300000%, 	0.256454%
2020-04-08 15:11:20, 	Binance     , 	Bitfinex    , 	ETH/EUR, 	155.41, 	0.20875, 	154.57, 	0.17569, 	0.543443%, 	0.300000%, 	0.243443%
2020-04-08 15:11:35, 	Binance     , 	Bitfinex    , 	ETH/EUR, 	155.41, 	0.20875, 	154.62, 	0.17569, 	0.510930%, 	0.300000%, 	0.210930%
2020-04-08 15:11:50, 	Binance     , 	Bitfinex    , 	ETH/EUR, 	155.41, 	0.20875, 	154.62, 	0.17569, 	0.510930%, 	0.300000%, 	0.210930%
2020-04-08 15:12:05, 	Binance     , 	Bitfinex    , 	ETH/EUR, 	155.41, 	0.20875, 	154.64, 	0.17569, 	0.497931%, 	0.300000%, 	0.197931%
2020-04-08 15:12:20, 	Binance     , 	Bitfinex    , 	ETH/EUR, 	155.41, 	0.20875, 	154.64, 	0.17569, 	0.497931%, 	0.300000%, 	0.197931%
2020-04-08 15:12:35, 	Binance     , 	Bitfinex    , 	ETH/EUR, 	155.41, 	0.20875, 	154.64, 	0.17569, 	0.497931%, 	0.300000%, 	0.197931%
2020-04-08 15:12:50, 	Binance     , 	Bitfinex    , 	ETH/EUR, 	155.41, 	0.20875, 	154.64, 	0.17569, 	0.497931%, 	0.300000%, 	0.197931%
2020-04-08 15:13:05, 	Binance     , 	Bitfinex    , 	ETH/EUR, 	155.41, 	0.20875, 	154.64, 	0.17569, 	0.497931%, 	0.300000%, 	0.197931%
2020-04-08 15:13:20, 	Binance     , 	Bitfinex    , 	ETH/EUR, 	155.41, 	0.20875, 	154.64, 	0.17569, 	0.497931%, 	0.300000%, 	0.197931%
2020-04-08 15:13:35, 	Binance     , 	Bitfinex    , 	ETH/EUR, 	155.41, 	0.20875, 	154.64, 	0.17569, 	0.497931%, 	0.300000%, 	0.197931%
2020-04-08 15:13:50, 	Binance     , 	Bitfinex    , 	ETH/EUR, 	155.41, 	0.20875, 	154.64, 	0.17569, 	0.497931%, 	0.300000%, 	0.197931%
2020-04-08 15:14:05, 	Binance     , 	Bitfinex    , 	ETH/EUR, 	155.41, 	0.20875, 	154.73, 	0.17569, 	0.439475%, 	0.300000%, 	0.139475%
2020-04-08 15:14:20, 	Binance     , 	Bitfinex    , 	ETH/EUR, 	155.41, 	0.20875, 	154.79, 	0.17569, 	0.400543%, 	0.300000%, 	0.100543%
2020-04-08 15:14:35, 	Binance     , 	Bitfinex    , 	ETH/EUR, 	155.41, 	0.20875, 	154.83, 	0.17569, 	0.374604%, 	0.300000%, 	0.074604%
2020-04-08 15:14:50, 	Binance     , 	Bitfinex    , 	ETH/EUR, 	155.41, 	0.20875, 	154.81, 	0.17569, 	0.387572%, 	0.300000%, 	0.087572%
2020-04-08 15:15:05, 	Binance     , 	Bitfinex    , 	ETH/EUR, 	155.41, 	0.20875, 	154.78, 	0.17569, 	0.407029%, 	0.300000%, 	0.107029%
2020-04-08 15:15:20, 	Binance     , 	Bitfinex    , 	ETH/EUR, 	155.41, 	0.20875, 	154.79, 	0.17569, 	0.400543%, 	0.300000%, 	0.100543%
2020-04-08 15:15:35, 	Binance     , 	Bitfinex    , 	ETH/EUR, 	155.42, 	0.19, 	154.91, 	0.17569, 	0.329223%, 	0.300000%, 	0.029223%
2020-04-08 15:15:50, 	Binance     , 	Bitfinex    , 	ETH/EUR, 	155.41, 	0.20875, 	154.88, 	0.17569, 	0.342200%, 	0.300000%, 	0.042200%
2020-04-08 15:16:05, 	Binance     , 	Bitfinex    , 	ETH/EUR, 	155.42, 	0.19, 	154.87, 	0.17569, 	0.355137%, 	0.300000%, 	0.055137%
2020-04-08 15:16:20, 	Binance     , 	Bitfinex    , 	ETH/EUR, 	155.42, 	0.19, 	154.98, 	0.17569, 	0.283908%, 	0.300000%, 	-0.016092%
2020-04-08 15:18:43, 	Binance     , 	Bitfinex    , 	ETH/EUR, 	155.41, 	0.20875, 	154.9, 	0.17569, 	0.329245%, 	0.300000%, 	0.029245%
2020-04-08 15:18:58, 	Binance     , 	Bitfinex    , 	ETH/EUR, 	155.41, 	0.20875, 	154.92, 	0.10409, 	0.316292%, 	0.300000%, 	0.016292%
2020-04-08 15:19:13, 	Binance     , 	Bitfinex    , 	ETH/EUR, 	155.41, 	0.20875, 	154.95, 	0.10409, 	0.296870%, 	0.300000%, 	-0.003130%
2020-04-08 15:19:38, 	Binance     , 	Bitfinex    , 	ETH/EUR, 	155.41, 	0.20875, 	154.9, 	0.10409, 	0.329245%, 	0.300000%, 	0.029245%
2020-04-08 15:19:53, 	Binance     , 	Bitfinex    , 	ETH/EUR, 	155.41, 	0.20875, 	154.9, 	0.10409, 	0.329245%, 	0.300000%, 	0.029245%
2020-04-08 15:20:08, 	Binance     , 	Bitfinex    , 	ETH/EUR, 	155.41, 	0.20875, 	154.86, 	0.10409, 	0.355159%, 	0.300000%, 	0.055159%
2020-04-08 15:20:23, 	Binance     , 	Bitfinex    , 	ETH/EUR, 	155.41, 	0.20875, 	154.87, 	0.10409, 	0.348680%, 	0.300000%, 	0.048680%
2020-04-08 15:20:38, 	Binance     , 	Bitfinex    , 	ETH/EUR, 	155.41, 	0.20875, 	154.81, 	0.10409, 	0.387572%, 	0.300000%, 	0.087572%
2020-04-08 15:20:53, 	Binance     , 	Bitfinex    , 	ETH/EUR, 	155.41, 	0.20875, 	154.8, 	0.10409, 	0.394057%, 	0.300000%, 	0.094057%
2020-04-08 15:21:08, 	Binance     , 	Bitfinex    , 	ETH/EUR, 	155.41, 	0.20875, 	154.8, 	0.10409, 	0.394057%, 	0.300000%, 	0.094057%
2020-04-08 15:21:23, 	Binance     , 	Bitfinex    , 	ETH/EUR, 	155.41, 	0.20875, 	154.79, 	0.10409, 	0.400543%, 	0.300000%, 	0.100543%
2020-04-08 15:21:38, 	Binance     , 	Bitfinex    , 	ETH/EUR, 	155.41, 	0.20875, 	154.55, 	0.10409, 	0.556454%, 	0.300000%, 	0.256454%
2020-04-08 15:21:53, 	Binance     , 	Bitfinex    , 	ETH/EUR, 	155.41, 	0.20875, 	154.45, 	0.10409, 	0.621560%, 	0.300000%, 	0.321560%
2020-04-08 15:22:08, 	Binance     , 	Bitfinex    , 	ETH/EUR, 	155.41, 	0.20875, 	154.45, 	0.10409, 	0.621560%, 	0.300000%, 	0.321560%
2020-04-08 15:22:23, 	Binance     , 	Bitfinex    , 	ETH/EUR, 	155.41, 	0.20875, 	154.45, 	0.10409, 	0.621560%, 	0.300000%, 	0.321560%
2020-04-08 15:22:38, 	Binance     , 	Bitfinex    , 	ETH/EUR, 	155.41, 	0.20875, 	154.65, 	0.10409, 	0.491432%, 	0.300000%, 	0.191432%
2020-04-08 15:22:53, 	Binance     , 	Bitfinex    , 	ETH/EUR, 	155.41, 	0.20875, 	154.56, 	0.10409, 	0.549948%, 	0.300000%, 	0.249948%
2020-04-08 15:23:08, 	Binance     , 	Bitfinex    , 	ETH/EUR, 	155.41, 	0.20875, 	154.56, 	0.10409, 	0.549948%, 	0.300000%, 	0.249948%
2020-04-08 15:23:23, 	Binance     , 	Bitfinex    , 	ETH/EUR, 	155.41, 	0.20875, 	154.51, 	0.10409, 	0.582487%, 	0.300000%, 	0.282487%
2020-04-08 15:23:38, 	Binance     , 	Bitfinex    , 	ETH/EUR, 	155.41, 	0.20875, 	154.47, 	0.10409, 	0.608532%, 	0.300000%, 	0.308532%
2020-04-08 15:23:53, 	Binance     , 	Bitfinex    , 	ETH/EUR, 	155.41, 	0.20875, 	154.51, 	0.10409, 	0.582487%, 	0.300000%, 	0.282487%
2020-04-08 15:24:08, 	Binance     , 	Bitfinex    , 	ETH/EUR, 	155.41, 	0.20875, 	154.51, 	0.10409, 	0.582487%, 	0.300000%, 	0.282487%
2020-04-08 15:24:23, 	Binance     , 	Bitfinex    , 	ETH/EUR, 	155.41, 	0.20875, 	154.48, 	0.10409, 	0.602020%, 	0.300000%, 	0.302020%
2020-04-08 15:24:38, 	Binance     , 	Bitfinex    , 	ETH/EUR, 	155.42, 	0.191, 	154.55, 	0.10409, 	0.562925%, 	0.300000%, 	0.262925%
2020-04-08 15:24:53, 	Binance     , 	Bitfinex    , 	ETH/EUR, 	155.41, 	0.20875, 	154.55, 	0.10409, 	0.556454%, 	0.300000%, 	0.256454%
2020-04-08 15:25:08, 	Binance     , 	Bitfinex    , 	ETH/EUR, 	155.42, 	0.191, 	154.61, 	0.10409, 	0.523899%, 	0.300000%, 	0.223899%
2020-04-08 15:25:23, 	Binance     , 	Bitfinex    , 	ETH/EUR, 	155.41, 	0.20875, 	154.71, 	0.10409, 	0.452459%, 	0.300000%, 	0.152459%
2020-04-08 15:25:38, 	Binance     , 	Bitfinex    , 	ETH/EUR, 	155.41, 	0.20875, 	154.72, 	0.10409, 	0.445967%, 	0.300000%, 	0.145967%
2020-04-08 15:25:53, 	Binance     , 	Bitfinex    , 	ETH/EUR, 	155.41, 	0.20875, 	154.74, 	0.10409, 	0.432984%, 	0.300000%, 	0.132984%
2020-04-08 15:26:08, 	Binance     , 	Bitfinex    , 	ETH/EUR, 	155.41, 	0.20875, 	154.76, 	0.10409, 	0.420005%, 	0.300000%, 	0.120005%
2020-04-08 15:26:23, 	Binance     , 	Bitfinex    , 	ETH/EUR, 	155.41, 	0.20875, 	154.78, 	0.10409, 	0.407029%, 	0.300000%, 	0.107029%
2020-04-08 15:26:38, 	Binance     , 	Bitfinex    , 	ETH/EUR, 	155.41, 	0.20875, 	154.76, 	0.10409, 	0.420005%, 	0.300000%, 	0.120005%
2020-04-08 15:26:53, 	Binance     , 	Bitfinex    , 	ETH/EUR, 	155.41, 	0.20875, 	154.8, 	0.10409, 	0.394057%, 	0.300000%, 	0.094057%
2020-04-08 15:27:08, 	Binance     , 	Bitfinex    , 	ETH/EUR, 	155.41, 	0.20875, 	154.84, 	0.10409, 	0.368122%, 	0.300000%, 	0.068122%
2020-04-08 15:27:23, 	Binance     , 	Bitfinex    , 	ETH/EUR, 	155.41, 	0.20875, 	154.84, 	0.10409, 	0.368122%, 	0.300000%, 	0.068122%
2020-04-08 15:27:38, 	Binance     , 	Bitfinex    , 	ETH/EUR, 	155.41, 	0.20875, 	154.85, 	0.10409, 	0.361640%, 	0.300000%, 	0.061640%
2020-04-08 15:27:53, 	Binance     , 	Bitfinex    , 	ETH/EUR, 	155.41, 	0.20875, 	154.9, 	0.10409, 	0.329245%, 	0.300000%, 	0.029245%
2020-04-08 15:28:08, 	Binance     , 	Bitfinex    , 	ETH/EUR, 	155.42, 	0.19, 	154.97, 	0.2254, 	0.290379%, 	0.300000%, 	-0.009621%
