2020-04-07 20:19:26, 	Binance     , 	Kraken      , 	ETH/EUR, 	157.08, 	0.20653, 	156.34, 	0.27839, 	0.473327%, 	0.360000%, 	0.113327%
2020-04-07 20:19:56, 	Binance     , 	Kraken      , 	ETH/EUR, 	157.08, 	0.20653, 	156.13, 	0.27839, 	0.608467%, 	0.360000%, 	0.248467%
2020-04-07 20:20:26, 	Binance     , 	Kraken      , 	ETH/EUR, 	157.08, 	0.20653, 	156.15, 	0.27839, 	0.595581%, 	0.360000%, 	0.235581%
2020-04-07 20:20:56, 	Binance     , 	Kraken      , 	ETH/EUR, 	157.08, 	0.20653, 	156.0, 	0.2, 	0.692308%, 	0.360000%, 	0.332308%
2020-04-07 20:21:26, 	Binance     , 	Kraken      , 	ETH/EUR, 	157.08, 	0.20653, 	155.96, 	0.2, 	0.718133%, 	0.360000%, 	0.358133%
2020-04-07 20:21:56, 	Binance     , 	Kraken      , 	ETH/EUR, 	157.08, 	0.20653, 	155.94, 	0.51314, 	0.731050%, 	0.360000%, 	0.371050%
2020-04-07 20:22:26, 	Binance     , 	Kraken      , 	ETH/EUR, 	157.08, 	0.20653, 	155.95, 	0.51314, 	0.724591%, 	0.360000%, 	0.364591%
2020-04-07 20:22:56, 	Binance     , 	Kraken      , 	ETH/EUR, 	157.08, 	0.20653, 	155.96, 	0.51314, 	0.718133%, 	0.360000%, 	0.358133%
2020-04-07 20:23:26, 	Binance     , 	Kraken      , 	ETH/EUR, 	157.08, 	0.20653, 	156.05, 	0.51314, 	0.660045%, 	0.360000%, 	0.300045%
2020-04-07 20:23:56, 	Binance     , 	Kraken      , 	ETH/EUR, 	157.08, 	0.20653, 	156.3, 	0.51314, 	0.499040%, 	0.360000%, 	0.139040%
2020-04-07 20:24:26, 	Binance     , 	Kraken      , 	ETH/EUR, 	157.08, 	0.20653, 	156.07, 	0.51314, 	0.647146%, 	0.360000%, 	0.287146%
2020-04-07 20:24:56, 	Binance     , 	Kraken      , 	ETH/EUR, 	157.08, 	0.20653, 	155.99, 	0.51314, 	0.698763%, 	0.360000%, 	0.338763%
2020-04-07 20:25:26, 	Binance     , 	Kraken      , 	ETH/EUR, 	157.08, 	0.20653, 	156.01, 	0.51314, 	0.685853%, 	0.360000%, 	0.325853%
2020-04-07 20:25:56, 	Binance     , 	Kraken      , 	ETH/EUR, 	157.08, 	0.20653, 	155.93, 	0.51314, 	0.737510%, 	0.360000%, 	0.377510%
2020-04-07 20:26:26, 	Binance     , 	Kraken      , 	ETH/EUR, 	157.08, 	0.20653, 	156.28, 	0.20579, 	0.511902%, 	0.360000%, 	0.151902%
2020-04-07 20:26:56, 	Binance     , 	Kraken      , 	ETH/EUR, 	157.08, 	0.20653, 	156.33, 	0.20579, 	0.479754%, 	0.360000%, 	0.119754%
2020-04-07 20:27:26, 	Binance     , 	Kraken      , 	ETH/EUR, 	157.08, 	0.20653, 	156.33, 	0.20579, 	0.479754%, 	0.360000%, 	0.119754%
2020-04-07 20:27:56, 	Binance     , 	Kraken      , 	ETH/EUR, 	157.08, 	0.20653, 	156.31, 	0.20579, 	0.492611%, 	0.360000%, 	0.132611%
2020-04-07 20:28:26, 	Binance     , 	Kraken      , 	ETH/EUR, 	157.08, 	0.20653, 	156.33, 	0.20579, 	0.479754%, 	0.360000%, 	0.119754%
2020-04-07 20:28:56, 	Binance     , 	Kraken      , 	ETH/EUR, 	157.08, 	0.20653, 	156.42, 	0.20579, 	0.421941%, 	0.360000%, 	0.061941%
2020-04-07 20:29:26, 	Binance     , 	Kraken      , 	ETH/EUR, 	157.08, 	0.20653, 	156.57, 	0.20579, 	0.325733%, 	0.360000%, 	-0.034267%
2020-04-07 20:29:49, 	Binance     , 	Kraken      , 	ETH/EUR, 	157.08, 	0.20653, 	156.25, 	0.20579, 	0.531200%, 	0.360000%, 	0.171200%
2020-04-07 20:30:19, 	Binance     , 	Kraken      , 	ETH/EUR, 	157.08, 	0.20653, 	156.13, 	0.20579, 	0.608467%, 	0.360000%, 	0.248467%
2020-04-07 20:30:49, 	Binance     , 	Kraken      , 	ETH/EUR, 	157.08, 	0.20653, 	156.19, 	0.20579, 	0.569819%, 	0.360000%, 	0.209819%
2020-04-07 20:31:19, 	Binance     , 	Kraken      , 	ETH/EUR, 	157.09, 	0.195, 	156.33, 	0.20579, 	0.486151%, 	0.360000%, 	0.126151%
2020-04-07 20:31:49, 	Binance     , 	Kraken      , 	ETH/EUR, 	157.08, 	0.20653, 	156.31, 	0.20579, 	0.492611%, 	0.360000%, 	0.132611%
2020-04-07 20:32:19, 	Binance     , 	Kraken      , 	ETH/EUR, 	157.08, 	0.20653, 	156.23, 	0.20579, 	0.544070%, 	0.360000%, 	0.184070%
2020-04-07 20:32:49, 	Binance     , 	Kraken      , 	ETH/EUR, 	157.08, 	0.20653, 	156.11, 	0.20579, 	0.621357%, 	0.360000%, 	0.261357%
2020-04-07 20:33:19, 	Binance     , 	Kraken      , 	ETH/EUR, 	157.08, 	0.20653, 	156.11, 	0.20579, 	0.621357%, 	0.360000%, 	0.261357%
2020-04-07 20:33:49, 	Binance     , 	Kraken      , 	ETH/EUR, 	157.08, 	0.20653, 	156.23, 	0.20579, 	0.544070%, 	0.360000%, 	0.184070%
2020-04-07 20:34:19, 	Binance     , 	Kraken      , 	ETH/EUR, 	157.08, 	0.20653, 	156.48, 	0.20579, 	0.383436%, 	0.360000%, 	0.023436%
2020-04-07 20:34:49, 	Binance     , 	Kraken      , 	ETH/EUR, 	156.36, 	7.66464, 	156.3, 	0.1347, 	0.038388%, 	0.360000%, 	-0.321612%
2020-04-07 21:04:18, 	Binance     , 	Kraken      , 	ETH/EUR, 	155.56, 	0.07088, 	153.87, 	0.88652, 	1.098330%, 	0.360000%, 	0.738330%
2020-04-07 21:04:48, 	Binance     , 	Kraken      , 	ETH/EUR, 	155.56, 	0.07088, 	153.75, 	0.88652, 	1.177236%, 	0.360000%, 	0.817236%
2020-04-07 21:05:18, 	Binance     , 	Kraken      , 	ETH/EUR, 	155.46, 	0.06433, 	153.03, 	1.157, 	1.587924%, 	0.360000%, 	1.227924%
2020-04-07 21:07:37, 	Binance     , 	Kraken      , 	ETH/EUR, 	154.48, 	0.3406, 	153.19, 	0.20949, 	0.842092%, 	0.360000%, 	0.482092%
2020-04-07 21:08:07, 	Binance     , 	Kraken      , 	ETH/EUR, 	154.48, 	0.3406, 	153.1, 	0.20949, 	0.901372%, 	0.360000%, 	0.541372%
2020-04-07 21:08:37, 	Binance     , 	Kraken      , 	ETH/EUR, 	154.86, 	0.20949, 	153.59, 	0.06433, 	0.826877%, 	0.360000%, 	0.466877%
2020-04-07 21:09:07, 	Binance     , 	Kraken      , 	ETH/EUR, 	154.86, 	0.20949, 	153.78, 	0.06433, 	0.702302%, 	0.360000%, 	0.342302%
2020-04-07 21:09:37, 	Binance     , 	Kraken      , 	ETH/EUR, 	154.87, 	0.197, 	153.69, 	0.06433, 	0.767779%, 	0.360000%, 	0.407779%
2020-04-07 21:10:07, 	Binance     , 	Kraken      , 	ETH/EUR, 	154.86, 	0.20949, 	153.64, 	0.06433, 	0.794064%, 	0.360000%, 	0.434064%
2020-04-07 21:10:37, 	Binance     , 	Kraken      , 	ETH/EUR, 	155.46, 	0.06433, 	153.29, 	9.85779, 	1.415617%, 	0.360000%, 	1.055617%
2020-04-07 21:11:07, 	Binance     , 	Kraken      , 	ETH/EUR, 	154.86, 	0.20949, 	152.88, 	9.9976, 	1.295133%, 	0.360000%, 	0.935133%
2020-04-07 21:11:37, 	Binance     , 	Kraken      , 	ETH/EUR, 	154.86, 	0.20949, 	153.15, 	0.52915, 	1.116552%, 	0.360000%, 	0.756552%
2020-04-07 21:12:07, 	Binance     , 	Kraken      , 	ETH/EUR, 	154.86, 	0.20949, 	152.89, 	0.52915, 	1.288508%, 	0.360000%, 	0.928508%
2020-04-07 21:12:37, 	Binance     , 	Kraken      , 	ETH/EUR, 	154.31, 	0.13357, 	152.51, 	0.43274, 	1.180250%, 	0.360000%, 	0.820250%
2020-04-07 21:13:07, 	Binance     , 	Kraken      , 	ETH/EUR, 	154.31, 	0.13357, 	152.41, 	0.43274, 	1.246637%, 	0.360000%, 	0.886637%
2020-04-07 21:13:37, 	Binance     , 	Kraken      , 	ETH/EUR, 	154.12, 	0.07153, 	152.12, 	0.08448, 	1.314752%, 	0.360000%, 	0.954752%
2020-04-07 21:14:07, 	Binance     , 	Kraken      , 	ETH/EUR, 	153.76, 	0.21099, 	151.88, 	0.51856, 	1.237819%, 	0.360000%, 	0.877819%
2020-04-07 21:14:37, 	Binance     , 	Kraken      , 	ETH/EUR, 	152.81, 	4.78051, 	151.71, 	0.21174, 	0.725068%, 	0.360000%, 	0.365068%
2020-04-07 21:15:07, 	Binance     , 	Kraken      , 	ETH/EUR, 	152.69, 	7.86595, 	151.44, 	0.21174, 	0.825409%, 	0.360000%, 	0.465409%
2020-04-07 21:15:37, 	Binance     , 	Kraken      , 	ETH/EUR, 	152.69, 	7.86595, 	151.02, 	0.21174, 	1.105814%, 	0.360000%, 	0.745814%
2020-04-07 21:16:07, 	Binance     , 	Kraken      , 	ETH/EUR, 	152.17, 	0.61781, 	150.86, 	0.568, 	0.868355%, 	0.360000%, 	0.508355%
2020-04-07 21:16:37, 	Binance     , 	Kraken      , 	ETH/EUR, 	152.17, 	0.13788, 	150.22, 	0.541, 	1.298096%, 	0.360000%, 	0.938096%
2020-04-07 21:17:07, 	Binance     , 	Kraken      , 	ETH/EUR, 	152.17, 	0.13788, 	149.99, 	0.873, 	1.453430%, 	0.360000%, 	1.093430%
2020-04-08 10:10:25, 	Binance     , 	Kraken      , 	ETH/EUR, 	155.97, 	0.20801, 	155.01, 	0.20727, 	0.619315%, 	0.360000%, 	0.259315%
2020-04-08 10:10:40, 	Binance     , 	Kraken      , 	ETH/EUR, 	155.97, 	0.20801, 	155.01, 	0.20727, 	0.619315%, 	0.360000%, 	0.259315%
2020-04-08 10:10:55, 	Binance     , 	Kraken      , 	ETH/EUR, 	155.97, 	0.20801, 	154.96, 	0.20727, 	0.651781%, 	0.360000%, 	0.291781%
2020-04-08 10:11:10, 	Binance     , 	Kraken      , 	ETH/EUR, 	155.97, 	0.20801, 	155.0, 	0.20727, 	0.625806%, 	0.360000%, 	0.265806%
2020-04-08 10:11:25, 	Binance     , 	Kraken      , 	ETH/EUR, 	155.56, 	0.55081, 	155.01, 	0.00529, 	0.354816%, 	0.360000%, 	-0.005184%
2020-04-08 10:16:30, 	Binance     , 	Kraken      , 	ETH/EUR, 	155.57, 	0.191, 	154.92, 	0.20801, 	0.419571%, 	0.360000%, 	0.059571%
2020-04-08 10:16:45, 	Binance     , 	Kraken      , 	ETH/EUR, 	155.57, 	0.191, 	154.95, 	0.20801, 	0.400129%, 	0.360000%, 	0.040129%
2020-04-08 10:17:00, 	Binance     , 	Kraken      , 	ETH/EUR, 	155.57, 	0.191, 	155.0, 	0.20801, 	0.367742%, 	0.360000%, 	0.007742%
2020-04-08 10:17:15, 	Binance     , 	Kraken      , 	ETH/EUR, 	155.57, 	0.191, 	155.0, 	0.20801, 	0.367742%, 	0.360000%, 	0.007742%
2020-04-08 10:17:30, 	Binance     , 	Kraken      , 	ETH/EUR, 	155.57, 	0.191, 	155.0, 	0.20801, 	0.367742%, 	0.360000%, 	0.007742%
2020-04-08 10:17:45, 	Binance     , 	Kraken      , 	ETH/EUR, 	155.57, 	0.154, 	154.96, 	0.20801, 	0.393650%, 	0.360000%, 	0.033650%
2020-04-08 10:18:00, 	Binance     , 	Kraken      , 	ETH/EUR, 	155.57, 	0.154, 	154.99, 	0.20801, 	0.374218%, 	0.360000%, 	0.014218%
2020-04-08 10:18:15, 	Binance     , 	Kraken      , 	ETH/EUR, 	155.57, 	0.191, 	154.98, 	0.20801, 	0.380694%, 	0.360000%, 	0.020694%
2020-04-08 10:18:30, 	Binance     , 	Kraken      , 	ETH/EUR, 	156.01, 	0.06963, 	154.98, 	0.20801, 	0.664602%, 	0.360000%, 	0.304602%
2020-04-08 10:18:45, 	Binance     , 	Kraken      , 	ETH/EUR, 	155.57, 	0.191, 	155.0, 	0.20801, 	0.367742%, 	0.360000%, 	0.007742%
2020-04-08 10:19:00, 	Binance     , 	Kraken      , 	ETH/EUR, 	155.57, 	0.191, 	155.0, 	0.20801, 	0.367742%, 	0.360000%, 	0.007742%
2020-04-08 10:19:15, 	Binance     , 	Kraken      , 	ETH/EUR, 	155.57, 	0.191, 	155.0, 	0.20801, 	0.367742%, 	0.360000%, 	0.007742%
2020-04-08 10:19:30, 	Binance     , 	Kraken      , 	ETH/EUR, 	155.58, 	0.191, 	155.0, 	0.20801, 	0.374194%, 	0.360000%, 	0.014194%
2020-04-08 10:19:45, 	Binance     , 	Kraken      , 	ETH/EUR, 	155.58, 	0.191, 	155.1, 	0.20801, 	0.309478%, 	0.360000%, 	-0.050522%
2020-04-08 11:44:27, 	Binance     , 	Kraken      , 	ETH/EUR, 	155.97, 	0.20801, 	154.7, 	4.72823, 	0.820944%, 	0.360000%, 	0.460944%
2020-04-08 13:27:33, 	Binance     , 	Kraken      , 	ETH/EUR, 	155.97, 	0.20801, 	154.66, 	9.9976, 	0.847019%, 	0.360000%, 	0.487019%
2020-04-08 13:27:48, 	Binance     , 	Kraken      , 	ETH/EUR, 	155.97, 	0.20801, 	154.66, 	0.891, 	0.847019%, 	0.360000%, 	0.487019%
2020-04-08 13:28:03, 	Binance     , 	Kraken      , 	ETH/EUR, 	155.97, 	0.20801, 	154.77, 	0.316, 	0.775344%, 	0.360000%, 	0.415344%
2020-04-08 13:28:18, 	Binance     , 	Kraken      , 	ETH/EUR, 	155.97, 	0.20801, 	154.77, 	0.316, 	0.775344%, 	0.360000%, 	0.415344%
2020-04-08 13:28:33, 	Binance     , 	Kraken      , 	ETH/EUR, 	155.97, 	0.20801, 	154.66, 	0.432, 	0.847019%, 	0.360000%, 	0.487019%
2020-04-08 13:28:48, 	Binance     , 	Kraken      , 	ETH/EUR, 	155.97, 	0.20801, 	154.62, 	0.432, 	0.873108%, 	0.360000%, 	0.513108%
2020-04-08 13:29:03, 	Binance     , 	Kraken      , 	ETH/EUR, 	155.97, 	0.20801, 	154.61, 	0.23088, 	0.879633%, 	0.360000%, 	0.519633%
2020-04-08 13:29:18, 	Binance     , 	Kraken      , 	ETH/EUR, 	155.97, 	0.20801, 	154.76, 	0.23088, 	0.781856%, 	0.360000%, 	0.421856%
2020-04-08 13:29:33, 	Binance     , 	Kraken      , 	ETH/EUR, 	155.97, 	0.20801, 	154.76, 	0.23088, 	0.781856%, 	0.360000%, 	0.421856%
2020-04-08 13:29:48, 	Binance     , 	Kraken      , 	ETH/EUR, 	155.97, 	0.20801, 	154.8, 	0.23088, 	0.755814%, 	0.360000%, 	0.395814%
2020-04-08 13:30:03, 	Binance     , 	Kraken      , 	ETH/EUR, 	155.97, 	0.20801, 	154.84, 	0.23088, 	0.729786%, 	0.360000%, 	0.369786%
2020-04-08 13:30:18, 	Binance     , 	Kraken      , 	ETH/EUR, 	155.97, 	0.20801, 	154.82, 	0.23088, 	0.742798%, 	0.360000%, 	0.382798%
2020-04-08 13:30:33, 	Binance     , 	Kraken      , 	ETH/EUR, 	155.97, 	0.20801, 	154.52, 	0.23088, 	0.938390%, 	0.360000%, 	0.578390%
2020-04-08 13:30:48, 	Binance     , 	Kraken      , 	ETH/EUR, 	155.97, 	0.20801, 	154.63, 	0.23088, 	0.866585%, 	0.360000%, 	0.506585%
2020-04-08 13:31:03, 	Binance     , 	Kraken      , 	ETH/EUR, 	155.97, 	0.20801, 	154.64, 	0.23088, 	0.860062%, 	0.360000%, 	0.500062%
2020-04-08 13:31:18, 	Binance     , 	Kraken      , 	ETH/EUR, 	155.97, 	0.20801, 	154.8, 	0.23088, 	0.755814%, 	0.360000%, 	0.395814%
2020-04-08 13:31:33, 	Binance     , 	Kraken      , 	ETH/EUR, 	155.97, 	0.20801, 	154.93, 	0.23088, 	0.671271%, 	0.360000%, 	0.311271%
2020-04-08 13:31:48, 	Binance     , 	Kraken      , 	ETH/EUR, 	155.97, 	0.20801, 	154.99, 	0.23088, 	0.632299%, 	0.360000%, 	0.272299%
2020-04-08 13:32:03, 	Binance     , 	Kraken      , 	ETH/EUR, 	155.97, 	0.20801, 	154.9, 	0.23088, 	0.690768%, 	0.360000%, 	0.330768%
2020-04-08 13:32:18, 	Binance     , 	Kraken      , 	ETH/EUR, 	155.52, 	4.17104, 	154.99, 	0.20801, 	0.341958%, 	0.360000%, 	-0.018042%
2020-04-08 13:53:20, 	Binance     , 	Kraken      , 	ETH/EUR, 	155.97, 	0.20801, 	154.82, 	0.60784, 	0.742798%, 	0.360000%, 	0.382798%
2020-04-08 13:53:35, 	Binance     , 	Kraken      , 	ETH/EUR, 	155.97, 	0.20801, 	154.81, 	0.60784, 	0.749306%, 	0.360000%, 	0.389306%
2020-04-08 13:53:50, 	Binance     , 	Kraken      , 	ETH/EUR, 	155.97, 	0.20801, 	155.01, 	0.60784, 	0.619315%, 	0.360000%, 	0.259315%
2020-04-08 13:54:05, 	Binance     , 	Kraken      , 	ETH/EUR, 	155.97, 	0.20801, 	155.12, 	0.23088, 	0.547963%, 	0.360000%, 	0.187963%
2020-04-08 13:54:20, 	Binance     , 	Kraken      , 	ETH/EUR, 	155.97, 	0.20801, 	155.12, 	0.23088, 	0.547963%, 	0.360000%, 	0.187963%
2020-04-08 13:54:35, 	Binance     , 	Kraken      , 	ETH/EUR, 	155.97, 	0.47058, 	155.12, 	0.23088, 	0.547963%, 	0.360000%, 	0.187963%
2020-04-08 13:54:50, 	Binance     , 	Kraken      , 	ETH/EUR, 	155.97, 	0.47058, 	155.15, 	0.23088, 	0.528521%, 	0.360000%, 	0.168521%
2020-04-08 13:55:05, 	Binance     , 	Kraken      , 	ETH/EUR, 	155.97, 	0.47058, 	155.15, 	0.23088, 	0.528521%, 	0.360000%, 	0.168521%
2020-04-08 13:55:20, 	Binance     , 	Kraken      , 	ETH/EUR, 	155.97, 	0.47058, 	155.15, 	0.23088, 	0.528521%, 	0.360000%, 	0.168521%
2020-04-08 13:55:35, 	Binance     , 	Kraken      , 	ETH/EUR, 	155.97, 	0.47058, 	155.15, 	0.23088, 	0.528521%, 	0.360000%, 	0.168521%
2020-04-08 13:55:50, 	Binance     , 	Kraken      , 	ETH/EUR, 	155.98, 	0.19, 	155.46, 	0.23088, 	0.334491%, 	0.360000%, 	-0.025509%
2020-04-08 14:06:00, 	Binance     , 	Kraken      , 	ETH/EUR, 	156.52, 	0.20727, 	155.77, 	0.079, 	0.481479%, 	0.360000%, 	0.121479%
2020-04-08 14:06:15, 	Binance     , 	Kraken      , 	ETH/EUR, 	156.52, 	0.20727, 	155.73, 	0.079, 	0.507288%, 	0.360000%, 	0.147288%
2020-04-08 14:06:30, 	Binance     , 	Kraken      , 	ETH/EUR, 	156.52, 	0.20727, 	155.77, 	0.079, 	0.481479%, 	0.360000%, 	0.121479%
2020-04-08 14:06:45, 	Binance     , 	Kraken      , 	ETH/EUR, 	156.52, 	0.20727, 	155.7, 	0.079, 	0.526654%, 	0.360000%, 	0.166654%
2020-04-08 14:07:00, 	Binance     , 	Kraken      , 	ETH/EUR, 	156.52, 	0.20727, 	155.76, 	0.079, 	0.487930%, 	0.360000%, 	0.127930%
2020-04-08 14:07:15, 	Binance     , 	Kraken      , 	ETH/EUR, 	156.52, 	0.20727, 	155.76, 	0.079, 	0.487930%, 	0.360000%, 	0.127930%
2020-04-08 14:07:30, 	Binance     , 	Kraken      , 	ETH/EUR, 	156.52, 	0.20727, 	155.72, 	0.079, 	0.513743%, 	0.360000%, 	0.153743%
2020-04-08 14:07:45, 	Binance     , 	Kraken      , 	ETH/EUR, 	156.52, 	0.20727, 	155.72, 	0.079, 	0.513743%, 	0.360000%, 	0.153743%
2020-04-08 14:08:00, 	Binance     , 	Kraken      , 	ETH/EUR, 	156.52, 	0.20727, 	155.7, 	0.079, 	0.526654%, 	0.360000%, 	0.166654%
2020-04-08 14:08:15, 	Binance     , 	Kraken      , 	ETH/EUR, 	156.52, 	0.20727, 	155.62, 	0.079, 	0.578332%, 	0.360000%, 	0.218332%
2020-04-08 14:08:30, 	Binance     , 	Kraken      , 	ETH/EUR, 	156.52, 	0.20727, 	155.46, 	0.079, 	0.681847%, 	0.360000%, 	0.321847%
2020-04-08 14:08:45, 	Binance     , 	Kraken      , 	ETH/EUR, 	156.52, 	0.20727, 	155.39, 	0.079, 	0.727203%, 	0.360000%, 	0.367203%
2020-04-08 14:09:00, 	Binance     , 	Kraken      , 	ETH/EUR, 	156.52, 	0.20727, 	155.34, 	0.60784, 	0.759624%, 	0.360000%, 	0.399624%
2020-04-08 14:09:15, 	Binance     , 	Kraken      , 	ETH/EUR, 	156.52, 	0.20727, 	155.34, 	0.60784, 	0.759624%, 	0.360000%, 	0.399624%
2020-04-08 14:09:30, 	Binance     , 	Kraken      , 	ETH/EUR, 	156.52, 	0.20727, 	155.31, 	0.60784, 	0.779087%, 	0.360000%, 	0.419087%
2020-04-08 14:09:45, 	Binance     , 	Kraken      , 	ETH/EUR, 	156.52, 	0.20727, 	155.21, 	0.60784, 	0.844018%, 	0.360000%, 	0.484018%
2020-04-08 14:10:00, 	Binance     , 	Kraken      , 	ETH/EUR, 	156.52, 	0.20727, 	155.14, 	0.60784, 	0.889519%, 	0.360000%, 	0.529519%
2020-04-08 14:10:15, 	Binance     , 	Kraken      , 	ETH/EUR, 	156.52, 	0.12721, 	155.09, 	0.60784, 	0.922045%, 	0.360000%, 	0.562045%
2020-04-08 14:10:30, 	Binance     , 	Kraken      , 	ETH/EUR, 	156.52, 	0.12721, 	155.06, 	0.60784, 	0.941571%, 	0.360000%, 	0.581571%
2020-04-08 14:10:46, 	Binance     , 	Kraken      , 	ETH/EUR, 	156.52, 	0.12721, 	155.22, 	0.60784, 	0.837521%, 	0.360000%, 	0.477521%
2020-04-08 14:11:01, 	Binance     , 	Kraken      , 	ETH/EUR, 	156.52, 	0.12721, 	155.22, 	0.60784, 	0.837521%, 	0.360000%, 	0.477521%
2020-04-08 14:11:16, 	Binance     , 	Kraken      , 	ETH/EUR, 	156.52, 	0.12721, 	155.22, 	0.60784, 	0.837521%, 	0.360000%, 	0.477521%
2020-04-08 14:11:31, 	Binance     , 	Kraken      , 	ETH/EUR, 	156.52, 	0.12721, 	155.22, 	0.60784, 	0.837521%, 	0.360000%, 	0.477521%
2020-04-08 14:11:46, 	Binance     , 	Kraken      , 	ETH/EUR, 	156.52, 	0.12721, 	155.22, 	0.60784, 	0.837521%, 	0.360000%, 	0.477521%
2020-04-08 14:12:01, 	Binance     , 	Kraken      , 	ETH/EUR, 	156.52, 	0.12721, 	155.22, 	0.60784, 	0.837521%, 	0.360000%, 	0.477521%
2020-04-08 14:12:16, 	Binance     , 	Kraken      , 	ETH/EUR, 	156.52, 	0.12721, 	155.33, 	0.60784, 	0.766111%, 	0.360000%, 	0.406111%
2020-04-08 14:12:31, 	Binance     , 	Kraken      , 	ETH/EUR, 	156.52, 	0.12721, 	155.22, 	0.60784, 	0.837521%, 	0.360000%, 	0.477521%
2020-04-08 14:12:46, 	Binance     , 	Kraken      , 	ETH/EUR, 	156.52, 	0.12721, 	155.26, 	0.60784, 	0.811542%, 	0.360000%, 	0.451542%
2020-04-08 14:13:01, 	Binance     , 	Kraken      , 	ETH/EUR, 	156.52, 	0.12721, 	155.22, 	0.60784, 	0.837521%, 	0.360000%, 	0.477521%
2020-04-08 14:13:16, 	Binance     , 	Kraken      , 	ETH/EUR, 	156.52, 	0.12721, 	155.39, 	0.60784, 	0.727203%, 	0.360000%, 	0.367203%
2020-04-08 14:13:31, 	Binance     , 	Kraken      , 	ETH/EUR, 	156.52, 	0.12721, 	155.35, 	0.60784, 	0.753138%, 	0.360000%, 	0.393138%
2020-04-08 14:13:46, 	Binance     , 	Kraken      , 	ETH/EUR, 	156.52, 	0.12721, 	155.34, 	0.60784, 	0.759624%, 	0.360000%, 	0.399624%
2020-04-08 14:14:01, 	Binance     , 	Kraken      , 	ETH/EUR, 	156.52, 	0.12721, 	155.3, 	0.60784, 	0.785576%, 	0.360000%, 	0.425576%
2020-04-08 14:14:16, 	Binance     , 	Kraken      , 	ETH/EUR, 	156.52, 	0.12721, 	155.24, 	0.60784, 	0.824530%, 	0.360000%, 	0.464530%
2020-04-08 14:14:31, 	Binance     , 	Kraken      , 	ETH/EUR, 	156.52, 	0.12721, 	155.22, 	0.60784, 	0.837521%, 	0.360000%, 	0.477521%
2020-04-08 14:14:46, 	Binance     , 	Kraken      , 	ETH/EUR, 	156.52, 	0.12721, 	155.15, 	0.60784, 	0.883016%, 	0.360000%, 	0.523016%
2020-04-08 14:15:01, 	Binance     , 	Kraken      , 	ETH/EUR, 	156.52, 	0.12721, 	155.1, 	0.60784, 	0.915538%, 	0.360000%, 	0.555538%
2020-04-08 14:15:16, 	Binance     , 	Kraken      , 	ETH/EUR, 	156.52, 	0.12721, 	155.14, 	0.60784, 	0.889519%, 	0.360000%, 	0.529519%
2020-04-08 14:15:31, 	Binance     , 	Kraken      , 	ETH/EUR, 	156.52, 	0.12721, 	155.14, 	0.60784, 	0.889519%, 	0.360000%, 	0.529519%
2020-04-08 14:15:46, 	Binance     , 	Kraken      , 	ETH/EUR, 	156.52, 	0.12721, 	155.13, 	0.60784, 	0.896023%, 	0.360000%, 	0.536023%
2020-04-08 14:16:01, 	Binance     , 	Kraken      , 	ETH/EUR, 	156.52, 	0.12721, 	155.14, 	0.60784, 	0.889519%, 	0.360000%, 	0.529519%
2020-04-08 14:16:16, 	Binance     , 	Kraken      , 	ETH/EUR, 	156.52, 	0.12721, 	155.17, 	0.60784, 	0.870014%, 	0.360000%, 	0.510014%
2020-04-08 14:16:31, 	Binance     , 	Kraken      , 	ETH/EUR, 	156.52, 	0.12721, 	155.13, 	0.60784, 	0.896023%, 	0.360000%, 	0.536023%
2020-04-08 14:16:46, 	Binance     , 	Kraken      , 	ETH/EUR, 	156.52, 	0.12721, 	155.04, 	0.60784, 	0.954592%, 	0.360000%, 	0.594592%
2020-04-08 14:17:01, 	Binance     , 	Kraken      , 	ETH/EUR, 	156.52, 	0.12721, 	154.97, 	0.60784, 	1.000194%, 	0.360000%, 	0.640194%
2020-04-08 14:17:16, 	Binance     , 	Kraken      , 	ETH/EUR, 	156.52, 	0.12721, 	155.01, 	0.60784, 	0.974131%, 	0.360000%, 	0.614131%
2020-04-08 14:17:31, 	Binance     , 	Kraken      , 	ETH/EUR, 	156.52, 	0.12721, 	155.01, 	0.60784, 	0.974131%, 	0.360000%, 	0.614131%
2020-04-08 14:17:46, 	Binance     , 	Kraken      , 	ETH/EUR, 	156.52, 	0.12721, 	155.0, 	0.60784, 	0.980645%, 	0.360000%, 	0.620645%
2020-04-08 14:18:01, 	Binance     , 	Kraken      , 	ETH/EUR, 	156.52, 	0.12721, 	154.91, 	0.37106, 	1.039313%, 	0.360000%, 	0.679313%
2020-04-08 14:18:16, 	Binance     , 	Kraken      , 	ETH/EUR, 	156.52, 	0.12721, 	154.9, 	0.37106, 	1.045836%, 	0.360000%, 	0.685836%
2020-04-08 14:18:31, 	Binance     , 	Kraken      , 	ETH/EUR, 	156.52, 	0.12721, 	154.86, 	0.31176, 	1.071936%, 	0.360000%, 	0.711936%
2020-04-08 14:18:46, 	Binance     , 	Kraken      , 	ETH/EUR, 	156.52, 	0.12721, 	154.79, 	0.31176, 	1.117643%, 	0.360000%, 	0.757643%
2020-04-08 14:19:01, 	Binance     , 	Kraken      , 	ETH/EUR, 	156.52, 	0.12721, 	154.84, 	0.31176, 	1.084991%, 	0.360000%, 	0.724991%
2020-04-08 14:19:16, 	Binance     , 	Kraken      , 	ETH/EUR, 	156.52, 	0.12721, 	154.89, 	0.31176, 	1.052360%, 	0.360000%, 	0.692360%
2020-04-08 14:19:31, 	Binance     , 	Kraken      , 	ETH/EUR, 	156.52, 	0.12721, 	154.86, 	0.31176, 	1.071936%, 	0.360000%, 	0.711936%
2020-04-08 14:19:46, 	Binance     , 	Kraken      , 	ETH/EUR, 	156.52, 	0.12721, 	154.82, 	0.31176, 	1.098049%, 	0.360000%, 	0.738049%
2020-04-08 14:20:01, 	Binance     , 	Kraken      , 	ETH/EUR, 	156.52, 	0.12721, 	154.81, 	0.31176, 	1.104580%, 	0.360000%, 	0.744580%
2020-04-08 14:20:16, 	Binance     , 	Kraken      , 	ETH/EUR, 	156.52, 	0.12721, 	154.91, 	0.31176, 	1.039313%, 	0.360000%, 	0.679313%
2020-04-08 14:20:31, 	Binance     , 	Kraken      , 	ETH/EUR, 	156.52, 	0.12721, 	154.91, 	0.24436, 	1.039313%, 	0.360000%, 	0.679313%
2020-04-08 14:20:46, 	Binance     , 	Kraken      , 	ETH/EUR, 	156.52, 	0.12721, 	154.91, 	0.24436, 	1.039313%, 	0.360000%, 	0.679313%
2020-04-08 14:21:01, 	Binance     , 	Kraken      , 	ETH/EUR, 	156.52, 	0.12721, 	154.89, 	0.24436, 	1.052360%, 	0.360000%, 	0.692360%
2020-04-08 14:21:16, 	Binance     , 	Kraken      , 	ETH/EUR, 	156.52, 	0.12721, 	154.91, 	0.24436, 	1.039313%, 	0.360000%, 	0.679313%
2020-04-08 14:21:31, 	Binance     , 	Kraken      , 	ETH/EUR, 	156.52, 	0.12721, 	154.99, 	0.24436, 	0.987160%, 	0.360000%, 	0.627160%
2020-04-08 14:21:46, 	Binance     , 	Kraken      , 	ETH/EUR, 	156.52, 	0.12721, 	154.94, 	0.24436, 	1.019750%, 	0.360000%, 	0.659750%
2020-04-08 14:22:01, 	Binance     , 	Kraken      , 	ETH/EUR, 	156.52, 	0.12721, 	154.93, 	0.24436, 	1.026270%, 	0.360000%, 	0.666270%
2020-04-08 14:22:16, 	Binance     , 	Kraken      , 	ETH/EUR, 	156.52, 	0.12721, 	154.95, 	0.24436, 	1.013230%, 	0.360000%, 	0.653230%
2020-04-08 14:22:31, 	Binance     , 	Kraken      , 	ETH/EUR, 	156.52, 	0.12721, 	154.93, 	0.24436, 	1.026270%, 	0.360000%, 	0.666270%
2020-04-08 14:22:46, 	Binance     , 	Kraken      , 	ETH/EUR, 	156.52, 	0.12721, 	155.07, 	0.24436, 	0.935062%, 	0.360000%, 	0.575062%
2020-04-08 14:23:01, 	Binance     , 	Kraken      , 	ETH/EUR, 	156.52, 	0.12721, 	154.97, 	0.24436, 	1.000194%, 	0.360000%, 	0.640194%
2020-04-08 14:23:16, 	Binance     , 	Kraken      , 	ETH/EUR, 	156.52, 	0.12721, 	154.93, 	0.24436, 	1.026270%, 	0.360000%, 	0.666270%
2020-04-08 14:23:31, 	Binance     , 	Kraken      , 	ETH/EUR, 	156.52, 	0.12721, 	154.93, 	0.24436, 	1.026270%, 	0.360000%, 	0.666270%
2020-04-08 14:23:46, 	Binance     , 	Kraken      , 	ETH/EUR, 	156.52, 	0.12721, 	154.91, 	0.24436, 	1.039313%, 	0.360000%, 	0.679313%
2020-04-08 14:24:01, 	Binance     , 	Kraken      , 	ETH/EUR, 	156.52, 	0.12721, 	154.97, 	0.24436, 	1.000194%, 	0.360000%, 	0.640194%
2020-04-08 14:24:16, 	Binance     , 	Kraken      , 	ETH/EUR, 	156.52, 	0.12721, 	155.03, 	0.24436, 	0.961104%, 	0.360000%, 	0.601104%
2020-04-08 14:24:31, 	Binance     , 	Kraken      , 	ETH/EUR, 	156.52, 	0.12721, 	155.03, 	0.24436, 	0.961104%, 	0.360000%, 	0.601104%
2020-04-08 14:24:46, 	Binance     , 	Kraken      , 	ETH/EUR, 	156.52, 	0.12721, 	155.01, 	0.24436, 	0.974131%, 	0.360000%, 	0.614131%
2020-04-08 14:25:01, 	Binance     , 	Kraken      , 	ETH/EUR, 	156.52, 	0.12721, 	155.04, 	0.24436, 	0.954592%, 	0.360000%, 	0.594592%
2020-04-08 14:25:16, 	Binance     , 	Kraken      , 	ETH/EUR, 	156.52, 	0.12721, 	155.1, 	0.24436, 	0.915538%, 	0.360000%, 	0.555538%
2020-04-08 14:25:31, 	Binance     , 	Kraken      , 	ETH/EUR, 	156.52, 	0.12721, 	155.1, 	0.24436, 	0.915538%, 	0.360000%, 	0.555538%
2020-04-08 14:25:46, 	Binance     , 	Kraken      , 	ETH/EUR, 	156.52, 	0.12721, 	155.1, 	0.24436, 	0.915538%, 	0.360000%, 	0.555538%
2020-04-08 14:26:01, 	Binance     , 	Kraken      , 	ETH/EUR, 	156.52, 	0.12721, 	155.17, 	0.24436, 	0.870014%, 	0.360000%, 	0.510014%
2020-04-08 14:26:16, 	Binance     , 	Kraken      , 	ETH/EUR, 	156.52, 	0.12721, 	155.07, 	0.24436, 	0.935062%, 	0.360000%, 	0.575062%
2020-04-08 14:26:31, 	Binance     , 	Kraken      , 	ETH/EUR, 	156.52, 	0.12721, 	155.16, 	0.24436, 	0.876515%, 	0.360000%, 	0.516515%
2020-04-08 14:26:46, 	Binance     , 	Kraken      , 	ETH/EUR, 	156.52, 	0.12721, 	155.13, 	0.24436, 	0.896023%, 	0.360000%, 	0.536023%
2020-04-08 14:27:01, 	Binance     , 	Kraken      , 	ETH/EUR, 	156.52, 	0.12721, 	155.13, 	0.24436, 	0.896023%, 	0.360000%, 	0.536023%
2020-04-08 14:27:16, 	Binance     , 	Kraken      , 	ETH/EUR, 	156.52, 	0.12721, 	155.13, 	0.24436, 	0.896023%, 	0.360000%, 	0.536023%
2020-04-08 14:27:31, 	Binance     , 	Kraken      , 	ETH/EUR, 	156.52, 	0.12721, 	155.13, 	0.24436, 	0.896023%, 	0.360000%, 	0.536023%
2020-04-08 14:27:46, 	Binance     , 	Kraken      , 	ETH/EUR, 	156.52, 	0.12721, 	155.13, 	0.24436, 	0.896023%, 	0.360000%, 	0.536023%
2020-04-08 14:28:01, 	Binance     , 	Kraken      , 	ETH/EUR, 	156.52, 	0.12721, 	155.03, 	0.24436, 	0.961104%, 	0.360000%, 	0.601104%
2020-04-08 14:28:16, 	Binance     , 	Kraken      , 	ETH/EUR, 	156.52, 	0.12721, 	155.02, 	0.24436, 	0.967617%, 	0.360000%, 	0.607617%
2020-04-08 14:28:31, 	Binance     , 	Kraken      , 	ETH/EUR, 	156.52, 	0.12721, 	155.02, 	0.24436, 	0.967617%, 	0.360000%, 	0.607617%
2020-04-08 14:28:46, 	Binance     , 	Kraken      , 	ETH/EUR, 	156.52, 	0.12721, 	155.02, 	0.24436, 	0.967617%, 	0.360000%, 	0.607617%
2020-04-08 14:29:01, 	Binance     , 	Kraken      , 	ETH/EUR, 	156.52, 	0.12721, 	154.99, 	0.24436, 	0.987160%, 	0.360000%, 	0.627160%
2020-04-08 14:29:16, 	Binance     , 	Kraken      , 	ETH/EUR, 	156.52, 	0.12721, 	154.94, 	0.24436, 	1.019750%, 	0.360000%, 	0.659750%
2020-04-08 14:29:31, 	Binance     , 	Kraken      , 	ETH/EUR, 	156.52, 	0.12721, 	154.93, 	0.24436, 	1.026270%, 	0.360000%, 	0.666270%
2020-04-08 14:29:46, 	Binance     , 	Kraken      , 	ETH/EUR, 	156.0, 	3.75511, 	154.92, 	0.60784, 	0.697134%, 	0.360000%, 	0.337134%
2020-04-08 14:30:01, 	Binance     , 	Kraken      , 	ETH/EUR, 	156.0, 	3.75511, 	154.93, 	0.89, 	0.690634%, 	0.360000%, 	0.330634%
2020-04-08 14:30:16, 	Binance     , 	Kraken      , 	ETH/EUR, 	156.0, 	3.75511, 	155.13, 	0.60784, 	0.560820%, 	0.360000%, 	0.200820%
2020-04-08 14:30:31, 	Binance     , 	Kraken      , 	ETH/EUR, 	156.01, 	7.73473, 	155.13, 	0.20727, 	0.567266%, 	0.360000%, 	0.207266%
2020-04-08 14:30:46, 	Binance     , 	Kraken      , 	ETH/EUR, 	156.01, 	7.73473, 	155.16, 	0.60784, 	0.547822%, 	0.360000%, 	0.187822%
2020-04-08 14:31:01, 	Binance     , 	Kraken      , 	ETH/EUR, 	156.01, 	7.99723, 	155.16, 	0.20727, 	0.547822%, 	0.360000%, 	0.187822%
2020-04-08 14:31:16, 	Binance     , 	Kraken      , 	ETH/EUR, 	156.01, 	7.99723, 	155.16, 	0.20727, 	0.547822%, 	0.360000%, 	0.187822%
2020-04-08 14:31:31, 	Binance     , 	Kraken      , 	ETH/EUR, 	156.01, 	7.99723, 	155.4, 	0.20727, 	0.392535%, 	0.360000%, 	0.032535%
2020-04-08 14:31:46, 	Binance     , 	Kraken      , 	ETH/EUR, 	156.02, 	0.45248, 	155.4, 	0.20727, 	0.398970%, 	0.360000%, 	0.038970%
2020-04-08 14:32:01, 	Binance     , 	Kraken      , 	ETH/EUR, 	156.02, 	0.26248, 	155.33, 	0.20727, 	0.444216%, 	0.360000%, 	0.084216%
2020-04-08 14:32:16, 	Binance     , 	Kraken      , 	ETH/EUR, 	156.02, 	0.26248, 	155.33, 	0.20727, 	0.444216%, 	0.360000%, 	0.084216%
2020-04-08 14:32:31, 	Binance     , 	Kraken      , 	ETH/EUR, 	156.02, 	0.26248, 	155.39, 	0.20727, 	0.405431%, 	0.360000%, 	0.045431%
2020-04-08 14:32:46, 	Binance     , 	Kraken      , 	ETH/EUR, 	156.02, 	0.26248, 	155.29, 	0.20727, 	0.470088%, 	0.360000%, 	0.110088%
2020-04-08 14:33:01, 	Binance     , 	Kraken      , 	ETH/EUR, 	156.02, 	0.26248, 	155.37, 	0.20727, 	0.418356%, 	0.360000%, 	0.058356%
2020-04-08 14:33:16, 	Binance     , 	Kraken      , 	ETH/EUR, 	156.02, 	0.26248, 	155.28, 	0.20727, 	0.476558%, 	0.360000%, 	0.116558%
2020-04-08 14:33:31, 	Binance     , 	Kraken      , 	ETH/EUR, 	156.02, 	0.26248, 	155.26, 	0.20727, 	0.489501%, 	0.360000%, 	0.129501%
2020-04-08 14:33:46, 	Binance     , 	Kraken      , 	ETH/EUR, 	156.02, 	0.26248, 	155.29, 	0.20727, 	0.470088%, 	0.360000%, 	0.110088%
2020-04-08 14:34:01, 	Binance     , 	Kraken      , 	ETH/EUR, 	156.02, 	0.26248, 	155.29, 	0.20727, 	0.470088%, 	0.360000%, 	0.110088%
2020-04-08 14:34:16, 	Binance     , 	Kraken      , 	ETH/EUR, 	156.02, 	0.26248, 	155.27, 	0.20727, 	0.483030%, 	0.360000%, 	0.123030%
2020-04-08 14:34:31, 	Binance     , 	Kraken      , 	ETH/EUR, 	156.02, 	0.26248, 	155.23, 	0.20727, 	0.508922%, 	0.360000%, 	0.148922%
2020-04-08 14:34:46, 	Binance     , 	Kraken      , 	ETH/EUR, 	156.02, 	0.26248, 	155.29, 	0.20727, 	0.470088%, 	0.360000%, 	0.110088%
2020-04-08 14:35:01, 	Binance     , 	Kraken      , 	ETH/EUR, 	156.03, 	0.19, 	155.29, 	0.20727, 	0.476528%, 	0.360000%, 	0.116528%
2020-04-08 14:35:16, 	Binance     , 	Kraken      , 	ETH/EUR, 	156.03, 	0.19, 	155.4, 	0.20727, 	0.405405%, 	0.360000%, 	0.045405%
2020-04-08 14:35:31, 	Binance     , 	Kraken      , 	ETH/EUR, 	156.03, 	0.19, 	155.4, 	0.60784, 	0.405405%, 	0.360000%, 	0.045405%
2020-04-08 14:35:46, 	Binance     , 	Kraken      , 	ETH/EUR, 	156.03, 	0.19, 	155.4, 	0.60784, 	0.405405%, 	0.360000%, 	0.045405%
2020-04-08 14:36:01, 	Binance     , 	Kraken      , 	ETH/EUR, 	156.03, 	0.19, 	155.4, 	0.60784, 	0.405405%, 	0.360000%, 	0.045405%
2020-04-08 14:36:16, 	Binance     , 	Kraken      , 	ETH/EUR, 	156.03, 	0.19, 	155.4, 	0.60784, 	0.405405%, 	0.360000%, 	0.045405%
2020-04-08 14:36:31, 	Binance     , 	Kraken      , 	ETH/EUR, 	156.02, 	0.26248, 	155.38, 	0.60784, 	0.411893%, 	0.360000%, 	0.051893%
2020-04-08 14:36:46, 	Binance     , 	Kraken      , 	ETH/EUR, 	156.02, 	0.26248, 	155.35, 	0.60784, 	0.431284%, 	0.360000%, 	0.071284%
2020-04-08 14:37:01, 	Binance     , 	Kraken      , 	ETH/EUR, 	156.02, 	0.26248, 	155.3, 	0.60784, 	0.463619%, 	0.360000%, 	0.103619%
2020-04-08 14:37:16, 	Binance     , 	Kraken      , 	ETH/EUR, 	156.02, 	0.26248, 	155.3, 	0.60784, 	0.463619%, 	0.360000%, 	0.103619%
2020-04-08 14:37:31, 	Binance     , 	Kraken      , 	ETH/EUR, 	156.02, 	0.26248, 	155.3, 	0.60784, 	0.463619%, 	0.360000%, 	0.103619%
2020-04-08 14:37:46, 	Binance     , 	Kraken      , 	ETH/EUR, 	156.02, 	0.26248, 	155.3, 	0.60784, 	0.463619%, 	0.360000%, 	0.103619%
2020-04-08 14:38:01, 	Binance     , 	Kraken      , 	ETH/EUR, 	156.02, 	0.26248, 	155.25, 	0.60784, 	0.495974%, 	0.360000%, 	0.135974%
2020-04-08 14:38:16, 	Binance     , 	Kraken      , 	ETH/EUR, 	156.02, 	0.26248, 	155.21, 	0.60784, 	0.521874%, 	0.360000%, 	0.161874%
2020-04-08 14:38:31, 	Binance     , 	Kraken      , 	ETH/EUR, 	156.02, 	0.26248, 	155.0, 	0.60784, 	0.658065%, 	0.360000%, 	0.298065%
2020-04-08 14:38:46, 	Binance     , 	Kraken      , 	ETH/EUR, 	156.02, 	0.26248, 	155.12, 	0.60784, 	0.580196%, 	0.360000%, 	0.220196%
2020-04-08 14:39:01, 	Binance     , 	Kraken      , 	ETH/EUR, 	156.02, 	0.26248, 	155.15, 	0.60784, 	0.560748%, 	0.360000%, 	0.200748%
2020-04-08 14:39:16, 	Binance     , 	Kraken      , 	ETH/EUR, 	156.02, 	0.26248, 	155.02, 	0.60784, 	0.645078%, 	0.360000%, 	0.285078%
2020-04-08 14:39:31, 	Binance     , 	Kraken      , 	ETH/EUR, 	156.02, 	0.26248, 	155.07, 	0.60784, 	0.612627%, 	0.360000%, 	0.252627%
2020-04-08 14:39:46, 	Binance     , 	Kraken      , 	ETH/EUR, 	156.02, 	0.26248, 	155.07, 	0.60784, 	0.612627%, 	0.360000%, 	0.252627%
2020-04-08 14:40:01, 	Binance     , 	Kraken      , 	ETH/EUR, 	156.02, 	0.26248, 	154.99, 	0.60784, 	0.664559%, 	0.360000%, 	0.304559%
2020-04-08 14:40:16, 	Binance     , 	Kraken      , 	ETH/EUR, 	156.02, 	0.26248, 	155.18, 	0.60784, 	0.541307%, 	0.360000%, 	0.181307%
2020-04-08 14:40:31, 	Binance     , 	Kraken      , 	ETH/EUR, 	156.02, 	0.26248, 	155.18, 	0.20727, 	0.541307%, 	0.360000%, 	0.181307%
2020-04-08 14:40:46, 	Binance     , 	Kraken      , 	ETH/EUR, 	156.02, 	0.26248, 	155.04, 	0.20727, 	0.632095%, 	0.360000%, 	0.272095%
2020-04-08 14:41:01, 	Binance     , 	Kraken      , 	ETH/EUR, 	156.02, 	0.26248, 	155.14, 	0.20727, 	0.567230%, 	0.360000%, 	0.207230%
2020-04-08 14:41:16, 	Binance     , 	Kraken      , 	ETH/EUR, 	156.02, 	0.26248, 	155.18, 	0.20727, 	0.541307%, 	0.360000%, 	0.181307%
2020-04-08 14:41:31, 	Binance     , 	Kraken      , 	ETH/EUR, 	156.02, 	0.26248, 	155.03, 	0.24, 	0.638586%, 	0.360000%, 	0.278586%
2020-04-08 14:41:46, 	Binance     , 	Kraken      , 	ETH/EUR, 	156.02, 	0.26248, 	155.0, 	0.24, 	0.658065%, 	0.360000%, 	0.298065%
2020-04-08 14:42:01, 	Binance     , 	Kraken      , 	ETH/EUR, 	156.02, 	0.26248, 	155.12, 	0.60784, 	0.580196%, 	0.360000%, 	0.220196%
2020-04-08 14:42:16, 	Binance     , 	Kraken      , 	ETH/EUR, 	156.02, 	0.26248, 	155.21, 	0.60784, 	0.521874%, 	0.360000%, 	0.161874%
2020-04-08 14:42:31, 	Binance     , 	Kraken      , 	ETH/EUR, 	156.02, 	0.26248, 	155.23, 	0.20727, 	0.508922%, 	0.360000%, 	0.148922%
2020-04-08 14:42:46, 	Binance     , 	Kraken      , 	ETH/EUR, 	156.02, 	0.26248, 	155.16, 	0.20727, 	0.554267%, 	0.360000%, 	0.194267%
2020-04-08 14:43:01, 	Binance     , 	Kraken      , 	ETH/EUR, 	156.02, 	0.26248, 	155.24, 	0.20727, 	0.502448%, 	0.360000%, 	0.142448%
2020-04-08 14:43:16, 	Binance     , 	Kraken      , 	ETH/EUR, 	156.02, 	0.26248, 	155.22, 	0.20727, 	0.515398%, 	0.360000%, 	0.155398%
2020-04-08 14:43:31, 	Binance     , 	Kraken      , 	ETH/EUR, 	156.02, 	0.26248, 	155.13, 	0.20727, 	0.573712%, 	0.360000%, 	0.213712%
2020-04-08 14:43:46, 	Binance     , 	Kraken      , 	ETH/EUR, 	156.52, 	0.07254, 	155.13, 	0.20727, 	0.896023%, 	0.360000%, 	0.536023%
2020-04-08 14:44:01, 	Binance     , 	Kraken      , 	ETH/EUR, 	156.52, 	0.07254, 	155.16, 	0.20727, 	0.876515%, 	0.360000%, 	0.516515%
2020-04-08 14:44:16, 	Binance     , 	Kraken      , 	ETH/EUR, 	156.52, 	0.07254, 	155.1, 	0.20727, 	0.915538%, 	0.360000%, 	0.555538%
2020-04-08 14:44:31, 	Binance     , 	Kraken      , 	ETH/EUR, 	156.02, 	0.26248, 	155.0, 	0.469, 	0.658065%, 	0.360000%, 	0.298065%
2020-04-08 14:44:46, 	Binance     , 	Kraken      , 	ETH/EUR, 	156.02, 	0.26248, 	154.95, 	0.60784, 	0.690545%, 	0.360000%, 	0.330545%
2020-04-08 14:45:01, 	Binance     , 	Kraken      , 	ETH/EUR, 	156.02, 	0.26248, 	154.99, 	0.60784, 	0.664559%, 	0.360000%, 	0.304559%
2020-04-08 14:45:16, 	Binance     , 	Kraken      , 	ETH/EUR, 	156.02, 	0.26248, 	154.99, 	0.60784, 	0.664559%, 	0.360000%, 	0.304559%
2020-04-08 14:45:31, 	Binance     , 	Kraken      , 	ETH/EUR, 	156.02, 	0.26248, 	154.95, 	0.60784, 	0.690545%, 	0.360000%, 	0.330545%
2020-04-08 14:45:46, 	Binance     , 	Kraken      , 	ETH/EUR, 	156.02, 	0.26248, 	154.98, 	0.60784, 	0.671054%, 	0.360000%, 	0.311054%
2020-04-08 14:46:01, 	Binance     , 	Kraken      , 	ETH/EUR, 	156.02, 	0.26248, 	154.92, 	7.4, 	0.710044%, 	0.360000%, 	0.350044%
2020-04-08 14:46:16, 	Binance     , 	Kraken      , 	ETH/EUR, 	156.02, 	0.26248, 	154.92, 	7.4, 	0.710044%, 	0.360000%, 	0.350044%
2020-04-08 14:46:31, 	Binance     , 	Kraken      , 	ETH/EUR, 	156.02, 	0.26248, 	154.88, 	7.4, 	0.736054%, 	0.360000%, 	0.376054%
2020-04-08 14:46:46, 	Binance     , 	Kraken      , 	ETH/EUR, 	156.02, 	0.26248, 	154.81, 	7.4, 	0.781603%, 	0.360000%, 	0.421603%
2020-04-08 14:47:01, 	Binance     , 	Kraken      , 	ETH/EUR, 	156.02, 	0.26248, 	154.73, 	7.4, 	0.833710%, 	0.360000%, 	0.473710%
2020-04-08 14:47:16, 	Binance     , 	Kraken      , 	ETH/EUR, 	156.02, 	0.26248, 	154.71, 	7.4, 	0.846746%, 	0.360000%, 	0.486746%
2020-04-08 14:47:31, 	Binance     , 	Kraken      , 	ETH/EUR, 	156.02, 	0.26248, 	154.71, 	0.60784, 	0.846746%, 	0.360000%, 	0.486746%
2020-04-08 14:47:46, 	Binance     , 	Kraken      , 	ETH/EUR, 	156.02, 	0.26248, 	154.71, 	0.60784, 	0.846746%, 	0.360000%, 	0.486746%
2020-04-08 14:48:01, 	Binance     , 	Kraken      , 	ETH/EUR, 	156.02, 	0.26248, 	154.71, 	0.60784, 	0.846746%, 	0.360000%, 	0.486746%
2020-04-08 14:48:16, 	Binance     , 	Kraken      , 	ETH/EUR, 	156.02, 	0.26248, 	154.71, 	0.60784, 	0.846746%, 	0.360000%, 	0.486746%
2020-04-08 14:48:31, 	Binance     , 	Kraken      , 	ETH/EUR, 	156.02, 	0.26248, 	154.71, 	0.60784, 	0.846746%, 	0.360000%, 	0.486746%
2020-04-08 14:48:46, 	Binance     , 	Kraken      , 	ETH/EUR, 	156.02, 	0.26248, 	154.66, 	0.3288, 	0.879348%, 	0.360000%, 	0.519348%
2020-04-08 14:49:01, 	Binance     , 	Kraken      , 	ETH/EUR, 	156.02, 	0.26248, 	154.64, 	0.3288, 	0.892395%, 	0.360000%, 	0.532395%
2020-04-08 14:49:16, 	Binance     , 	Kraken      , 	ETH/EUR, 	156.02, 	0.26248, 	154.54, 	0.22026, 	0.957681%, 	0.360000%, 	0.597681%
2020-04-08 14:49:31, 	Binance     , 	Kraken      , 	ETH/EUR, 	156.02, 	0.26248, 	154.58, 	0.60784, 	0.931556%, 	0.360000%, 	0.571556%
2020-04-08 14:49:46, 	Binance     , 	Kraken      , 	ETH/EUR, 	156.02, 	0.26248, 	154.52, 	0.60784, 	0.970748%, 	0.360000%, 	0.610748%
2020-04-08 14:50:01, 	Binance     , 	Kraken      , 	ETH/EUR, 	156.02, 	0.26248, 	154.41, 	0.60784, 	1.042679%, 	0.360000%, 	0.682679%
2020-04-08 14:50:16, 	Binance     , 	Kraken      , 	ETH/EUR, 	156.02, 	0.00603, 	154.26, 	0.622, 	1.140931%, 	0.360000%, 	0.780931%
2020-04-08 14:50:31, 	Binance     , 	Kraken      , 	ETH/EUR, 	156.02, 	0.00603, 	154.22, 	0.20488, 	1.167164%, 	0.360000%, 	0.807164%
2020-04-08 14:50:46, 	Binance     , 	Kraken      , 	ETH/EUR, 	156.02, 	0.00603, 	154.22, 	0.20488, 	1.167164%, 	0.360000%, 	0.807164%
2020-04-08 14:51:01, 	Binance     , 	Kraken      , 	ETH/EUR, 	156.02, 	0.00603, 	154.09, 	0.622, 	1.252515%, 	0.360000%, 	0.892515%
2020-04-08 14:51:16, 	Binance     , 	Kraken      , 	ETH/EUR, 	156.02, 	0.00603, 	154.3, 	0.295, 	1.114712%, 	0.360000%, 	0.754712%
2020-04-08 14:51:31, 	Binance     , 	Kraken      , 	ETH/EUR, 	156.02, 	0.00603, 	154.33, 	0.621, 	1.095056%, 	0.360000%, 	0.735056%
2020-04-08 14:51:46, 	Binance     , 	Kraken      , 	ETH/EUR, 	156.02, 	0.00603, 	154.39, 	0.621, 	1.055768%, 	0.360000%, 	0.695768%
2020-04-08 14:52:01, 	Binance     , 	Kraken      , 	ETH/EUR, 	156.02, 	0.00603, 	154.35, 	0.621, 	1.081957%, 	0.360000%, 	0.721957%
2020-04-08 14:52:16, 	Binance     , 	Kraken      , 	ETH/EUR, 	156.02, 	0.00603, 	154.5, 	0.621, 	0.983819%, 	0.360000%, 	0.623819%
2020-04-08 14:52:31, 	Binance     , 	Kraken      , 	ETH/EUR, 	156.02, 	0.00603, 	154.4, 	0.621, 	1.049223%, 	0.360000%, 	0.689223%
2020-04-08 14:52:46, 	Binance     , 	Kraken      , 	ETH/EUR, 	156.02, 	0.00603, 	154.34, 	0.621, 	1.088506%, 	0.360000%, 	0.728506%
2020-04-08 14:53:01, 	Binance     , 	Kraken      , 	ETH/EUR, 	156.02, 	0.00603, 	154.47, 	0.621, 	1.003431%, 	0.360000%, 	0.643431%
2020-04-08 14:53:16, 	Binance     , 	Kraken      , 	ETH/EUR, 	156.02, 	0.00603, 	154.34, 	0.621, 	1.088506%, 	0.360000%, 	0.728506%
2020-04-08 14:53:31, 	Binance     , 	Kraken      , 	ETH/EUR, 	156.02, 	0.00603, 	154.32, 	0.622, 	1.101607%, 	0.360000%, 	0.741607%
2020-04-08 14:53:46, 	Binance     , 	Kraken      , 	ETH/EUR, 	156.02, 	0.00603, 	154.17, 	0.622, 	1.199974%, 	0.360000%, 	0.839974%
2020-04-08 14:54:01, 	Binance     , 	Kraken      , 	ETH/EUR, 	156.02, 	0.00603, 	154.13, 	0.334, 	1.226238%, 	0.360000%, 	0.866238%
2020-04-08 14:54:16, 	Binance     , 	Kraken      , 	ETH/EUR, 	156.02, 	0.00603, 	154.18, 	0.894, 	1.193410%, 	0.360000%, 	0.833410%
2020-04-08 14:54:31, 	Binance     , 	Kraken      , 	ETH/EUR, 	156.02, 	0.00603, 	154.21, 	0.621, 	1.173724%, 	0.360000%, 	0.813724%
2020-04-08 14:54:46, 	Binance     , 	Kraken      , 	ETH/EUR, 	156.02, 	0.00603, 	154.22, 	0.621, 	1.167164%, 	0.360000%, 	0.807164%
2020-04-08 14:55:01, 	Binance     , 	Kraken      , 	ETH/EUR, 	156.02, 	0.00603, 	154.22, 	0.622, 	1.167164%, 	0.360000%, 	0.807164%
2020-04-08 14:55:16, 	Binance     , 	Kraken      , 	ETH/EUR, 	156.02, 	0.00603, 	154.4, 	0.621, 	1.049223%, 	0.360000%, 	0.689223%
2020-04-08 14:55:31, 	Binance     , 	Kraken      , 	ETH/EUR, 	156.02, 	0.00603, 	154.27, 	0.655, 	1.134375%, 	0.360000%, 	0.774375%
2020-04-08 14:55:46, 	Binance     , 	Kraken      , 	ETH/EUR, 	156.02, 	0.00603, 	154.35, 	0.621, 	1.081957%, 	0.360000%, 	0.721957%
2020-04-08 14:56:01, 	Binance     , 	Kraken      , 	ETH/EUR, 	156.02, 	0.00603, 	154.34, 	0.621, 	1.088506%, 	0.360000%, 	0.728506%
2020-04-08 14:56:16, 	Binance     , 	Kraken      , 	ETH/EUR, 	156.02, 	0.00603, 	154.22, 	0.894, 	1.167164%, 	0.360000%, 	0.807164%
2020-04-08 14:56:31, 	Binance     , 	Kraken      , 	ETH/EUR, 	156.02, 	0.00603, 	154.15, 	0.622, 	1.213104%, 	0.360000%, 	0.853104%
2020-04-08 14:56:46, 	Binance     , 	Kraken      , 	ETH/EUR, 	156.02, 	0.00603, 	154.12, 	0.622, 	1.232806%, 	0.360000%, 	0.872806%
2020-04-08 14:57:01, 	Binance     , 	Kraken      , 	ETH/EUR, 	154.91, 	7.59219, 	154.13, 	0.07152, 	0.506066%, 	0.360000%, 	0.146066%
2020-04-08 14:57:16, 	Binance     , 	Kraken      , 	ETH/EUR, 	154.86, 	0.20949, 	153.9, 	0.07152, 	0.623782%, 	0.360000%, 	0.263782%
2020-04-08 14:57:31, 	Binance     , 	Kraken      , 	ETH/EUR, 	154.86, 	6.14689, 	153.83, 	0.07152, 	0.669570%, 	0.360000%, 	0.309570%
2020-04-08 14:57:46, 	Binance     , 	Kraken      , 	ETH/EUR, 	154.86, 	0.20949, 	153.43, 	0.07152, 	0.932021%, 	0.360000%, 	0.572021%
2020-04-08 14:58:01, 	Binance     , 	Kraken      , 	ETH/EUR, 	154.86, 	0.20949, 	153.41, 	0.07152, 	0.945180%, 	0.360000%, 	0.585180%
2020-04-08 14:58:16, 	Binance     , 	Kraken      , 	ETH/EUR, 	154.86, 	0.20949, 	153.2, 	0.07152, 	1.083551%, 	0.360000%, 	0.723551%
2020-04-08 14:58:31, 	Binance     , 	Kraken      , 	ETH/EUR, 	154.86, 	0.20949, 	153.3, 	0.07152, 	1.017613%, 	0.360000%, 	0.657613%
2020-04-08 14:58:46, 	Binance     , 	Kraken      , 	ETH/EUR, 	154.86, 	0.20949, 	153.4, 	0.07152, 	0.951760%, 	0.360000%, 	0.591760%
2020-04-08 14:59:01, 	Binance     , 	Kraken      , 	ETH/EUR, 	154.86, 	0.20949, 	153.47, 	0.07152, 	0.905714%, 	0.360000%, 	0.545714%
2020-04-08 14:59:16, 	Binance     , 	Kraken      , 	ETH/EUR, 	154.86, 	0.20949, 	153.5, 	0.07152, 	0.885993%, 	0.360000%, 	0.525993%
2020-04-08 14:59:31, 	Binance     , 	Kraken      , 	ETH/EUR, 	154.86, 	0.20949, 	153.48, 	0.07152, 	0.899140%, 	0.360000%, 	0.539140%
2020-04-08 14:59:46, 	Binance     , 	Kraken      , 	ETH/EUR, 	154.86, 	0.20949, 	153.42, 	0.07152, 	0.938600%, 	0.360000%, 	0.578600%
2020-04-08 15:00:01, 	Binance     , 	Kraken      , 	ETH/EUR, 	154.86, 	0.20949, 	153.41, 	0.07152, 	0.945180%, 	0.360000%, 	0.585180%
2020-04-08 15:00:16, 	Binance     , 	Kraken      , 	ETH/EUR, 	154.86, 	0.20949, 	153.5, 	0.07152, 	0.885993%, 	0.360000%, 	0.525993%
2020-04-08 15:00:31, 	Binance     , 	Kraken      , 	ETH/EUR, 	154.86, 	4.83256, 	153.88, 	0.07152, 	0.636860%, 	0.360000%, 	0.276860%
2020-04-08 15:00:46, 	Binance     , 	Kraken      , 	ETH/EUR, 	154.86, 	0.20949, 	153.84, 	0.07152, 	0.663027%, 	0.360000%, 	0.303027%
2020-04-08 15:01:01, 	Binance     , 	Kraken      , 	ETH/EUR, 	154.86, 	0.20949, 	153.8, 	0.07152, 	0.689207%, 	0.360000%, 	0.329207%
2020-04-08 15:01:16, 	Binance     , 	Kraken      , 	ETH/EUR, 	154.86, 	4.83256, 	153.98, 	0.07152, 	0.571503%, 	0.360000%, 	0.211503%
2020-04-08 15:01:31, 	Binance     , 	Kraken      , 	ETH/EUR, 	154.92, 	0.191, 	154.06, 	0.06475, 	0.558224%, 	0.360000%, 	0.198224%
2020-04-08 15:01:46, 	Binance     , 	Kraken      , 	ETH/EUR, 	154.91, 	0.07459, 	154.03, 	0.06475, 	0.571317%, 	0.360000%, 	0.211317%
2020-04-08 15:02:01, 	Binance     , 	Kraken      , 	ETH/EUR, 	154.91, 	0.07459, 	153.98, 	0.06475, 	0.603975%, 	0.360000%, 	0.243975%
2020-04-08 15:02:16, 	Binance     , 	Kraken      , 	ETH/EUR, 	154.91, 	0.07459, 	154.04, 	0.06475, 	0.564788%, 	0.360000%, 	0.204788%
2020-04-08 15:02:31, 	Binance     , 	Kraken      , 	ETH/EUR, 	154.92, 	0.191, 	154.04, 	0.06475, 	0.571280%, 	0.360000%, 	0.211280%
2020-04-08 15:02:46, 	Binance     , 	Kraken      , 	ETH/EUR, 	154.92, 	0.191, 	154.04, 	0.06475, 	0.571280%, 	0.360000%, 	0.211280%
2020-04-08 15:03:01, 	Binance     , 	Kraken      , 	ETH/EUR, 	154.92, 	0.191, 	154.21, 	0.06475, 	0.460411%, 	0.360000%, 	0.100411%
2020-04-08 15:03:16, 	Binance     , 	Kraken      , 	ETH/EUR, 	154.92, 	0.191, 	154.12, 	0.06475, 	0.519076%, 	0.360000%, 	0.159076%
2020-04-08 15:03:31, 	Binance     , 	Kraken      , 	ETH/EUR, 	154.92, 	0.191, 	154.16, 	0.06475, 	0.492994%, 	0.360000%, 	0.132994%
2020-04-08 15:03:46, 	Binance     , 	Kraken      , 	ETH/EUR, 	154.91, 	0.07459, 	154.2, 	0.06475, 	0.460441%, 	0.360000%, 	0.100441%
2020-04-08 15:04:01, 	Binance     , 	Kraken      , 	ETH/EUR, 	154.92, 	0.133, 	154.17, 	0.06475, 	0.486476%, 	0.360000%, 	0.126476%
2020-04-08 15:04:17, 	Binance     , 	Kraken      , 	ETH/EUR, 	154.91, 	0.07459, 	154.08, 	0.06475, 	0.538681%, 	0.360000%, 	0.178681%
2020-04-08 15:04:32, 	Binance     , 	Kraken      , 	ETH/EUR, 	154.92, 	0.133, 	154.07, 	0.06475, 	0.551697%, 	0.360000%, 	0.191697%
2020-04-08 15:04:47, 	Binance     , 	Kraken      , 	ETH/EUR, 	154.92, 	0.118, 	154.1, 	0.06475, 	0.532122%, 	0.360000%, 	0.172122%
2020-04-08 15:05:02, 	Binance     , 	Kraken      , 	ETH/EUR, 	154.91, 	0.07459, 	154.09, 	0.06475, 	0.532157%, 	0.360000%, 	0.172157%
2020-04-08 15:05:17, 	Binance     , 	Kraken      , 	ETH/EUR, 	154.92, 	0.191, 	154.09, 	0.06475, 	0.538646%, 	0.360000%, 	0.178646%
2020-04-08 15:05:32, 	Binance     , 	Kraken      , 	ETH/EUR, 	154.92, 	0.191, 	154.09, 	0.06475, 	0.538646%, 	0.360000%, 	0.178646%
2020-04-08 15:05:47, 	Binance     , 	Kraken      , 	ETH/EUR, 	154.91, 	0.07459, 	154.13, 	0.06475, 	0.506066%, 	0.360000%, 	0.146066%
2020-04-08 15:06:02, 	Binance     , 	Kraken      , 	ETH/EUR, 	154.91, 	0.07459, 	154.05, 	0.06475, 	0.558260%, 	0.360000%, 	0.198260%
2020-04-08 15:06:17, 	Binance     , 	Kraken      , 	ETH/EUR, 	154.91, 	0.07459, 	154.05, 	0.06475, 	0.558260%, 	0.360000%, 	0.198260%
2020-04-08 15:06:32, 	Binance     , 	Kraken      , 	ETH/EUR, 	154.92, 	0.191, 	154.1, 	0.06475, 	0.532122%, 	0.360000%, 	0.172122%
2020-04-08 15:06:47, 	Binance     , 	Kraken      , 	ETH/EUR, 	154.92, 	0.191, 	154.19, 	0.06475, 	0.473442%, 	0.360000%, 	0.113442%
2020-04-08 15:07:02, 	Binance     , 	Kraken      , 	ETH/EUR, 	154.92, 	0.191, 	154.19, 	0.06475, 	0.473442%, 	0.360000%, 	0.113442%
2020-04-08 15:07:17, 	Binance     , 	Kraken      , 	ETH/EUR, 	154.92, 	0.191, 	154.19, 	0.06475, 	0.473442%, 	0.360000%, 	0.113442%
2020-04-08 15:07:32, 	Binance     , 	Kraken      , 	ETH/EUR, 	154.92, 	0.191, 	154.26, 	0.06475, 	0.427849%, 	0.360000%, 	0.067849%
2020-04-08 15:07:47, 	Binance     , 	Kraken      , 	ETH/EUR, 	154.92, 	0.191, 	154.22, 	0.06475, 	0.453897%, 	0.360000%, 	0.093897%
2020-04-08 15:08:02, 	Binance     , 	Kraken      , 	ETH/EUR, 	154.92, 	7.79628, 	154.18, 	0.22308, 	0.479958%, 	0.360000%, 	0.119958%
2020-04-08 15:08:17, 	Binance     , 	Kraken      , 	ETH/EUR, 	154.92, 	7.47962, 	154.16, 	0.06475, 	0.492994%, 	0.360000%, 	0.132994%
2020-04-08 15:08:32, 	Binance     , 	Kraken      , 	ETH/EUR, 	155.41, 	0.20875, 	154.16, 	4.80484, 	0.810846%, 	0.360000%, 	0.450846%
2020-04-08 15:08:47, 	Binance     , 	Kraken      , 	ETH/EUR, 	155.41, 	0.20875, 	154.21, 	4.80484, 	0.778160%, 	0.360000%, 	0.418160%
2020-04-08 15:09:02, 	Binance     , 	Kraken      , 	ETH/EUR, 	155.41, 	0.20875, 	154.16, 	4.80484, 	0.810846%, 	0.360000%, 	0.450846%
2020-04-08 15:09:17, 	Binance     , 	Kraken      , 	ETH/EUR, 	155.41, 	0.20875, 	154.23, 	4.80484, 	0.765091%, 	0.360000%, 	0.405091%
2020-04-08 15:09:32, 	Binance     , 	Kraken      , 	ETH/EUR, 	155.41, 	0.20875, 	154.2, 	4.80484, 	0.784695%, 	0.360000%, 	0.424695%
2020-04-08 15:09:47, 	Binance     , 	Kraken      , 	ETH/EUR, 	155.41, 	0.20875, 	154.28, 	4.80484, 	0.732435%, 	0.360000%, 	0.372435%
2020-04-08 15:10:02, 	Binance     , 	Kraken      , 	ETH/EUR, 	155.41, 	0.20875, 	154.32, 	4.80484, 	0.706325%, 	0.360000%, 	0.346325%
2020-04-08 15:10:17, 	Binance     , 	Kraken      , 	ETH/EUR, 	155.41, 	0.20875, 	154.47, 	0.17569, 	0.608532%, 	0.360000%, 	0.248532%
2020-04-08 15:10:32, 	Binance     , 	Kraken      , 	ETH/EUR, 	155.41, 	0.20875, 	154.47, 	0.17569, 	0.608532%, 	0.360000%, 	0.248532%
2020-04-08 15:10:47, 	Binance     , 	Kraken      , 	ETH/EUR, 	155.41, 	0.20875, 	154.57, 	0.17569, 	0.543443%, 	0.360000%, 	0.183443%
2020-04-08 15:11:02, 	Binance     , 	Kraken      , 	ETH/EUR, 	155.41, 	0.20875, 	154.59, 	0.17569, 	0.530435%, 	0.360000%, 	0.170435%
2020-04-08 15:11:17, 	Binance     , 	Kraken      , 	ETH/EUR, 	155.41, 	0.20875, 	154.59, 	0.17569, 	0.530435%, 	0.360000%, 	0.170435%
2020-04-08 15:11:32, 	Binance     , 	Kraken      , 	ETH/EUR, 	155.41, 	0.20875, 	154.62, 	0.17569, 	0.510930%, 	0.360000%, 	0.150930%
2020-04-08 15:11:47, 	Binance     , 	Kraken      , 	ETH/EUR, 	155.41, 	0.20875, 	154.68, 	0.17569, 	0.471942%, 	0.360000%, 	0.111942%
2020-04-08 15:12:02, 	Binance     , 	Kraken      , 	ETH/EUR, 	155.41, 	0.20875, 	154.7, 	0.17569, 	0.458953%, 	0.360000%, 	0.098953%
2020-04-08 15:12:17, 	Binance     , 	Kraken      , 	ETH/EUR, 	155.41, 	0.20875, 	154.67, 	0.17569, 	0.478438%, 	0.360000%, 	0.118438%
2020-04-08 15:12:32, 	Binance     , 	Kraken      , 	ETH/EUR, 	155.41, 	0.20875, 	154.59, 	0.17569, 	0.530435%, 	0.360000%, 	0.170435%
2020-04-08 15:12:47, 	Binance     , 	Kraken      , 	ETH/EUR, 	155.41, 	0.20875, 	154.61, 	0.17569, 	0.517431%, 	0.360000%, 	0.157431%
2020-04-08 15:13:02, 	Binance     , 	Kraken      , 	ETH/EUR, 	155.41, 	0.20875, 	154.65, 	0.17569, 	0.491432%, 	0.360000%, 	0.131432%
2020-04-08 15:13:17, 	Binance     , 	Kraken      , 	ETH/EUR, 	155.41, 	0.20875, 	154.69, 	0.17569, 	0.465447%, 	0.360000%, 	0.105447%
2020-04-08 15:13:32, 	Binance     , 	Kraken      , 	ETH/EUR, 	155.41, 	0.20875, 	154.76, 	0.17569, 	0.420005%, 	0.360000%, 	0.060005%
2020-04-08 15:13:47, 	Binance     , 	Kraken      , 	ETH/EUR, 	155.41, 	0.20875, 	154.73, 	0.17569, 	0.439475%, 	0.360000%, 	0.079475%
2020-04-08 15:14:02, 	Binance     , 	Kraken      , 	ETH/EUR, 	155.41, 	0.20875, 	154.81, 	0.17569, 	0.387572%, 	0.360000%, 	0.027572%
2020-04-08 15:14:17, 	Binance     , 	Kraken      , 	ETH/EUR, 	155.41, 	0.20875, 	154.82, 	0.17569, 	0.381088%, 	0.360000%, 	0.021088%
2020-04-08 15:14:32, 	Binance     , 	Kraken      , 	ETH/EUR, 	155.41, 	0.20875, 	154.85, 	0.17569, 	0.361640%, 	0.360000%, 	0.001640%
2020-04-08 15:14:47, 	Binance     , 	Kraken      , 	ETH/EUR, 	155.41, 	0.20875, 	154.89, 	0.17569, 	0.335722%, 	0.360000%, 	-0.024278%
2020-04-08 16:58:04, 	Binance     , 	Kraken      , 	ETH/EUR, 	157.08, 	0.20653, 	155.96, 	8.04, 	0.718133%, 	0.360000%, 	0.358133%
2020-04-08 16:58:19, 	Binance     , 	Kraken      , 	ETH/EUR, 	157.08, 	0.20653, 	155.81, 	12.8, 	0.815095%, 	0.360000%, 	0.455095%
2020-04-08 16:58:34, 	Binance     , 	Kraken      , 	ETH/EUR, 	157.08, 	0.20653, 	155.79, 	139.197, 	0.828038%, 	0.360000%, 	0.468038%
2020-04-08 16:58:49, 	Binance     , 	Kraken      , 	ETH/EUR, 	157.08, 	0.20653, 	155.81, 	10.0, 	0.815095%, 	0.360000%, 	0.455095%
2020-04-08 16:59:04, 	Binance     , 	Kraken      , 	ETH/EUR, 	157.08, 	0.20653, 	155.79, 	10.0, 	0.828038%, 	0.360000%, 	0.468038%
2020-04-08 16:59:19, 	Binance     , 	Kraken      , 	ETH/EUR, 	157.0, 	8.60136, 	155.77, 	10.0, 	0.789626%, 	0.360000%, 	0.429626%
2020-04-08 16:59:34, 	Binance     , 	Kraken      , 	ETH/EUR, 	157.0, 	8.60136, 	155.83, 	10.0, 	0.750818%, 	0.360000%, 	0.390818%
2020-04-08 16:59:49, 	Binance     , 	Kraken      , 	ETH/EUR, 	157.0, 	8.60136, 	155.87, 	67.0, 	0.724963%, 	0.360000%, 	0.364963%
2020-04-08 17:00:04, 	Binance     , 	Kraken      , 	ETH/EUR, 	157.0, 	8.60136, 	155.8, 	2.8, 	0.770218%, 	0.360000%, 	0.410218%
2020-04-08 17:00:19, 	Binance     , 	Kraken      , 	ETH/EUR, 	157.0, 	8.60136, 	155.75, 	116.92, 	0.802568%, 	0.360000%, 	0.442568%
2020-04-08 17:00:34, 	Binance     , 	Kraken      , 	ETH/EUR, 	157.0, 	8.60136, 	155.64, 	3.12, 	0.873811%, 	0.360000%, 	0.513811%
2020-04-08 17:00:49, 	Binance     , 	Kraken      , 	ETH/EUR, 	157.0, 	8.60136, 	155.59, 	10.0, 	0.906228%, 	0.360000%, 	0.546228%
2020-04-08 17:01:04, 	Binance     , 	Kraken      , 	ETH/EUR, 	157.0, 	8.60136, 	155.55, 	10.0, 	0.932176%, 	0.360000%, 	0.572176%
2020-04-08 17:01:19, 	Binance     , 	Kraken      , 	ETH/EUR, 	157.0, 	3.46755, 	155.51, 	181.76, 	0.958138%, 	0.360000%, 	0.598138%
2020-04-08 17:01:34, 	Binance     , 	Kraken      , 	ETH/EUR, 	156.63, 	0.06385, 	155.4, 	10.0, 	0.791506%, 	0.360000%, 	0.431506%
2020-04-08 17:01:49, 	Binance     , 	Kraken      , 	ETH/EUR, 	156.63, 	0.06385, 	155.41, 	22.625, 	0.785020%, 	0.360000%, 	0.425020%
2020-04-08 17:02:04, 	Binance     , 	Kraken      , 	ETH/EUR, 	156.63, 	0.06385, 	155.73, 	12.314, 	0.577923%, 	0.360000%, 	0.217923%
2020-04-08 17:02:19, 	Binance     , 	Kraken      , 	ETH/EUR, 	156.63, 	0.06385, 	156.08, 	427.534, 	0.352383%, 	0.360000%, 	-0.007617%
2020-04-08 19:36:10, 	Binance     , 	Kraken      , 	ETH/EUR, 	158.5, 	2.90205, 	157.58, 	10.0, 	0.583830%, 	0.360000%, 	0.223830%
2020-04-08 19:36:25, 	Binance     , 	Kraken      , 	ETH/EUR, 	158.5, 	2.90205, 	157.65, 	10.0, 	0.539169%, 	0.360000%, 	0.179169%
2020-04-08 19:36:40, 	Binance     , 	Kraken      , 	ETH/EUR, 	158.5, 	2.90205, 	157.61, 	8.477, 	0.564685%, 	0.360000%, 	0.204685%
2020-04-08 19:36:55, 	Binance     , 	Kraken      , 	ETH/EUR, 	158.5, 	2.90205, 	157.63, 	1.387, 	0.551925%, 	0.360000%, 	0.191925%
2020-04-08 19:37:10, 	Binance     , 	Kraken      , 	ETH/EUR, 	158.5, 	2.90205, 	157.61, 	143.5, 	0.564685%, 	0.360000%, 	0.204685%
2020-04-08 19:37:25, 	Binance     , 	Kraken      , 	ETH/EUR, 	158.5, 	2.90205, 	157.61, 	73.5, 	0.564685%, 	0.360000%, 	0.204685%
2020-04-08 19:37:40, 	Binance     , 	Kraken      , 	ETH/EUR, 	158.5, 	2.90205, 	157.61, 	112.5, 	0.564685%, 	0.360000%, 	0.204685%
2020-04-08 19:37:55, 	Binance     , 	Kraken      , 	ETH/EUR, 	158.5, 	2.90205, 	157.61, 	67.5, 	0.564685%, 	0.360000%, 	0.204685%
2020-04-08 19:38:10, 	Binance     , 	Kraken      , 	ETH/EUR, 	158.5, 	2.90205, 	157.61, 	59.537, 	0.564685%, 	0.360000%, 	0.204685%
2020-04-08 19:38:25, 	Binance     , 	Kraken      , 	ETH/EUR, 	158.5, 	2.90205, 	157.63, 	15.45, 	0.551925%, 	0.360000%, 	0.191925%
2020-04-08 19:38:40, 	Binance     , 	Kraken      , 	ETH/EUR, 	158.5, 	2.90205, 	157.64, 	20.16, 	0.545547%, 	0.360000%, 	0.185547%
2020-04-08 19:38:55, 	Binance     , 	Kraken      , 	ETH/EUR, 	158.5, 	2.90205, 	157.61, 	16.84, 	0.564685%, 	0.360000%, 	0.204685%
2020-04-08 19:39:10, 	Binance     , 	Kraken      , 	ETH/EUR, 	158.5, 	2.90205, 	157.56, 	6.41, 	0.596598%, 	0.360000%, 	0.236598%
2020-04-08 19:39:25, 	Binance     , 	Kraken      , 	ETH/EUR, 	158.5, 	2.90205, 	157.46, 	7.5, 	0.660485%, 	0.360000%, 	0.300485%
2020-04-08 19:39:40, 	Binance     , 	Kraken      , 	ETH/EUR, 	158.5, 	2.90205, 	157.47, 	100.0, 	0.654093%, 	0.360000%, 	0.294093%
2020-04-08 19:39:55, 	Binance     , 	Kraken      , 	ETH/EUR, 	158.5, 	2.90205, 	157.43, 	10.0, 	0.679667%, 	0.360000%, 	0.319667%
2020-04-08 19:40:10, 	Binance     , 	Kraken      , 	ETH/EUR, 	158.5, 	2.90205, 	157.39, 	5.606, 	0.705254%, 	0.360000%, 	0.345254%
2020-04-08 19:40:25, 	Binance     , 	Kraken      , 	ETH/EUR, 	158.5, 	2.90205, 	157.32, 	50.0, 	0.750064%, 	0.360000%, 	0.390064%
2020-04-08 19:40:40, 	Binance     , 	Kraken      , 	ETH/EUR, 	158.5, 	2.90205, 	157.36, 	3.953, 	0.724453%, 	0.360000%, 	0.364453%
2020-04-08 19:40:55, 	Binance     , 	Kraken      , 	ETH/EUR, 	158.5, 	2.90205, 	157.36, 	2.941, 	0.724453%, 	0.360000%, 	0.364453%
2020-04-08 19:41:10, 	Binance     , 	Kraken      , 	ETH/EUR, 	158.5, 	2.90205, 	157.36, 	2.653, 	0.724453%, 	0.360000%, 	0.364453%
2020-04-08 19:41:25, 	Binance     , 	Kraken      , 	ETH/EUR, 	158.5, 	2.90205, 	157.36, 	2.488, 	0.724453%, 	0.360000%, 	0.364453%
2020-04-08 19:41:40, 	Binance     , 	Kraken      , 	ETH/EUR, 	158.5, 	2.90205, 	157.36, 	2.141, 	0.724453%, 	0.360000%, 	0.364453%
2020-04-08 19:41:55, 	Binance     , 	Kraken      , 	ETH/EUR, 	158.5, 	2.90205, 	157.44, 	98.483, 	0.673272%, 	0.360000%, 	0.313272%
2020-04-08 19:42:10, 	Binance     , 	Kraken      , 	ETH/EUR, 	158.5, 	2.90205, 	157.44, 	0.003, 	0.673272%, 	0.360000%, 	0.313272%
2020-04-08 19:42:25, 	Binance     , 	Kraken      , 	ETH/EUR, 	158.5, 	2.90205, 	157.47, 	88.363, 	0.654093%, 	0.360000%, 	0.294093%
2020-04-08 19:42:40, 	Binance     , 	Kraken      , 	ETH/EUR, 	158.5, 	2.90205, 	157.46, 	1.9, 	0.660485%, 	0.360000%, 	0.300485%
2020-04-08 19:42:55, 	Binance     , 	Kraken      , 	ETH/EUR, 	158.5, 	2.90205, 	157.47, 	65.101, 	0.654093%, 	0.360000%, 	0.294093%
2020-04-08 19:43:10, 	Binance     , 	Kraken      , 	ETH/EUR, 	158.5, 	2.90205, 	157.47, 	65.101, 	0.654093%, 	0.360000%, 	0.294093%
2020-04-08 19:43:25, 	Binance     , 	Kraken      , 	ETH/EUR, 	158.5, 	2.90205, 	157.47, 	65.101, 	0.654093%, 	0.360000%, 	0.294093%
2020-04-08 19:43:40, 	Binance     , 	Kraken      , 	ETH/EUR, 	158.5, 	2.90205, 	157.44, 	12.0, 	0.673272%, 	0.360000%, 	0.313272%
2020-04-08 19:43:55, 	Binance     , 	Kraken      , 	ETH/EUR, 	158.5, 	2.90205, 	157.45, 	12.755, 	0.666878%, 	0.360000%, 	0.306878%
2020-04-08 19:44:10, 	Binance     , 	Kraken      , 	ETH/EUR, 	158.5, 	2.90205, 	157.42, 	1.9, 	0.686063%, 	0.360000%, 	0.326063%
2020-04-08 19:44:25, 	Binance     , 	Kraken      , 	ETH/EUR, 	158.5, 	2.90205, 	157.33, 	9.75, 	0.743660%, 	0.360000%, 	0.383660%
2020-04-08 19:44:40, 	Binance     , 	Kraken      , 	ETH/EUR, 	158.5, 	2.90205, 	157.44, 	19.711, 	0.673272%, 	0.360000%, 	0.313272%
2020-04-08 19:44:55, 	Binance     , 	Kraken      , 	ETH/EUR, 	158.5, 	2.90205, 	157.47, 	65.101, 	0.654093%, 	0.360000%, 	0.294093%
2020-04-08 19:45:10, 	Binance     , 	Kraken      , 	ETH/EUR, 	158.5, 	2.90205, 	157.47, 	64.997, 	0.654093%, 	0.360000%, 	0.294093%
2020-04-08 19:45:25, 	Binance     , 	Kraken      , 	ETH/EUR, 	158.5, 	2.90205, 	157.47, 	108.106, 	0.654093%, 	0.360000%, 	0.294093%
2020-04-08 19:45:40, 	Binance     , 	Kraken      , 	ETH/EUR, 	158.5, 	2.90205, 	157.45, 	8.507, 	0.666878%, 	0.360000%, 	0.306878%
2020-04-08 19:45:55, 	Binance     , 	Kraken      , 	ETH/EUR, 	158.5, 	2.90205, 	157.38, 	0.001, 	0.711653%, 	0.360000%, 	0.351653%
2020-04-08 19:46:10, 	Binance     , 	Kraken      , 	ETH/EUR, 	158.5, 	2.90205, 	157.48, 	72.13, 	0.647701%, 	0.360000%, 	0.287701%
2020-04-08 19:46:25, 	Binance     , 	Kraken      , 	ETH/EUR, 	158.5, 	2.90205, 	157.47, 	50.0, 	0.654093%, 	0.360000%, 	0.294093%
2020-04-08 19:46:40, 	Binance     , 	Kraken      , 	ETH/EUR, 	158.5, 	2.90205, 	157.41, 	40.0, 	0.692459%, 	0.360000%, 	0.332459%
2020-04-08 19:46:55, 	Binance     , 	Kraken      , 	ETH/EUR, 	158.5, 	2.90205, 	157.41, 	39.944, 	0.692459%, 	0.360000%, 	0.332459%
2020-04-08 19:47:10, 	Binance     , 	Kraken      , 	ETH/EUR, 	158.5, 	2.90205, 	157.41, 	49.127, 	0.692459%, 	0.360000%, 	0.332459%
2020-04-08 19:47:25, 	Binance     , 	Kraken      , 	ETH/EUR, 	158.5, 	2.90205, 	157.37, 	15.979, 	0.718053%, 	0.360000%, 	0.358053%
2020-04-08 19:47:40, 	Binance     , 	Kraken      , 	ETH/EUR, 	158.5, 	2.90205, 	157.38, 	50.0, 	0.711653%, 	0.360000%, 	0.351653%
2020-04-08 19:47:55, 	Binance     , 	Kraken      , 	ETH/EUR, 	158.5, 	2.90205, 	157.34, 	68.3, 	0.737257%, 	0.360000%, 	0.377257%
2020-04-08 19:48:10, 	Binance     , 	Kraken      , 	ETH/EUR, 	158.5, 	2.90205, 	157.23, 	10.0, 	0.807734%, 	0.360000%, 	0.447734%
2020-04-08 19:48:25, 	Binance     , 	Kraken      , 	ETH/EUR, 	158.5, 	2.90205, 	157.36, 	10.0, 	0.724453%, 	0.360000%, 	0.364453%
2020-04-08 19:48:40, 	Binance     , 	Kraken      , 	ETH/EUR, 	158.5, 	2.90205, 	157.36, 	7.981, 	0.724453%, 	0.360000%, 	0.364453%
2020-04-08 19:48:55, 	Binance     , 	Kraken      , 	ETH/EUR, 	158.5, 	2.90205, 	157.3, 	2.33, 	0.762873%, 	0.360000%, 	0.402873%
2020-04-08 19:49:10, 	Binance     , 	Kraken      , 	ETH/EUR, 	158.5, 	2.90205, 	157.26, 	79.375, 	0.788503%, 	0.360000%, 	0.428503%
2020-04-08 19:49:25, 	Binance     , 	Kraken      , 	ETH/EUR, 	158.5, 	2.90205, 	157.26, 	58.969, 	0.788503%, 	0.360000%, 	0.428503%
2020-04-08 19:49:40, 	Binance     , 	Kraken      , 	ETH/EUR, 	158.5, 	2.90205, 	157.2, 	1.976, 	0.826972%, 	0.360000%, 	0.466972%
2020-04-08 19:49:55, 	Binance     , 	Kraken      , 	ETH/EUR, 	158.5, 	2.90205, 	157.25, 	10.0, 	0.794913%, 	0.360000%, 	0.434913%
2020-04-08 19:50:10, 	Binance     , 	Kraken      , 	ETH/EUR, 	158.5, 	2.90205, 	157.26, 	31.028, 	0.788503%, 	0.360000%, 	0.428503%
2020-04-08 19:50:25, 	Binance     , 	Kraken      , 	ETH/EUR, 	158.5, 	2.90205, 	157.26, 	26.98, 	0.788503%, 	0.360000%, 	0.428503%
2020-04-08 19:50:40, 	Binance     , 	Kraken      , 	ETH/EUR, 	158.5, 	2.90205, 	157.26, 	40.889, 	0.788503%, 	0.360000%, 	0.428503%
2020-04-08 19:50:55, 	Binance     , 	Kraken      , 	ETH/EUR, 	158.5, 	2.90205, 	157.26, 	26.148, 	0.788503%, 	0.360000%, 	0.428503%
2020-04-08 19:51:10, 	Binance     , 	Kraken      , 	ETH/EUR, 	158.5, 	2.90205, 	157.35, 	52.09, 	0.730855%, 	0.360000%, 	0.370855%
2020-04-08 19:51:25, 	Binance     , 	Kraken      , 	ETH/EUR, 	158.5, 	2.90205, 	157.52, 	67.042, 	0.622143%, 	0.360000%, 	0.262143%
2020-04-08 19:51:40, 	Binance     , 	Kraken      , 	ETH/EUR, 	158.5, 	2.90205, 	157.44, 	0.99, 	0.673272%, 	0.360000%, 	0.313272%
2020-04-08 19:51:55, 	Binance     , 	Kraken      , 	ETH/EUR, 	158.5, 	2.90205, 	157.42, 	16.395, 	0.686063%, 	0.360000%, 	0.326063%
2020-04-08 19:52:10, 	Binance     , 	Kraken      , 	ETH/EUR, 	158.5, 	2.90205, 	157.41, 	53.68, 	0.692459%, 	0.360000%, 	0.332459%
2020-04-08 19:52:25, 	Binance     , 	Kraken      , 	ETH/EUR, 	158.5, 	2.90205, 	157.42, 	61.78, 	0.686063%, 	0.360000%, 	0.326063%
2020-04-08 19:52:40, 	Binance     , 	Kraken      , 	ETH/EUR, 	158.5, 	2.90205, 	157.44, 	0.99, 	0.673272%, 	0.360000%, 	0.313272%
2020-04-08 19:52:55, 	Binance     , 	Kraken      , 	ETH/EUR, 	158.5, 	2.90205, 	157.39, 	1.96, 	0.705254%, 	0.360000%, 	0.345254%
2020-04-08 19:53:10, 	Binance     , 	Kraken      , 	ETH/EUR, 	158.5, 	2.90205, 	157.38, 	18.595, 	0.711653%, 	0.360000%, 	0.351653%
2020-04-08 19:53:25, 	Binance     , 	Kraken      , 	ETH/EUR, 	158.5, 	2.90205, 	157.37, 	51.78, 	0.718053%, 	0.360000%, 	0.358053%
2020-04-08 19:53:40, 	Binance     , 	Kraken      , 	ETH/EUR, 	158.5, 	2.90205, 	157.4, 	16.6, 	0.698856%, 	0.360000%, 	0.338856%
2020-04-08 19:53:55, 	Binance     , 	Kraken      , 	ETH/EUR, 	158.5, 	2.90205, 	157.34, 	61.13, 	0.737257%, 	0.360000%, 	0.377257%
2020-04-08 19:54:10, 	Binance     , 	Kraken      , 	ETH/EUR, 	158.5, 	2.90205, 	157.4, 	14.85, 	0.698856%, 	0.360000%, 	0.338856%
2020-04-08 19:54:25, 	Binance     , 	Kraken      , 	ETH/EUR, 	158.5, 	2.90205, 	157.32, 	22.0, 	0.750064%, 	0.360000%, 	0.390064%
2020-04-08 19:54:40, 	Binance     , 	Kraken      , 	ETH/EUR, 	158.5, 	2.90205, 	157.39, 	9.75, 	0.705254%, 	0.360000%, 	0.345254%
2020-04-08 19:54:55, 	Binance     , 	Kraken      , 	ETH/EUR, 	158.5, 	2.74333, 	157.44, 	66.272, 	0.673272%, 	0.360000%, 	0.313272%
2020-04-08 19:55:10, 	Binance     , 	Kraken      , 	ETH/EUR, 	158.5, 	2.74333, 	157.37, 	15.0, 	0.718053%, 	0.360000%, 	0.358053%
2020-04-08 19:55:25, 	Binance     , 	Kraken      , 	ETH/EUR, 	158.5, 	2.74333, 	157.34, 	162.665, 	0.737257%, 	0.360000%, 	0.377257%
2020-04-08 19:55:40, 	Binance     , 	Kraken      , 	ETH/EUR, 	158.5, 	2.74333, 	157.28, 	10.0, 	0.775687%, 	0.360000%, 	0.415687%
2020-04-08 19:55:55, 	Binance     , 	Kraken      , 	ETH/EUR, 	158.5, 	2.74333, 	157.33, 	29.871, 	0.743660%, 	0.360000%, 	0.383660%
2020-04-08 19:56:10, 	Binance     , 	Kraken      , 	ETH/EUR, 	158.5, 	2.74333, 	157.33, 	27.449, 	0.743660%, 	0.360000%, 	0.383660%
2020-04-08 19:56:25, 	Binance     , 	Kraken      , 	ETH/EUR, 	158.5, 	2.74333, 	157.28, 	10.0, 	0.775687%, 	0.360000%, 	0.415687%
2020-04-08 19:56:40, 	Binance     , 	Kraken      , 	ETH/EUR, 	158.5, 	2.74333, 	157.32, 	51.08, 	0.750064%, 	0.360000%, 	0.390064%
2020-04-08 19:56:55, 	Binance     , 	Kraken      , 	ETH/EUR, 	158.5, 	2.74333, 	157.31, 	61.08, 	0.756468%, 	0.360000%, 	0.396468%
2020-04-08 19:57:10, 	Binance     , 	Kraken      , 	ETH/EUR, 	158.5, 	2.74333, 	157.33, 	88.529, 	0.743660%, 	0.360000%, 	0.383660%
2020-04-08 19:57:25, 	Binance     , 	Kraken      , 	ETH/EUR, 	158.5, 	2.74333, 	157.33, 	37.449, 	0.743660%, 	0.360000%, 	0.383660%
2020-04-08 19:57:40, 	Binance     , 	Kraken      , 	ETH/EUR, 	158.5, 	2.74333, 	157.33, 	27.28, 	0.743660%, 	0.360000%, 	0.383660%
2020-04-08 19:57:55, 	Binance     , 	Kraken      , 	ETH/EUR, 	158.5, 	2.74333, 	157.33, 	87.95, 	0.743660%, 	0.360000%, 	0.383660%
2020-04-08 19:58:10, 	Binance     , 	Kraken      , 	ETH/EUR, 	158.5, 	2.74333, 	157.32, 	10.0, 	0.750064%, 	0.360000%, 	0.390064%
2020-04-08 19:58:25, 	Binance     , 	Kraken      , 	ETH/EUR, 	158.5, 	2.74333, 	157.3, 	0.397, 	0.762873%, 	0.360000%, 	0.402873%
2020-04-08 19:58:40, 	Binance     , 	Kraken      , 	ETH/EUR, 	158.5, 	2.74333, 	157.28, 	10.0, 	0.775687%, 	0.360000%, 	0.415687%
2020-04-08 19:58:55, 	Binance     , 	Kraken      , 	ETH/EUR, 	158.5, 	2.74333, 	157.3, 	8.379, 	0.762873%, 	0.360000%, 	0.402873%
2020-04-08 19:59:10, 	Binance     , 	Kraken      , 	ETH/EUR, 	158.5, 	1.75981, 	157.33, 	23.108, 	0.743660%, 	0.360000%, 	0.383660%
2020-04-08 19:59:25, 	Binance     , 	Kraken      , 	ETH/EUR, 	158.5, 	1.75981, 	157.33, 	18.981, 	0.743660%, 	0.360000%, 	0.383660%
2020-04-08 19:59:40, 	Binance     , 	Kraken      , 	ETH/EUR, 	158.5, 	1.75981, 	157.33, 	28.716, 	0.743660%, 	0.360000%, 	0.383660%
2020-04-08 19:59:55, 	Binance     , 	Kraken      , 	ETH/EUR, 	158.5, 	1.75981, 	157.56, 	10.0, 	0.596598%, 	0.360000%, 	0.236598%
2020-04-08 20:00:10, 	Binance     , 	Kraken      , 	ETH/EUR, 	158.5, 	1.75981, 	157.54, 	63.753, 	0.609369%, 	0.360000%, 	0.249369%
2020-04-08 20:00:25, 	Binance     , 	Kraken      , 	ETH/EUR, 	158.5, 	1.75981, 	157.54, 	12.673, 	0.609369%, 	0.360000%, 	0.249369%
2020-04-08 20:00:40, 	Binance     , 	Kraken      , 	ETH/EUR, 	158.5, 	1.75981, 	157.58, 	14.4, 	0.583830%, 	0.360000%, 	0.223830%
2020-04-08 20:00:55, 	Binance     , 	Kraken      , 	ETH/EUR, 	158.5, 	1.75981, 	157.62, 	14.85, 	0.558305%, 	0.360000%, 	0.198305%
2020-04-08 20:01:10, 	Binance     , 	Kraken      , 	ETH/EUR, 	158.5, 	1.75981, 	157.66, 	15.24, 	0.532792%, 	0.360000%, 	0.172792%
2020-04-08 20:01:25, 	Binance     , 	Kraken      , 	ETH/EUR, 	158.5, 	1.75981, 	157.55, 	75.78, 	0.602983%, 	0.360000%, 	0.242983%
2020-04-08 20:01:40, 	Binance     , 	Kraken      , 	ETH/EUR, 	158.5, 	1.75981, 	157.61, 	13.819, 	0.564685%, 	0.360000%, 	0.204685%
2020-04-08 20:01:55, 	Binance     , 	Kraken      , 	ETH/EUR, 	158.5, 	1.75981, 	157.63, 	0.1, 	0.551925%, 	0.360000%, 	0.191925%
2020-04-08 20:02:10, 	Binance     , 	Kraken      , 	ETH/EUR, 	158.5, 	1.75981, 	157.67, 	17.478, 	0.526416%, 	0.360000%, 	0.166416%
2020-04-08 20:02:25, 	Binance     , 	Kraken      , 	ETH/EUR, 	158.5, 	1.75981, 	157.56, 	6.845, 	0.596598%, 	0.360000%, 	0.236598%
2020-04-08 20:02:40, 	Binance     , 	Kraken      , 	ETH/EUR, 	158.5, 	1.75981, 	157.63, 	14.85, 	0.551925%, 	0.360000%, 	0.191925%
2020-04-08 20:02:55, 	Binance     , 	Kraken      , 	ETH/EUR, 	158.5, 	1.75981, 	157.65, 	13.556, 	0.539169%, 	0.360000%, 	0.179169%
2020-04-08 20:03:10, 	Binance     , 	Kraken      , 	ETH/EUR, 	158.5, 	1.75981, 	157.65, 	13.232, 	0.539169%, 	0.360000%, 	0.179169%
2020-04-08 20:03:25, 	Binance     , 	Kraken      , 	ETH/EUR, 	158.5, 	1.75981, 	157.67, 	17.478, 	0.526416%, 	0.360000%, 	0.166416%
2020-04-08 20:03:40, 	Binance     , 	Kraken      , 	ETH/EUR, 	158.5, 	0.15515, 	157.67, 	17.478, 	0.526416%, 	0.360000%, 	0.166416%
2020-04-08 20:03:55, 	Binance     , 	Kraken      , 	ETH/EUR, 	158.5, 	0.15515, 	157.67, 	7.708, 	0.526416%, 	0.360000%, 	0.166416%
2020-04-08 20:04:10, 	Binance     , 	Kraken      , 	ETH/EUR, 	158.5, 	0.15515, 	157.67, 	6.629, 	0.526416%, 	0.360000%, 	0.166416%
2020-04-08 20:04:25, 	Binance     , 	Kraken      , 	ETH/EUR, 	158.5, 	0.15515, 	157.78, 	10.0, 	0.456332%, 	0.360000%, 	0.096332%
2020-04-08 20:04:40, 	Binance     , 	Kraken      , 	ETH/EUR, 	158.5, 	0.15515, 	157.78, 	50.91, 	0.456332%, 	0.360000%, 	0.096332%
2020-04-08 20:04:55, 	Binance     , 	Kraken      , 	ETH/EUR, 	158.5, 	0.15515, 	157.85, 	52.91, 	0.411783%, 	0.360000%, 	0.051783%
2020-04-08 20:05:10, 	Binance     , 	Kraken      , 	ETH/EUR, 	158.5, 	0.15515, 	157.7, 	14.09, 	0.507292%, 	0.360000%, 	0.147292%
2020-04-08 20:05:25, 	Binance     , 	Kraken      , 	ETH/EUR, 	158.5, 	0.15515, 	157.68, 	60.722, 	0.520041%, 	0.360000%, 	0.160041%
2020-04-08 20:05:40, 	Binance     , 	Kraken      , 	ETH/EUR, 	158.5, 	0.15515, 	157.66, 	9.622, 	0.532792%, 	0.360000%, 	0.172792%
2020-04-08 20:05:55, 	Binance     , 	Kraken      , 	ETH/EUR, 	158.5, 	0.15515, 	157.66, 	13.01, 	0.532792%, 	0.360000%, 	0.172792%
2020-04-08 20:06:10, 	Binance     , 	Kraken      , 	ETH/EUR, 	158.5, 	0.15515, 	157.72, 	9.962, 	0.494547%, 	0.360000%, 	0.134547%
2020-04-08 20:06:25, 	Binance     , 	Kraken      , 	ETH/EUR, 	158.5, 	0.15515, 	157.76, 	10.0, 	0.469067%, 	0.360000%, 	0.109067%
2020-04-08 20:06:40, 	Binance     , 	Kraken      , 	ETH/EUR, 	158.5, 	0.15515, 	157.79, 	10.0, 	0.449965%, 	0.360000%, 	0.089965%
2020-04-08 20:06:55, 	Binance     , 	Kraken      , 	ETH/EUR, 	158.5, 	0.15515, 	157.74, 	59.68, 	0.481806%, 	0.360000%, 	0.121806%
2020-04-08 20:07:10, 	Binance     , 	Kraken      , 	ETH/EUR, 	158.5, 	0.15515, 	157.82, 	51.68, 	0.430871%, 	0.360000%, 	0.070871%
2020-04-08 20:07:25, 	Binance     , 	Kraken      , 	ETH/EUR, 	158.5, 	0.15515, 	157.94, 	8.267, 	0.354565%, 	0.360000%, 	-0.005435%
