2020-04-08 19:54:02, 	Bittrex     , 	Kraken      , 	DAI/USDT, 	1.02734, 	482.06729646, 	1.02013, 	107.884, 	0.706773%, 	0.510000%, 	0.196773%
2020-04-08 19:54:17, 	Bittrex     , 	Kraken      , 	DAI/USDT, 	1.02734, 	964.0779152, 	1.02013, 	107.884, 	0.706773%, 	0.510000%, 	0.196773%
2020-04-08 19:54:32, 	Bittrex     , 	Kraken      , 	DAI/USDT, 	1.02734, 	482.01061874, 	1.02013, 	107.884, 	0.706773%, 	0.510000%, 	0.196773%
2020-04-08 19:54:47, 	Bittrex     , 	Kraken      , 	DAI/USDT, 	1.02734, 	482.01061874, 	1.02034, 	107.884, 	0.686046%, 	0.510000%, 	0.176046%
2020-04-08 19:55:02, 	Bittrex     , 	Kraken      , 	DAI/USDT, 	1.02734, 	482.01061874, 	1.02034, 	107.884, 	0.686046%, 	0.510000%, 	0.176046%
2020-04-08 19:55:17, 	Bittrex     , 	Kraken      , 	DAI/USDT, 	1.02734, 	482.01061874, 	1.02034, 	107.884, 	0.686046%, 	0.510000%, 	0.176046%
2020-04-08 19:55:32, 	Bittrex     , 	Kraken      , 	DAI/USDT, 	1.02734, 	482.01061874, 	1.02019, 	107.872, 	0.700850%, 	0.510000%, 	0.190850%
2020-04-08 19:55:47, 	Bittrex     , 	Kraken      , 	DAI/USDT, 	1.02734, 	482.01061874, 	1.0201, 	107.882, 	0.709734%, 	0.510000%, 	0.199734%
2020-04-08 19:56:02, 	Bittrex     , 	Kraken      , 	DAI/USDT, 	1.02734, 	482.01061874, 	1.02007, 	107.886, 	0.712696%, 	0.510000%, 	0.202696%
2020-04-08 19:56:17, 	Bittrex     , 	Kraken      , 	DAI/USDT, 	1.02734, 	482.01061874, 	1.02016, 	107.886, 	0.703811%, 	0.510000%, 	0.193811%
2020-04-08 19:56:32, 	Bittrex     , 	Kraken      , 	DAI/USDT, 	1.02734, 	482.01061874, 	1.02016, 	107.886, 	0.703811%, 	0.510000%, 	0.193811%
2020-04-08 19:56:47, 	Bittrex     , 	Kraken      , 	DAI/USDT, 	1.02734, 	482.01061874, 	1.02016, 	107.886, 	0.703811%, 	0.510000%, 	0.193811%
2020-04-08 19:57:02, 	Bittrex     , 	Kraken      , 	DAI/USDT, 	1.02734, 	482.01061874, 	1.02016, 	107.886, 	0.703811%, 	0.510000%, 	0.193811%
2020-04-08 19:57:17, 	Bittrex     , 	Kraken      , 	DAI/USDT, 	1.02734, 	963.97070082, 	1.02016, 	107.886, 	0.703811%, 	0.510000%, 	0.193811%
2020-04-08 19:57:32, 	Bittrex     , 	Kraken      , 	DAI/USDT, 	1.02734, 	963.97070082, 	1.02016, 	107.886, 	0.703811%, 	0.510000%, 	0.193811%
2020-04-08 19:57:47, 	Bittrex     , 	Kraken      , 	DAI/USDT, 	1.02734, 	963.97070082, 	1.02016, 	107.886, 	0.703811%, 	0.510000%, 	0.193811%
2020-04-08 19:58:03, 	Bittrex     , 	Kraken      , 	DAI/USDT, 	1.02734, 	963.97070082, 	1.02016, 	107.886, 	0.703811%, 	0.510000%, 	0.193811%
2020-04-08 19:58:18, 	Bittrex     , 	Kraken      , 	DAI/USDT, 	1.02734, 	963.97070082, 	1.02016, 	107.886, 	0.703811%, 	0.510000%, 	0.193811%
2020-04-08 19:58:33, 	Bittrex     , 	Kraken      , 	DAI/USDT, 	1.02734, 	963.97070082, 	1.02016, 	107.886, 	0.703811%, 	0.510000%, 	0.193811%
2020-04-08 19:58:48, 	Bittrex     , 	Kraken      , 	DAI/USDT, 	1.02734, 	963.97070082, 	1.02016, 	107.886, 	0.703811%, 	0.510000%, 	0.193811%
2020-04-08 19:59:03, 	Bittrex     , 	Kraken      , 	DAI/USDT, 	1.02734, 	963.97070082, 	1.02016, 	107.886, 	0.703811%, 	0.510000%, 	0.193811%
2020-04-08 19:59:18, 	Bittrex     , 	Kraken      , 	DAI/USDT, 	1.02734, 	963.97070082, 	1.02016, 	107.886, 	0.703811%, 	0.510000%, 	0.193811%
2020-04-08 19:59:33, 	Bittrex     , 	Kraken      , 	DAI/USDT, 	1.02734, 	481.96008208, 	1.02016, 	107.886, 	0.703811%, 	0.510000%, 	0.193811%
2020-04-08 19:59:48, 	Bittrex     , 	Kraken      , 	DAI/USDT, 	1.02734, 	481.96008208, 	1.02016, 	107.886, 	0.703811%, 	0.510000%, 	0.193811%
2020-04-08 20:00:03, 	Bittrex     , 	Kraken      , 	DAI/USDT, 	1.02734, 	72.11123077, 	1.02016, 	107.886, 	0.703811%, 	0.510000%, 	0.193811%
2020-04-08 20:00:18, 	Bittrex     , 	Kraken      , 	DAI/USDT, 	1.02734, 	72.11123077, 	1.02016, 	107.886, 	0.703811%, 	0.510000%, 	0.193811%
2020-04-08 20:00:33, 	Bittrex     , 	Kraken      , 	DAI/USDT, 	1.02734, 	72.11123077, 	1.02016, 	107.886, 	0.703811%, 	0.510000%, 	0.193811%
2020-04-08 20:00:48, 	Bittrex     , 	Kraken      , 	DAI/USDT, 	1.02734, 	72.11123077, 	1.02016, 	107.886, 	0.703811%, 	0.510000%, 	0.193811%
2020-04-08 20:01:03, 	Bittrex     , 	Kraken      , 	DAI/USDT, 	1.02734, 	72.11123077, 	1.02016, 	107.886, 	0.703811%, 	0.510000%, 	0.193811%
2020-04-08 20:01:18, 	Bittrex     , 	Kraken      , 	DAI/USDT, 	1.02734, 	72.11123077, 	1.02016, 	107.886, 	0.703811%, 	0.510000%, 	0.193811%
2020-04-08 20:01:33, 	Bittrex     , 	Kraken      , 	DAI/USDT, 	1.02734, 	72.11123077, 	1.02016, 	107.886, 	0.703811%, 	0.510000%, 	0.193811%
2020-04-08 20:01:48, 	Bittrex     , 	Kraken      , 	DAI/USDT, 	1.02734, 	72.11123077, 	1.02016, 	107.886, 	0.703811%, 	0.510000%, 	0.193811%
2020-04-08 20:02:03, 	Bittrex     , 	Kraken      , 	DAI/USDT, 	1.02734, 	72.11123077, 	1.02016, 	107.886, 	0.703811%, 	0.510000%, 	0.193811%
2020-04-08 20:02:18, 	Bittrex     , 	Kraken      , 	DAI/USDT, 	1.02734, 	72.11123077, 	1.02016, 	107.886, 	0.703811%, 	0.510000%, 	0.193811%
2020-04-08 20:02:33, 	Bittrex     , 	Kraken      , 	DAI/USDT, 	1.022673, 	10.0, 	1.02016, 	107.886, 	0.246334%, 	0.510000%, 	-0.263666%
2020-04-09 01:12:45, 	Bittrex     , 	Kraken      , 	DAI/USDT, 	1.028888, 	142.66, 	1.01988, 	665.895, 	0.883241%, 	0.510000%, 	0.373241%
2020-04-09 01:13:00, 	Bittrex     , 	Kraken      , 	DAI/USDT, 	1.028888, 	142.66, 	1.01988, 	339.483, 	0.883241%, 	0.510000%, 	0.373241%
2020-04-09 01:13:15, 	Bittrex     , 	Kraken      , 	DAI/USDT, 	1.028888, 	142.66, 	1.01998, 	339.483, 	0.873350%, 	0.510000%, 	0.363350%
2020-04-09 01:13:30, 	Bittrex     , 	Kraken      , 	DAI/USDT, 	1.028888, 	142.66, 	1.01998, 	339.483, 	0.873350%, 	0.510000%, 	0.363350%
2020-04-09 01:13:45, 	Bittrex     , 	Kraken      , 	DAI/USDT, 	1.028888, 	142.66, 	1.01998, 	339.483, 	0.873350%, 	0.510000%, 	0.363350%
2020-04-09 01:14:00, 	Bittrex     , 	Kraken      , 	DAI/USDT, 	1.028888, 	142.66, 	1.01998, 	339.483, 	0.873350%, 	0.510000%, 	0.363350%
2020-04-09 01:14:15, 	Bittrex     , 	Kraken      , 	DAI/USDT, 	1.028888, 	142.66, 	1.01998, 	339.483, 	0.873350%, 	0.510000%, 	0.363350%
2020-04-09 01:14:30, 	Bittrex     , 	Kraken      , 	DAI/USDT, 	1.028888, 	142.66, 	1.01998, 	339.483, 	0.873350%, 	0.510000%, 	0.363350%
2020-04-09 01:14:45, 	Bittrex     , 	Kraken      , 	DAI/USDT, 	1.028888, 	142.66, 	1.01998, 	339.483, 	0.873350%, 	0.510000%, 	0.363350%
2020-04-09 01:15:00, 	Bittrex     , 	Kraken      , 	DAI/USDT, 	1.028888, 	142.66, 	1.01998, 	339.483, 	0.873350%, 	0.510000%, 	0.363350%
2020-04-09 01:15:15, 	Bittrex     , 	Kraken      , 	DAI/USDT, 	1.028888, 	142.66, 	1.01998, 	339.483, 	0.873350%, 	0.510000%, 	0.363350%
2020-04-09 01:15:30, 	Bittrex     , 	Kraken      , 	DAI/USDT, 	1.028888, 	142.66, 	1.01998, 	691.039, 	0.873350%, 	0.510000%, 	0.363350%
2020-04-09 01:15:45, 	Bittrex     , 	Kraken      , 	DAI/USDT, 	1.028888, 	142.66, 	1.01994, 	655.883, 	0.877307%, 	0.510000%, 	0.367307%
2020-04-09 01:16:00, 	Bittrex     , 	Kraken      , 	DAI/USDT, 	1.028888, 	142.66, 	1.01992, 	339.483, 	0.879285%, 	0.510000%, 	0.369285%
2020-04-09 01:16:15, 	Bittrex     , 	Kraken      , 	DAI/USDT, 	1.028888, 	142.66, 	1.01992, 	663.338, 	0.879285%, 	0.510000%, 	0.369285%
2020-04-09 01:16:30, 	Bittrex     , 	Kraken      , 	DAI/USDT, 	1.028888, 	142.66, 	1.0206, 	663.338, 	0.812071%, 	0.510000%, 	0.302071%
2020-04-09 01:16:45, 	Bittrex     , 	Kraken      , 	DAI/USDT, 	1.028888, 	142.66, 	1.02058, 	663.338, 	0.814047%, 	0.510000%, 	0.304047%
2020-04-09 01:17:00, 	Bittrex     , 	Kraken      , 	DAI/USDT, 	1.028888, 	142.66, 	1.02058, 	663.338, 	0.814047%, 	0.510000%, 	0.304047%
2020-04-09 01:17:15, 	Bittrex     , 	Kraken      , 	DAI/USDT, 	1.028888, 	142.66, 	1.02056, 	663.338, 	0.816023%, 	0.510000%, 	0.306023%
2020-04-09 01:17:30, 	Bittrex     , 	Kraken      , 	DAI/USDT, 	1.028888, 	142.66, 	1.02056, 	663.338, 	0.816023%, 	0.510000%, 	0.306023%
2020-04-09 01:17:45, 	Bittrex     , 	Kraken      , 	DAI/USDT, 	1.028888, 	142.66, 	1.02052, 	663.338, 	0.819974%, 	0.510000%, 	0.309974%
2020-04-09 01:18:00, 	Bittrex     , 	Kraken      , 	DAI/USDT, 	1.028888, 	142.66, 	1.02052, 	663.338, 	0.819974%, 	0.510000%, 	0.309974%
2020-04-09 01:18:15, 	Bittrex     , 	Kraken      , 	DAI/USDT, 	1.028888, 	142.66, 	1.0205, 	663.338, 	0.821950%, 	0.510000%, 	0.311950%
2020-04-09 01:18:30, 	Bittrex     , 	Kraken      , 	DAI/USDT, 	1.028888, 	142.66, 	1.0205, 	663.338, 	0.821950%, 	0.510000%, 	0.311950%
2020-04-09 01:18:45, 	Bittrex     , 	Kraken      , 	DAI/USDT, 	1.028888, 	142.66, 	1.02048, 	663.338, 	0.823926%, 	0.510000%, 	0.313926%
2020-04-09 01:19:00, 	Bittrex     , 	Kraken      , 	DAI/USDT, 	1.028888, 	142.66, 	1.02048, 	663.338, 	0.823926%, 	0.510000%, 	0.313926%
2020-04-09 01:19:15, 	Bittrex     , 	Kraken      , 	DAI/USDT, 	1.028888, 	142.66, 	1.02048, 	663.338, 	0.823926%, 	0.510000%, 	0.313926%
2020-04-09 01:19:30, 	Bittrex     , 	Kraken      , 	DAI/USDT, 	1.028888, 	142.66, 	1.02044, 	663.338, 	0.827878%, 	0.510000%, 	0.317878%
2020-04-09 01:19:45, 	Bittrex     , 	Kraken      , 	DAI/USDT, 	1.028888, 	142.66, 	1.02044, 	663.338, 	0.827878%, 	0.510000%, 	0.317878%
2020-04-09 01:20:00, 	Bittrex     , 	Kraken      , 	DAI/USDT, 	1.028888, 	142.66, 	1.02042, 	665.461, 	0.829854%, 	0.510000%, 	0.319854%
2020-04-09 01:20:15, 	Bittrex     , 	Kraken      , 	DAI/USDT, 	1.028888, 	142.66, 	1.02042, 	665.461, 	0.829854%, 	0.510000%, 	0.319854%
2020-04-09 01:20:30, 	Bittrex     , 	Kraken      , 	DAI/USDT, 	1.028888, 	142.66, 	1.0204, 	666.015, 	0.831831%, 	0.510000%, 	0.321831%
2020-04-09 01:20:45, 	Bittrex     , 	Kraken      , 	DAI/USDT, 	1.028888, 	142.66, 	1.0204, 	666.015, 	0.831831%, 	0.510000%, 	0.321831%
2020-04-09 01:21:00, 	Bittrex     , 	Kraken      , 	DAI/USDT, 	1.028888, 	142.66, 	1.0204, 	666.015, 	0.831831%, 	0.510000%, 	0.321831%
2020-04-09 01:21:15, 	Bittrex     , 	Kraken      , 	DAI/USDT, 	1.028888, 	142.66, 	1.02036, 	666.015, 	0.835783%, 	0.510000%, 	0.325783%
2020-04-09 01:21:30, 	Bittrex     , 	Kraken      , 	DAI/USDT, 	1.028888, 	142.66, 	1.02036, 	666.015, 	0.835783%, 	0.510000%, 	0.325783%
2020-04-09 01:21:45, 	Bittrex     , 	Kraken      , 	DAI/USDT, 	1.028888, 	142.66, 	1.02034, 	667.486, 	0.837760%, 	0.510000%, 	0.327760%
2020-04-09 01:22:00, 	Bittrex     , 	Kraken      , 	DAI/USDT, 	1.028888, 	142.66, 	1.0203, 	667.486, 	0.841713%, 	0.510000%, 	0.331713%
2020-04-09 01:22:15, 	Bittrex     , 	Kraken      , 	DAI/USDT, 	1.028888, 	142.66, 	1.02026, 	667.486, 	0.845667%, 	0.510000%, 	0.335667%
2020-04-09 01:22:30, 	Bittrex     , 	Kraken      , 	DAI/USDT, 	1.028888, 	142.66, 	1.02022, 	668.232, 	0.849621%, 	0.510000%, 	0.339621%
2020-04-09 01:22:45, 	Bittrex     , 	Kraken      , 	DAI/USDT, 	1.028888, 	142.66, 	1.0202, 	339.483, 	0.851598%, 	0.510000%, 	0.341598%
2020-04-09 01:23:00, 	Bittrex     , 	Kraken      , 	DAI/USDT, 	1.028888, 	142.66, 	1.02018, 	339.483, 	0.853575%, 	0.510000%, 	0.343575%
2020-04-09 01:23:15, 	Bittrex     , 	Kraken      , 	DAI/USDT, 	1.028888, 	142.66, 	1.02014, 	339.483, 	0.857529%, 	0.510000%, 	0.347529%
2020-04-09 01:23:30, 	Bittrex     , 	Kraken      , 	DAI/USDT, 	1.028888, 	142.66, 	1.02012, 	339.483, 	0.859507%, 	0.510000%, 	0.349507%
2020-04-09 01:23:45, 	Bittrex     , 	Kraken      , 	DAI/USDT, 	1.028888, 	142.66, 	1.02012, 	339.483, 	0.859507%, 	0.510000%, 	0.349507%
2020-04-09 01:24:00, 	Bittrex     , 	Kraken      , 	DAI/USDT, 	1.028888, 	142.66, 	1.02012, 	339.483, 	0.859507%, 	0.510000%, 	0.349507%
2020-04-09 01:24:15, 	Bittrex     , 	Kraken      , 	DAI/USDT, 	1.028888, 	142.66, 	1.02012, 	339.483, 	0.859507%, 	0.510000%, 	0.349507%
2020-04-09 01:24:30, 	Bittrex     , 	Kraken      , 	DAI/USDT, 	1.028888, 	142.66, 	1.02008, 	339.483, 	0.863462%, 	0.510000%, 	0.353462%
2020-04-09 01:24:45, 	Bittrex     , 	Kraken      , 	DAI/USDT, 	1.028888, 	142.66, 	1.02006, 	339.483, 	0.865439%, 	0.510000%, 	0.355439%
2020-04-09 01:25:01, 	Bittrex     , 	Kraken      , 	DAI/USDT, 	1.028888, 	142.66, 	1.02026, 	1174.38, 	0.845667%, 	0.510000%, 	0.335667%
2020-04-09 01:25:16, 	Bittrex     , 	Kraken      , 	DAI/USDT, 	1.028888, 	142.66, 	1.02025, 	673.863, 	0.846655%, 	0.510000%, 	0.336655%
2020-04-09 01:25:31, 	Bittrex     , 	Kraken      , 	DAI/USDT, 	1.028888, 	142.66, 	1.02025, 	673.863, 	0.846655%, 	0.510000%, 	0.336655%
2020-04-09 01:25:46, 	Bittrex     , 	Kraken      , 	DAI/USDT, 	1.028888, 	142.66, 	1.02023, 	673.863, 	0.848632%, 	0.510000%, 	0.338632%
2020-04-09 01:26:01, 	Bittrex     , 	Kraken      , 	DAI/USDT, 	1.028888, 	142.66, 	1.02023, 	673.863, 	0.848632%, 	0.510000%, 	0.338632%
2020-04-09 01:26:16, 	Bittrex     , 	Kraken      , 	DAI/USDT, 	1.028888, 	142.66, 	1.02023, 	673.863, 	0.848632%, 	0.510000%, 	0.338632%
2020-04-09 01:26:31, 	Bittrex     , 	Kraken      , 	DAI/USDT, 	1.028888, 	142.66, 	1.02023, 	673.863, 	0.848632%, 	0.510000%, 	0.338632%
2020-04-09 01:26:46, 	Bittrex     , 	Kraken      , 	DAI/USDT, 	1.028888, 	142.66, 	1.02023, 	673.863, 	0.848632%, 	0.510000%, 	0.338632%
2020-04-09 01:27:01, 	Bittrex     , 	Kraken      , 	DAI/USDT, 	1.028888, 	142.66, 	1.02023, 	673.863, 	0.848632%, 	0.510000%, 	0.338632%
2020-04-09 01:27:16, 	Bittrex     , 	Kraken      , 	DAI/USDT, 	1.028888, 	142.66, 	1.02023, 	339.483, 	0.848632%, 	0.510000%, 	0.338632%
2020-04-09 01:27:31, 	Bittrex     , 	Kraken      , 	DAI/USDT, 	1.028888, 	142.66, 	1.02021, 	339.483, 	0.850609%, 	0.510000%, 	0.340609%
2020-04-09 01:27:46, 	Bittrex     , 	Kraken      , 	DAI/USDT, 	1.028888, 	142.66, 	1.02019, 	339.483, 	0.852586%, 	0.510000%, 	0.342586%
2020-04-09 01:28:01, 	Bittrex     , 	Kraken      , 	DAI/USDT, 	1.028888, 	142.66, 	1.02017, 	339.483, 	0.854563%, 	0.510000%, 	0.344563%
2020-04-09 01:28:16, 	Bittrex     , 	Kraken      , 	DAI/USDT, 	1.028888, 	142.66, 	1.02013, 	339.483, 	0.858518%, 	0.510000%, 	0.348518%
2020-04-09 01:28:31, 	Bittrex     , 	Kraken      , 	DAI/USDT, 	1.028888, 	142.66, 	1.02013, 	339.483, 	0.858518%, 	0.510000%, 	0.348518%
2020-04-09 01:28:46, 	Bittrex     , 	Kraken      , 	DAI/USDT, 	1.028888, 	142.66, 	1.02011, 	339.483, 	0.860495%, 	0.510000%, 	0.350495%
2020-04-09 01:29:01, 	Bittrex     , 	Kraken      , 	DAI/USDT, 	1.028888, 	142.66, 	1.02007, 	339.483, 	0.864450%, 	0.510000%, 	0.354450%
2020-04-09 01:29:16, 	Bittrex     , 	Kraken      , 	DAI/USDT, 	1.028888, 	142.66, 	1.02006, 	840.0, 	0.865439%, 	0.510000%, 	0.355439%
2020-04-09 01:29:31, 	Bittrex     , 	Kraken      , 	DAI/USDT, 	1.028888, 	142.66, 	1.02006, 	840.0, 	0.865439%, 	0.510000%, 	0.355439%
2020-04-09 01:29:46, 	Bittrex     , 	Kraken      , 	DAI/USDT, 	1.028888, 	142.66, 	1.02006, 	840.0, 	0.865439%, 	0.510000%, 	0.355439%
2020-04-09 01:30:01, 	Bittrex     , 	Kraken      , 	DAI/USDT, 	1.028888, 	142.66, 	1.02006, 	840.0, 	0.865439%, 	0.510000%, 	0.355439%
2020-04-09 01:30:16, 	Bittrex     , 	Kraken      , 	DAI/USDT, 	1.028888, 	142.66, 	1.02006, 	840.0, 	0.865439%, 	0.510000%, 	0.355439%
2020-04-09 01:30:31, 	Bittrex     , 	Kraken      , 	DAI/USDT, 	1.028888, 	142.66, 	1.02006, 	840.0, 	0.865439%, 	0.510000%, 	0.355439%
2020-04-09 01:30:46, 	Bittrex     , 	Kraken      , 	DAI/USDT, 	1.028888, 	142.66, 	1.02006, 	840.0, 	0.865439%, 	0.510000%, 	0.355439%
2020-04-09 01:31:01, 	Bittrex     , 	Kraken      , 	DAI/USDT, 	1.028888, 	142.66, 	1.02002, 	650.0, 	0.869395%, 	0.510000%, 	0.359395%
2020-04-09 01:31:16, 	Bittrex     , 	Kraken      , 	DAI/USDT, 	1.028888, 	142.66, 	1.02001, 	339.483, 	0.870384%, 	0.510000%, 	0.360384%
2020-04-09 01:31:31, 	Bittrex     , 	Kraken      , 	DAI/USDT, 	1.028888, 	142.66, 	1.01999, 	339.483, 	0.872361%, 	0.510000%, 	0.362361%
2020-04-09 01:31:46, 	Bittrex     , 	Kraken      , 	DAI/USDT, 	1.028888, 	142.66, 	1.01996, 	650.0, 	0.875328%, 	0.510000%, 	0.365328%
2020-04-09 01:32:01, 	Bittrex     , 	Kraken      , 	DAI/USDT, 	1.028888, 	142.66, 	1.01996, 	650.0, 	0.875328%, 	0.510000%, 	0.365328%
2020-04-09 01:32:16, 	Bittrex     , 	Kraken      , 	DAI/USDT, 	1.028888, 	142.66, 	1.01996, 	650.0, 	0.875328%, 	0.510000%, 	0.365328%
2020-04-09 01:32:31, 	Bittrex     , 	Kraken      , 	DAI/USDT, 	1.028888, 	142.66, 	1.01996, 	650.0, 	0.875328%, 	0.510000%, 	0.365328%
2020-04-09 01:32:46, 	Bittrex     , 	Kraken      , 	DAI/USDT, 	1.028888, 	142.66, 	1.01996, 	650.0, 	0.875328%, 	0.510000%, 	0.365328%
2020-04-09 01:33:01, 	Bittrex     , 	Kraken      , 	DAI/USDT, 	1.028888, 	142.66, 	1.01996, 	650.0, 	0.875328%, 	0.510000%, 	0.365328%
2020-04-09 01:33:16, 	Bittrex     , 	Kraken      , 	DAI/USDT, 	1.028888, 	142.66, 	1.01996, 	650.0, 	0.875328%, 	0.510000%, 	0.365328%
2020-04-09 01:33:31, 	Bittrex     , 	Kraken      , 	DAI/USDT, 	1.028888, 	142.66, 	1.01996, 	650.0, 	0.875328%, 	0.510000%, 	0.365328%
2020-04-09 01:33:46, 	Bittrex     , 	Kraken      , 	DAI/USDT, 	1.028888, 	142.66, 	1.01996, 	650.0, 	0.875328%, 	0.510000%, 	0.365328%
2020-04-09 01:34:01, 	Bittrex     , 	Kraken      , 	DAI/USDT, 	1.028888, 	142.66, 	1.01995, 	339.483, 	0.876317%, 	0.510000%, 	0.366317%
2020-04-09 01:34:16, 	Bittrex     , 	Kraken      , 	DAI/USDT, 	1.028888, 	142.66, 	1.01993, 	2449.942, 	0.878296%, 	0.510000%, 	0.368296%
2020-04-09 01:34:31, 	Bittrex     , 	Kraken      , 	DAI/USDT, 	1.028888, 	142.66, 	1.01986, 	190.891, 	0.885220%, 	0.510000%, 	0.375220%
2020-04-09 01:34:46, 	Bittrex     , 	Kraken      , 	DAI/USDT, 	1.028888, 	142.66, 	1.01986, 	190.891, 	0.885220%, 	0.510000%, 	0.375220%
2020-04-09 01:35:01, 	Bittrex     , 	Kraken      , 	DAI/USDT, 	1.028888, 	142.66, 	1.01985, 	500.518, 	0.886209%, 	0.510000%, 	0.376209%
2020-04-09 01:35:16, 	Bittrex     , 	Kraken      , 	DAI/USDT, 	1.028888, 	142.66, 	1.01985, 	500.518, 	0.886209%, 	0.510000%, 	0.376209%
2020-04-09 01:35:31, 	Bittrex     , 	Kraken      , 	DAI/USDT, 	1.028888, 	142.66, 	1.0198, 	190.891, 	0.891155%, 	0.510000%, 	0.381155%
2020-04-09 01:35:46, 	Bittrex     , 	Kraken      , 	DAI/USDT, 	1.028888, 	142.66, 	1.01978, 	190.891, 	0.893134%, 	0.510000%, 	0.383134%
2020-04-09 01:36:01, 	Bittrex     , 	Kraken      , 	DAI/USDT, 	1.028888, 	142.66, 	1.01976, 	190.891, 	0.895113%, 	0.510000%, 	0.385113%
2020-04-09 01:36:16, 	Bittrex     , 	Kraken      , 	DAI/USDT, 	1.028888, 	142.66, 	1.01972, 	53.362, 	0.899070%, 	0.510000%, 	0.389070%
2020-04-09 01:36:31, 	Bittrex     , 	Kraken      , 	DAI/USDT, 	1.028888, 	142.66, 	1.02022, 	190.891, 	0.849621%, 	0.510000%, 	0.339621%
2020-04-09 01:36:46, 	Bittrex     , 	Kraken      , 	DAI/USDT, 	1.028888, 	142.66, 	1.02018, 	190.891, 	0.853575%, 	0.510000%, 	0.343575%
2020-04-09 01:37:01, 	Bittrex     , 	Kraken      , 	DAI/USDT, 	1.028888, 	142.66, 	1.02021, 	500.518, 	0.850609%, 	0.510000%, 	0.340609%
2020-04-09 01:37:16, 	Bittrex     , 	Kraken      , 	DAI/USDT, 	1.028888, 	142.66, 	1.02021, 	500.518, 	0.850609%, 	0.510000%, 	0.340609%
2020-04-09 01:37:31, 	Bittrex     , 	Kraken      , 	DAI/USDT, 	1.028888, 	142.66, 	1.02053, 	339.483, 	0.818986%, 	0.510000%, 	0.308986%
2020-04-09 01:37:46, 	Bittrex     , 	Kraken      , 	DAI/USDT, 	1.028888, 	142.66, 	1.02049, 	639.483, 	0.822938%, 	0.510000%, 	0.312938%
2020-04-09 01:38:01, 	Bittrex     , 	Kraken      , 	DAI/USDT, 	1.028888, 	142.66, 	1.02047, 	339.483, 	0.824914%, 	0.510000%, 	0.314914%
2020-04-09 01:38:16, 	Bittrex     , 	Kraken      , 	DAI/USDT, 	1.028888, 	142.66, 	1.02043, 	339.483, 	0.828866%, 	0.510000%, 	0.318866%
2020-04-09 01:38:31, 	Bittrex     , 	Kraken      , 	DAI/USDT, 	1.028888, 	142.66, 	1.02041, 	339.483, 	0.830843%, 	0.510000%, 	0.320843%
2020-04-09 01:38:46, 	Bittrex     , 	Kraken      , 	DAI/USDT, 	1.028888, 	142.66, 	1.02037, 	339.483, 	0.834795%, 	0.510000%, 	0.324795%
2020-04-09 01:39:01, 	Bittrex     , 	Kraken      , 	DAI/USDT, 	1.028888, 	142.66, 	1.02033, 	339.483, 	0.838748%, 	0.510000%, 	0.328748%
2020-04-09 01:39:16, 	Bittrex     , 	Kraken      , 	DAI/USDT, 	1.028888, 	142.66, 	1.02029, 	339.483, 	0.842702%, 	0.510000%, 	0.332702%
2020-04-09 01:39:31, 	Bittrex     , 	Kraken      , 	DAI/USDT, 	1.028888, 	142.66, 	1.02027, 	190.891, 	0.844678%, 	0.510000%, 	0.334678%
2020-04-09 01:39:46, 	Bittrex     , 	Kraken      , 	DAI/USDT, 	1.028888, 	142.66, 	1.02027, 	190.891, 	0.844678%, 	0.510000%, 	0.334678%
2020-04-09 01:40:01, 	Bittrex     , 	Kraken      , 	DAI/USDT, 	1.028888, 	142.66, 	1.02022, 	500.518, 	0.849621%, 	0.510000%, 	0.339621%
2020-04-09 01:40:16, 	Bittrex     , 	Kraken      , 	DAI/USDT, 	1.028888, 	142.66, 	1.02024, 	500.518, 	0.847644%, 	0.510000%, 	0.337644%
2020-04-09 01:40:31, 	Bittrex     , 	Kraken      , 	DAI/USDT, 	1.028888, 	142.66, 	1.02024, 	500.518, 	0.847644%, 	0.510000%, 	0.337644%
2020-04-09 01:40:46, 	Bittrex     , 	Kraken      , 	DAI/USDT, 	1.028888, 	142.66, 	1.02024, 	500.518, 	0.847644%, 	0.510000%, 	0.337644%
2020-04-09 01:41:01, 	Bittrex     , 	Kraken      , 	DAI/USDT, 	1.028888, 	142.66, 	1.02024, 	500.518, 	0.847644%, 	0.510000%, 	0.337644%
2020-04-09 01:41:16, 	Bittrex     , 	Kraken      , 	DAI/USDT, 	1.028888, 	142.66, 	1.02024, 	500.518, 	0.847644%, 	0.510000%, 	0.337644%
2020-04-09 01:41:31, 	Bittrex     , 	Kraken      , 	DAI/USDT, 	1.028888, 	142.66, 	1.02024, 	500.518, 	0.847644%, 	0.510000%, 	0.337644%
2020-04-09 01:41:46, 	Bittrex     , 	Kraken      , 	DAI/USDT, 	1.028888, 	142.66, 	1.02019, 	339.483, 	0.852586%, 	0.510000%, 	0.342586%
2020-04-09 01:42:01, 	Bittrex     , 	Kraken      , 	DAI/USDT, 	1.028888, 	142.66, 	1.02019, 	339.483, 	0.852586%, 	0.510000%, 	0.342586%
2020-04-09 01:42:16, 	Bittrex     , 	Kraken      , 	DAI/USDT, 	1.028888, 	142.66, 	1.02017, 	300.0, 	0.854563%, 	0.510000%, 	0.344563%
2020-04-09 01:42:31, 	Bittrex     , 	Kraken      , 	DAI/USDT, 	1.028888, 	142.66, 	1.02024, 	500.518, 	0.847644%, 	0.510000%, 	0.337644%
2020-04-09 01:42:46, 	Bittrex     , 	Kraken      , 	DAI/USDT, 	1.028888, 	142.66, 	1.02024, 	500.518, 	0.847644%, 	0.510000%, 	0.337644%
2020-04-09 01:43:01, 	Bittrex     , 	Kraken      , 	DAI/USDT, 	1.028888, 	142.66, 	1.02022, 	500.518, 	0.849621%, 	0.510000%, 	0.339621%
2020-04-09 01:43:16, 	Bittrex     , 	Kraken      , 	DAI/USDT, 	1.028888, 	142.66, 	1.02022, 	500.518, 	0.849621%, 	0.510000%, 	0.339621%
2020-04-09 01:43:31, 	Bittrex     , 	Kraken      , 	DAI/USDT, 	1.028888, 	142.66, 	1.02017, 	300.0, 	0.854563%, 	0.510000%, 	0.344563%
2020-04-09 01:43:46, 	Bittrex     , 	Kraken      , 	DAI/USDT, 	1.028888, 	142.66, 	1.02017, 	300.0, 	0.854563%, 	0.510000%, 	0.344563%
2020-04-09 01:44:01, 	Bittrex     , 	Kraken      , 	DAI/USDT, 	1.028888, 	142.66, 	1.02015, 	300.0, 	0.856541%, 	0.510000%, 	0.346541%
2020-04-09 01:44:16, 	Bittrex     , 	Kraken      , 	DAI/USDT, 	1.028888, 	142.66, 	1.01991, 	500.518, 	0.880274%, 	0.510000%, 	0.370274%
2020-04-09 01:44:31, 	Bittrex     , 	Kraken      , 	DAI/USDT, 	1.028888, 	142.66, 	1.01991, 	500.518, 	0.880274%, 	0.510000%, 	0.370274%
2020-04-09 01:44:46, 	Bittrex     , 	Kraken      , 	DAI/USDT, 	1.028888, 	142.66, 	1.01991, 	500.518, 	0.880274%, 	0.510000%, 	0.370274%
2020-04-09 01:45:01, 	Bittrex     , 	Kraken      , 	DAI/USDT, 	1.028888, 	142.66, 	1.01991, 	500.518, 	0.880274%, 	0.510000%, 	0.370274%
2020-04-09 01:45:16, 	Bittrex     , 	Kraken      , 	DAI/USDT, 	1.028888, 	142.66, 	1.01991, 	500.518, 	0.880274%, 	0.510000%, 	0.370274%
2020-04-09 01:45:31, 	Bittrex     , 	Kraken      , 	DAI/USDT, 	1.028888, 	142.66, 	1.01991, 	500.518, 	0.880274%, 	0.510000%, 	0.370274%
2020-04-09 01:45:46, 	Bittrex     , 	Kraken      , 	DAI/USDT, 	1.028888, 	142.66, 	1.01991, 	500.518, 	0.880274%, 	0.510000%, 	0.370274%
2020-04-09 01:46:01, 	Bittrex     , 	Kraken      , 	DAI/USDT, 	1.028888, 	142.66, 	1.01991, 	500.518, 	0.880274%, 	0.510000%, 	0.370274%
2020-04-09 01:46:16, 	Bittrex     , 	Kraken      , 	DAI/USDT, 	1.028888, 	142.66, 	1.01991, 	500.518, 	0.880274%, 	0.510000%, 	0.370274%
2020-04-09 01:46:31, 	Bittrex     , 	Kraken      , 	DAI/USDT, 	1.028888, 	142.66, 	1.01991, 	500.518, 	0.880274%, 	0.510000%, 	0.370274%
2020-04-09 01:46:46, 	Bittrex     , 	Kraken      , 	DAI/USDT, 	1.028888, 	142.66, 	1.01991, 	500.518, 	0.880274%, 	0.510000%, 	0.370274%
2020-04-09 01:47:01, 	Bittrex     , 	Kraken      , 	DAI/USDT, 	1.028888, 	142.66, 	1.01991, 	500.518, 	0.880274%, 	0.510000%, 	0.370274%
2020-04-09 01:47:16, 	Bittrex     , 	Kraken      , 	DAI/USDT, 	1.028888, 	142.66, 	1.0199, 	339.483, 	0.881263%, 	0.510000%, 	0.371263%
2020-04-09 01:47:31, 	Bittrex     , 	Kraken      , 	DAI/USDT, 	1.028888, 	142.66, 	1.01989, 	500.518, 	0.882252%, 	0.510000%, 	0.372252%
2020-04-09 01:47:46, 	Bittrex     , 	Kraken      , 	DAI/USDT, 	1.028888, 	142.66, 	1.01983, 	500.518, 	0.888187%, 	0.510000%, 	0.378187%
2020-04-09 01:48:01, 	Bittrex     , 	Kraken      , 	DAI/USDT, 	1.028888, 	142.66, 	1.01987, 	500.518, 	0.884230%, 	0.510000%, 	0.374230%
2020-04-09 01:48:16, 	Bittrex     , 	Kraken      , 	DAI/USDT, 	1.028888, 	142.66, 	1.01987, 	500.518, 	0.884230%, 	0.510000%, 	0.374230%
2020-04-09 01:48:31, 	Bittrex     , 	Kraken      , 	DAI/USDT, 	1.028888, 	142.66, 	1.01991, 	500.518, 	0.880274%, 	0.510000%, 	0.370274%
2020-04-09 01:48:46, 	Bittrex     , 	Kraken      , 	DAI/USDT, 	1.028888, 	142.66, 	1.01991, 	500.518, 	0.880274%, 	0.510000%, 	0.370274%
2020-04-09 01:49:01, 	Bittrex     , 	Kraken      , 	DAI/USDT, 	1.028888, 	142.66, 	1.01991, 	500.518, 	0.880274%, 	0.510000%, 	0.370274%
2020-04-09 01:49:16, 	Bittrex     , 	Kraken      , 	DAI/USDT, 	1.028888, 	142.66, 	1.01991, 	500.518, 	0.880274%, 	0.510000%, 	0.370274%
2020-04-09 01:49:31, 	Bittrex     , 	Kraken      , 	DAI/USDT, 	1.028888, 	142.66, 	1.01991, 	500.518, 	0.880274%, 	0.510000%, 	0.370274%
2020-04-09 01:49:46, 	Bittrex     , 	Kraken      , 	DAI/USDT, 	1.028888, 	142.66, 	1.01991, 	500.518, 	0.880274%, 	0.510000%, 	0.370274%
2020-04-09 01:50:01, 	Bittrex     , 	Kraken      , 	DAI/USDT, 	1.028888, 	142.66, 	1.01991, 	500.518, 	0.880274%, 	0.510000%, 	0.370274%
2020-04-09 01:50:16, 	Bittrex     , 	Kraken      , 	DAI/USDT, 	1.028888, 	142.66, 	1.01987, 	500.518, 	0.884230%, 	0.510000%, 	0.374230%
2020-04-09 01:50:31, 	Bittrex     , 	Kraken      , 	DAI/USDT, 	1.028888, 	142.66, 	1.01986, 	300.0, 	0.885220%, 	0.510000%, 	0.375220%
2020-04-09 01:50:46, 	Bittrex     , 	Kraken      , 	DAI/USDT, 	1.028888, 	142.66, 	1.01982, 	300.0, 	0.889177%, 	0.510000%, 	0.379177%
2020-04-09 01:51:01, 	Bittrex     , 	Kraken      , 	DAI/USDT, 	1.028888, 	142.66, 	1.01981, 	500.518, 	0.890166%, 	0.510000%, 	0.380166%
2020-04-09 01:51:16, 	Bittrex     , 	Kraken      , 	DAI/USDT, 	1.028888, 	142.66, 	1.01981, 	500.518, 	0.890166%, 	0.510000%, 	0.380166%
2020-04-09 01:51:31, 	Bittrex     , 	Kraken      , 	DAI/USDT, 	1.028888, 	142.66, 	1.02002, 	800.518, 	0.869395%, 	0.510000%, 	0.359395%
2020-04-09 01:51:46, 	Bittrex     , 	Kraken      , 	DAI/USDT, 	1.028888, 	142.66, 	1.02002, 	800.518, 	0.869395%, 	0.510000%, 	0.359395%
2020-04-09 01:52:01, 	Bittrex     , 	Kraken      , 	DAI/USDT, 	1.028888, 	142.66, 	1.02002, 	800.518, 	0.869395%, 	0.510000%, 	0.359395%
2020-04-09 01:52:16, 	Bittrex     , 	Kraken      , 	DAI/USDT, 	1.028888, 	142.66, 	1.02002, 	800.518, 	0.869395%, 	0.510000%, 	0.359395%
2020-04-09 01:52:31, 	Bittrex     , 	Kraken      , 	DAI/USDT, 	1.028888, 	142.66, 	1.02002, 	800.518, 	0.869395%, 	0.510000%, 	0.359395%
2020-04-09 01:52:46, 	Bittrex     , 	Kraken      , 	DAI/USDT, 	1.028888, 	142.66, 	1.02002, 	800.518, 	0.869395%, 	0.510000%, 	0.359395%
2020-04-09 01:53:01, 	Bittrex     , 	Kraken      , 	DAI/USDT, 	1.028888, 	142.66, 	1.02002, 	800.518, 	0.869395%, 	0.510000%, 	0.359395%
2020-04-09 01:53:16, 	Bittrex     , 	Kraken      , 	DAI/USDT, 	1.028888, 	142.66, 	1.02002, 	800.518, 	0.869395%, 	0.510000%, 	0.359395%
2020-04-09 01:53:31, 	Bittrex     , 	Kraken      , 	DAI/USDT, 	1.028888, 	142.66, 	1.02002, 	800.518, 	0.869395%, 	0.510000%, 	0.359395%
2020-04-09 01:53:46, 	Bittrex     , 	Kraken      , 	DAI/USDT, 	1.028888, 	142.66, 	1.02002, 	800.518, 	0.869395%, 	0.510000%, 	0.359395%
2020-04-09 01:54:01, 	Bittrex     , 	Kraken      , 	DAI/USDT, 	1.028888, 	142.66, 	1.02002, 	800.518, 	0.869395%, 	0.510000%, 	0.359395%
2020-04-09 01:54:16, 	Bittrex     , 	Kraken      , 	DAI/USDT, 	1.028888, 	142.66, 	1.02002, 	800.518, 	0.869395%, 	0.510000%, 	0.359395%
2020-04-09 01:54:31, 	Bittrex     , 	Kraken      , 	DAI/USDT, 	1.028888, 	142.66, 	1.02002, 	800.518, 	0.869395%, 	0.510000%, 	0.359395%
2020-04-09 01:54:46, 	Bittrex     , 	Kraken      , 	DAI/USDT, 	1.028888, 	142.66, 	1.02002, 	800.518, 	0.869395%, 	0.510000%, 	0.359395%
2020-04-09 01:55:01, 	Bittrex     , 	Kraken      , 	DAI/USDT, 	1.028888, 	142.66, 	1.02002, 	800.518, 	0.869395%, 	0.510000%, 	0.359395%
2020-04-09 01:55:16, 	Bittrex     , 	Kraken      , 	DAI/USDT, 	1.028888, 	142.66, 	1.02002, 	800.518, 	0.869395%, 	0.510000%, 	0.359395%
2020-04-09 01:55:31, 	Bittrex     , 	Kraken      , 	DAI/USDT, 	1.028888, 	142.66, 	1.02002, 	800.518, 	0.869395%, 	0.510000%, 	0.359395%
2020-04-09 01:55:46, 	Bittrex     , 	Kraken      , 	DAI/USDT, 	1.028888, 	142.66, 	1.02002, 	800.518, 	0.869395%, 	0.510000%, 	0.359395%
2020-04-09 01:56:01, 	Bittrex     , 	Kraken      , 	DAI/USDT, 	1.028888, 	142.66, 	1.02002, 	800.518, 	0.869395%, 	0.510000%, 	0.359395%
2020-04-09 01:56:16, 	Bittrex     , 	Kraken      , 	DAI/USDT, 	1.028888, 	142.66, 	1.02002, 	800.518, 	0.869395%, 	0.510000%, 	0.359395%
2020-04-09 01:56:31, 	Bittrex     , 	Kraken      , 	DAI/USDT, 	1.028888, 	142.66, 	1.02002, 	800.518, 	0.869395%, 	0.510000%, 	0.359395%
2020-04-09 01:56:46, 	Bittrex     , 	Kraken      , 	DAI/USDT, 	1.028888, 	142.66, 	1.02002, 	800.518, 	0.869395%, 	0.510000%, 	0.359395%
2020-04-09 01:57:01, 	Bittrex     , 	Kraken      , 	DAI/USDT, 	1.028888, 	142.66, 	1.02002, 	800.518, 	0.869395%, 	0.510000%, 	0.359395%
2020-04-09 01:57:16, 	Bittrex     , 	Kraken      , 	DAI/USDT, 	1.028888, 	142.66, 	1.02002, 	800.518, 	0.869395%, 	0.510000%, 	0.359395%
2020-04-09 01:57:31, 	Bittrex     , 	Kraken      , 	DAI/USDT, 	1.028888, 	142.66, 	1.02002, 	800.518, 	0.869395%, 	0.510000%, 	0.359395%
2020-04-09 01:57:46, 	Bittrex     , 	Kraken      , 	DAI/USDT, 	1.028888, 	142.66, 	1.02002, 	800.518, 	0.869395%, 	0.510000%, 	0.359395%
2020-04-09 01:58:01, 	Bittrex     , 	Kraken      , 	DAI/USDT, 	1.028888, 	142.66, 	1.02002, 	800.518, 	0.869395%, 	0.510000%, 	0.359395%
2020-04-09 01:58:16, 	Bittrex     , 	Kraken      , 	DAI/USDT, 	1.028888, 	142.66, 	1.02002, 	800.518, 	0.869395%, 	0.510000%, 	0.359395%
2020-04-09 01:58:31, 	Bittrex     , 	Kraken      , 	DAI/USDT, 	1.028888, 	142.66, 	1.02002, 	800.518, 	0.869395%, 	0.510000%, 	0.359395%
2020-04-09 01:58:46, 	Bittrex     , 	Kraken      , 	DAI/USDT, 	1.028888, 	142.66, 	1.02002, 	800.518, 	0.869395%, 	0.510000%, 	0.359395%
2020-04-09 01:59:01, 	Bittrex     , 	Kraken      , 	DAI/USDT, 	1.028888, 	142.66, 	1.02002, 	800.518, 	0.869395%, 	0.510000%, 	0.359395%
2020-04-09 01:59:16, 	Bittrex     , 	Kraken      , 	DAI/USDT, 	1.028888, 	142.66, 	1.02002, 	800.518, 	0.869395%, 	0.510000%, 	0.359395%
2020-04-09 01:59:31, 	Bittrex     , 	Kraken      , 	DAI/USDT, 	1.028888, 	142.66, 	1.02002, 	800.518, 	0.869395%, 	0.510000%, 	0.359395%
2020-04-09 01:59:46, 	Bittrex     , 	Kraken      , 	DAI/USDT, 	1.028888, 	142.66, 	1.02002, 	800.518, 	0.869395%, 	0.510000%, 	0.359395%
2020-04-09 02:00:01, 	Bittrex     , 	Kraken      , 	DAI/USDT, 	1.028888, 	142.66, 	1.02002, 	800.518, 	0.869395%, 	0.510000%, 	0.359395%
2020-04-09 02:00:16, 	Bittrex     , 	Kraken      , 	DAI/USDT, 	1.028888, 	142.66, 	1.02002, 	800.518, 	0.869395%, 	0.510000%, 	0.359395%
2020-04-09 02:00:31, 	Bittrex     , 	Kraken      , 	DAI/USDT, 	1.028888, 	142.66, 	1.02002, 	800.518, 	0.869395%, 	0.510000%, 	0.359395%
2020-04-09 02:00:46, 	Bittrex     , 	Kraken      , 	DAI/USDT, 	1.028888, 	142.66, 	1.02002, 	800.518, 	0.869395%, 	0.510000%, 	0.359395%
2020-04-09 02:01:01, 	Bittrex     , 	Kraken      , 	DAI/USDT, 	1.028888, 	142.66, 	1.02002, 	800.518, 	0.869395%, 	0.510000%, 	0.359395%
2020-04-09 02:01:16, 	Bittrex     , 	Kraken      , 	DAI/USDT, 	1.028888, 	142.66, 	1.02002, 	800.518, 	0.869395%, 	0.510000%, 	0.359395%
2020-04-09 02:01:31, 	Bittrex     , 	Kraken      , 	DAI/USDT, 	1.028888, 	142.66, 	1.02002, 	800.518, 	0.869395%, 	0.510000%, 	0.359395%
2020-04-09 02:01:46, 	Bittrex     , 	Kraken      , 	DAI/USDT, 	1.028888, 	142.66, 	1.02002, 	800.518, 	0.869395%, 	0.510000%, 	0.359395%
2020-04-09 02:02:01, 	Bittrex     , 	Kraken      , 	DAI/USDT, 	1.028888, 	142.66, 	1.02002, 	800.518, 	0.869395%, 	0.510000%, 	0.359395%
2020-04-09 02:02:16, 	Bittrex     , 	Kraken      , 	DAI/USDT, 	1.028888, 	142.66, 	1.02002, 	800.518, 	0.869395%, 	0.510000%, 	0.359395%
2020-04-09 02:02:31, 	Bittrex     , 	Kraken      , 	DAI/USDT, 	1.028888, 	142.66, 	1.02002, 	800.518, 	0.869395%, 	0.510000%, 	0.359395%
2020-04-09 02:02:46, 	Bittrex     , 	Kraken      , 	DAI/USDT, 	1.028888, 	142.66, 	1.02002, 	800.518, 	0.869395%, 	0.510000%, 	0.359395%
2020-04-09 02:03:01, 	Bittrex     , 	Kraken      , 	DAI/USDT, 	1.028888, 	142.66, 	1.02002, 	800.518, 	0.869395%, 	0.510000%, 	0.359395%
2020-04-09 02:03:16, 	Bittrex     , 	Kraken      , 	DAI/USDT, 	1.028888, 	142.66, 	1.02002, 	800.518, 	0.869395%, 	0.510000%, 	0.359395%
2020-04-09 02:03:31, 	Bittrex     , 	Kraken      , 	DAI/USDT, 	1.028888, 	142.66, 	1.02002, 	800.518, 	0.869395%, 	0.510000%, 	0.359395%
2020-04-09 02:03:46, 	Bittrex     , 	Kraken      , 	DAI/USDT, 	1.028888, 	142.66, 	1.02002, 	800.518, 	0.869395%, 	0.510000%, 	0.359395%
2020-04-09 02:04:01, 	Bittrex     , 	Kraken      , 	DAI/USDT, 	1.028888, 	142.66, 	1.02002, 	800.518, 	0.869395%, 	0.510000%, 	0.359395%
2020-04-09 02:04:16, 	Bittrex     , 	Kraken      , 	DAI/USDT, 	1.028888, 	142.66, 	1.02002, 	800.518, 	0.869395%, 	0.510000%, 	0.359395%
2020-04-09 02:04:31, 	Bittrex     , 	Kraken      , 	DAI/USDT, 	1.028888, 	142.66, 	1.02002, 	800.518, 	0.869395%, 	0.510000%, 	0.359395%
2020-04-09 02:04:46, 	Bittrex     , 	Kraken      , 	DAI/USDT, 	1.028888, 	142.66, 	1.02002, 	800.518, 	0.869395%, 	0.510000%, 	0.359395%
2020-04-09 02:05:01, 	Bittrex     , 	Kraken      , 	DAI/USDT, 	1.028888, 	142.66, 	1.02002, 	800.518, 	0.869395%, 	0.510000%, 	0.359395%
2020-04-09 02:05:16, 	Bittrex     , 	Kraken      , 	DAI/USDT, 	1.028888, 	142.66, 	1.02002, 	800.518, 	0.869395%, 	0.510000%, 	0.359395%
2020-04-09 02:05:31, 	Bittrex     , 	Kraken      , 	DAI/USDT, 	1.028888, 	142.66, 	1.02002, 	800.518, 	0.869395%, 	0.510000%, 	0.359395%
2020-04-09 02:05:46, 	Bittrex     , 	Kraken      , 	DAI/USDT, 	1.028888, 	142.66, 	1.02002, 	800.518, 	0.869395%, 	0.510000%, 	0.359395%
2020-04-09 02:06:01, 	Bittrex     , 	Kraken      , 	DAI/USDT, 	1.028888, 	142.66, 	1.02002, 	800.518, 	0.869395%, 	0.510000%, 	0.359395%
2020-04-09 02:06:16, 	Bittrex     , 	Kraken      , 	DAI/USDT, 	1.028888, 	142.66, 	1.02002, 	800.518, 	0.869395%, 	0.510000%, 	0.359395%
2020-04-09 02:06:31, 	Bittrex     , 	Kraken      , 	DAI/USDT, 	1.028888, 	142.66, 	1.02002, 	800.518, 	0.869395%, 	0.510000%, 	0.359395%
2020-04-09 02:06:46, 	Bittrex     , 	Kraken      , 	DAI/USDT, 	1.028888, 	142.66, 	1.02002, 	800.518, 	0.869395%, 	0.510000%, 	0.359395%
2020-04-09 02:07:01, 	Bittrex     , 	Kraken      , 	DAI/USDT, 	1.028888, 	142.66, 	1.02002, 	800.518, 	0.869395%, 	0.510000%, 	0.359395%
2020-04-09 02:07:16, 	Bittrex     , 	Kraken      , 	DAI/USDT, 	1.028888, 	142.66, 	1.02002, 	800.518, 	0.869395%, 	0.510000%, 	0.359395%
2020-04-09 02:07:31, 	Bittrex     , 	Kraken      , 	DAI/USDT, 	1.028888, 	142.66, 	1.02002, 	800.518, 	0.869395%, 	0.510000%, 	0.359395%
2020-04-09 02:07:46, 	Bittrex     , 	Kraken      , 	DAI/USDT, 	1.028888, 	142.66, 	1.02002, 	800.518, 	0.869395%, 	0.510000%, 	0.359395%
2020-04-09 02:08:01, 	Bittrex     , 	Kraken      , 	DAI/USDT, 	1.028888, 	142.66, 	1.02002, 	800.518, 	0.869395%, 	0.510000%, 	0.359395%
2020-04-09 02:08:16, 	Bittrex     , 	Kraken      , 	DAI/USDT, 	1.028888, 	142.66, 	1.02002, 	800.518, 	0.869395%, 	0.510000%, 	0.359395%
2020-04-09 02:08:31, 	Bittrex     , 	Kraken      , 	DAI/USDT, 	1.028888, 	142.66, 	1.02002, 	800.518, 	0.869395%, 	0.510000%, 	0.359395%
2020-04-09 02:08:46, 	Bittrex     , 	Kraken      , 	DAI/USDT, 	1.028888, 	142.66, 	1.02002, 	800.518, 	0.869395%, 	0.510000%, 	0.359395%
2020-04-09 02:09:01, 	Bittrex     , 	Kraken      , 	DAI/USDT, 	1.028888, 	142.66, 	1.02002, 	800.518, 	0.869395%, 	0.510000%, 	0.359395%
2020-04-09 02:09:16, 	Bittrex     , 	Kraken      , 	DAI/USDT, 	1.028888, 	142.66, 	1.02002, 	800.518, 	0.869395%, 	0.510000%, 	0.359395%
2020-04-09 02:09:31, 	Bittrex     , 	Kraken      , 	DAI/USDT, 	1.028888, 	142.66, 	1.02002, 	500.518, 	0.869395%, 	0.510000%, 	0.359395%
2020-04-09 02:09:46, 	Bittrex     , 	Kraken      , 	DAI/USDT, 	1.028888, 	142.66, 	1.02002, 	500.518, 	0.869395%, 	0.510000%, 	0.359395%
2020-04-09 02:10:01, 	Bittrex     , 	Kraken      , 	DAI/USDT, 	1.028888, 	142.66, 	1.02002, 	500.518, 	0.869395%, 	0.510000%, 	0.359395%
2020-04-09 02:10:16, 	Bittrex     , 	Kraken      , 	DAI/USDT, 	1.028888, 	142.66, 	1.02002, 	500.518, 	0.869395%, 	0.510000%, 	0.359395%
2020-04-09 02:10:31, 	Bittrex     , 	Kraken      , 	DAI/USDT, 	1.028888, 	142.66, 	1.02002, 	500.518, 	0.869395%, 	0.510000%, 	0.359395%
2020-04-09 02:10:46, 	Bittrex     , 	Kraken      , 	DAI/USDT, 	1.028888, 	142.66, 	1.02002, 	500.518, 	0.869395%, 	0.510000%, 	0.359395%
2020-04-09 02:11:01, 	Bittrex     , 	Kraken      , 	DAI/USDT, 	1.028888, 	142.66, 	1.02002, 	500.518, 	0.869395%, 	0.510000%, 	0.359395%
2020-04-09 02:11:16, 	Bittrex     , 	Kraken      , 	DAI/USDT, 	1.028888, 	142.66, 	1.02002, 	500.518, 	0.869395%, 	0.510000%, 	0.359395%
2020-04-09 02:11:31, 	Bittrex     , 	Kraken      , 	DAI/USDT, 	1.028888, 	142.66, 	1.02002, 	500.518, 	0.869395%, 	0.510000%, 	0.359395%
2020-04-09 02:11:46, 	Bittrex     , 	Kraken      , 	DAI/USDT, 	1.028888, 	142.66, 	1.02002, 	500.518, 	0.869395%, 	0.510000%, 	0.359395%
2020-04-09 02:12:01, 	Bittrex     , 	Kraken      , 	DAI/USDT, 	1.028888, 	142.66, 	1.02002, 	500.518, 	0.869395%, 	0.510000%, 	0.359395%
2020-04-09 02:12:16, 	Bittrex     , 	Kraken      , 	DAI/USDT, 	1.028888, 	142.66, 	1.02002, 	500.518, 	0.869395%, 	0.510000%, 	0.359395%
2020-04-09 02:12:31, 	Bittrex     , 	Kraken      , 	DAI/USDT, 	1.028888, 	142.66, 	1.02002, 	500.518, 	0.869395%, 	0.510000%, 	0.359395%
2020-04-09 02:12:46, 	Bittrex     , 	Kraken      , 	DAI/USDT, 	1.028888, 	142.66, 	1.02002, 	500.518, 	0.869395%, 	0.510000%, 	0.359395%
2020-04-09 02:13:01, 	Bittrex     , 	Kraken      , 	DAI/USDT, 	1.028888, 	142.66, 	1.02002, 	500.518, 	0.869395%, 	0.510000%, 	0.359395%
2020-04-09 02:13:16, 	Bittrex     , 	Kraken      , 	DAI/USDT, 	1.028888, 	142.66, 	1.02002, 	500.518, 	0.869395%, 	0.510000%, 	0.359395%
2020-04-09 02:13:31, 	Bittrex     , 	Kraken      , 	DAI/USDT, 	1.028888, 	142.66, 	1.02002, 	500.518, 	0.869395%, 	0.510000%, 	0.359395%
2020-04-09 02:13:46, 	Bittrex     , 	Kraken      , 	DAI/USDT, 	1.028888, 	142.66, 	1.02002, 	500.518, 	0.869395%, 	0.510000%, 	0.359395%
2020-04-09 02:14:01, 	Bittrex     , 	Kraken      , 	DAI/USDT, 	1.028888, 	142.66, 	1.02002, 	500.518, 	0.869395%, 	0.510000%, 	0.359395%
2020-04-09 02:14:16, 	Bittrex     , 	Kraken      , 	DAI/USDT, 	1.028888, 	142.66, 	1.02002, 	500.518, 	0.869395%, 	0.510000%, 	0.359395%
2020-04-09 02:14:31, 	Bittrex     , 	Kraken      , 	DAI/USDT, 	1.028888, 	142.66, 	1.02002, 	500.518, 	0.869395%, 	0.510000%, 	0.359395%
2020-04-09 02:14:46, 	Bittrex     , 	Kraken      , 	DAI/USDT, 	1.028888, 	142.66, 	1.02002, 	500.518, 	0.869395%, 	0.510000%, 	0.359395%
2020-04-09 02:15:01, 	Bittrex     , 	Kraken      , 	DAI/USDT, 	1.028888, 	142.66, 	1.02002, 	500.518, 	0.869395%, 	0.510000%, 	0.359395%
2020-04-09 02:15:16, 	Bittrex     , 	Kraken      , 	DAI/USDT, 	1.028888, 	142.66, 	1.02002, 	500.518, 	0.869395%, 	0.510000%, 	0.359395%
2020-04-09 02:15:31, 	Bittrex     , 	Kraken      , 	DAI/USDT, 	1.028888, 	142.66, 	1.02002, 	500.518, 	0.869395%, 	0.510000%, 	0.359395%
2020-04-09 02:15:46, 	Bittrex     , 	Kraken      , 	DAI/USDT, 	1.028888, 	142.66, 	1.02002, 	500.518, 	0.869395%, 	0.510000%, 	0.359395%
2020-04-09 02:16:01, 	Bittrex     , 	Kraken      , 	DAI/USDT, 	1.028888, 	142.66, 	1.02023, 	338.702, 	0.848632%, 	0.510000%, 	0.338632%
2020-04-09 02:16:16, 	Bittrex     , 	Kraken      , 	DAI/USDT, 	1.028888, 	142.66, 	1.02019, 	339.483, 	0.852586%, 	0.510000%, 	0.342586%
2020-04-09 02:16:31, 	Bittrex     , 	Kraken      , 	DAI/USDT, 	1.028888, 	142.66, 	1.02015, 	339.483, 	0.856541%, 	0.510000%, 	0.346541%
2020-04-09 02:16:46, 	Bittrex     , 	Kraken      , 	DAI/USDT, 	1.028888, 	142.66, 	1.02012, 	500.518, 	0.859507%, 	0.510000%, 	0.349507%
2020-04-09 02:17:01, 	Bittrex     , 	Kraken      , 	DAI/USDT, 	1.028888, 	142.66, 	1.02012, 	500.518, 	0.859507%, 	0.510000%, 	0.349507%
2020-04-09 02:17:16, 	Bittrex     , 	Kraken      , 	DAI/USDT, 	1.028888, 	142.66, 	1.02012, 	500.518, 	0.859507%, 	0.510000%, 	0.349507%
2020-04-09 02:17:31, 	Bittrex     , 	Kraken      , 	DAI/USDT, 	1.028888, 	142.66, 	1.02012, 	500.518, 	0.859507%, 	0.510000%, 	0.349507%
2020-04-09 02:17:46, 	Bittrex     , 	Kraken      , 	DAI/USDT, 	1.028888, 	142.66, 	1.02012, 	500.518, 	0.859507%, 	0.510000%, 	0.349507%
2020-04-09 02:18:01, 	Bittrex     , 	Kraken      , 	DAI/USDT, 	1.028888, 	142.66, 	1.02012, 	500.518, 	0.859507%, 	0.510000%, 	0.349507%
2020-04-09 02:18:17, 	Bittrex     , 	Kraken      , 	DAI/USDT, 	1.028888, 	142.66, 	1.02012, 	500.518, 	0.859507%, 	0.510000%, 	0.349507%
2020-04-09 02:18:32, 	Bittrex     , 	Kraken      , 	DAI/USDT, 	1.028888, 	142.66, 	1.02012, 	500.518, 	0.859507%, 	0.510000%, 	0.349507%
2020-04-09 02:18:47, 	Bittrex     , 	Kraken      , 	DAI/USDT, 	1.028888, 	142.66, 	1.02021, 	500.518, 	0.850609%, 	0.510000%, 	0.340609%
2020-04-09 02:19:02, 	Bittrex     , 	Kraken      , 	DAI/USDT, 	1.028888, 	142.66, 	1.02021, 	500.518, 	0.850609%, 	0.510000%, 	0.340609%
2020-04-09 02:19:17, 	Bittrex     , 	Kraken      , 	DAI/USDT, 	1.028888, 	142.66, 	1.02019, 	500.518, 	0.852586%, 	0.510000%, 	0.342586%
2020-04-09 02:19:32, 	Bittrex     , 	Kraken      , 	DAI/USDT, 	1.028888, 	142.66, 	1.02019, 	500.518, 	0.852586%, 	0.510000%, 	0.342586%
2020-04-09 02:19:47, 	Bittrex     , 	Kraken      , 	DAI/USDT, 	1.028888, 	142.66, 	1.0205, 	339.483, 	0.821950%, 	0.510000%, 	0.311950%
2020-04-09 02:20:02, 	Bittrex     , 	Kraken      , 	DAI/USDT, 	1.028888, 	142.66, 	1.0205, 	339.483, 	0.821950%, 	0.510000%, 	0.311950%
2020-04-09 02:20:17, 	Bittrex     , 	Kraken      , 	DAI/USDT, 	1.028888, 	142.66, 	1.0205, 	339.483, 	0.821950%, 	0.510000%, 	0.311950%
2020-04-09 02:20:32, 	Bittrex     , 	Kraken      , 	DAI/USDT, 	1.028888, 	142.66, 	1.02048, 	339.483, 	0.823926%, 	0.510000%, 	0.313926%
2020-04-09 02:20:47, 	Bittrex     , 	Kraken      , 	DAI/USDT, 	1.028888, 	142.66, 	1.02048, 	339.483, 	0.823926%, 	0.510000%, 	0.313926%
2020-04-09 02:21:02, 	Bittrex     , 	Kraken      , 	DAI/USDT, 	1.028888, 	142.66, 	1.02044, 	339.483, 	0.827878%, 	0.510000%, 	0.317878%
2020-04-09 02:21:17, 	Bittrex     , 	Kraken      , 	DAI/USDT, 	1.028888, 	142.66, 	1.02044, 	339.483, 	0.827878%, 	0.510000%, 	0.317878%
2020-04-09 02:21:32, 	Bittrex     , 	Kraken      , 	DAI/USDT, 	1.028888, 	142.66, 	1.02042, 	339.483, 	0.829854%, 	0.510000%, 	0.319854%
2020-04-09 02:21:47, 	Bittrex     , 	Kraken      , 	DAI/USDT, 	1.028888, 	142.66, 	1.0204, 	339.483, 	0.831831%, 	0.510000%, 	0.321831%
2020-04-09 02:22:02, 	Bittrex     , 	Kraken      , 	DAI/USDT, 	1.028888, 	142.66, 	1.02038, 	300.0, 	0.833807%, 	0.510000%, 	0.323807%
2020-04-09 02:22:17, 	Bittrex     , 	Kraken      , 	DAI/USDT, 	1.028888, 	142.66, 	1.02036, 	300.0, 	0.835783%, 	0.510000%, 	0.325783%
2020-04-09 02:22:32, 	Bittrex     , 	Kraken      , 	DAI/USDT, 	1.028888, 	142.66, 	1.02036, 	300.0, 	0.835783%, 	0.510000%, 	0.325783%
2020-04-09 02:22:47, 	Bittrex     , 	Kraken      , 	DAI/USDT, 	1.028888, 	142.66, 	1.02036, 	300.0, 	0.835783%, 	0.510000%, 	0.325783%
2020-04-09 02:23:02, 	Bittrex     , 	Kraken      , 	DAI/USDT, 	1.028888, 	142.66, 	1.02032, 	300.0, 	0.839737%, 	0.510000%, 	0.329737%
2020-04-09 02:23:17, 	Bittrex     , 	Kraken      , 	DAI/USDT, 	1.028888, 	142.66, 	1.02031, 	500.518, 	0.840725%, 	0.510000%, 	0.330725%
2020-04-09 02:23:32, 	Bittrex     , 	Kraken      , 	DAI/USDT, 	1.028888, 	142.66, 	1.02031, 	500.518, 	0.840725%, 	0.510000%, 	0.330725%
2020-04-09 02:23:47, 	Bittrex     , 	Kraken      , 	DAI/USDT, 	1.028888, 	142.66, 	1.02031, 	500.518, 	0.840725%, 	0.510000%, 	0.330725%
2020-04-09 02:24:02, 	Bittrex     , 	Kraken      , 	DAI/USDT, 	1.028888, 	142.66, 	1.02031, 	500.518, 	0.840725%, 	0.510000%, 	0.330725%
2020-04-09 02:24:17, 	Bittrex     , 	Kraken      , 	DAI/USDT, 	1.028888, 	142.66, 	1.02031, 	500.518, 	0.840725%, 	0.510000%, 	0.330725%
2020-04-09 02:24:32, 	Bittrex     , 	Kraken      , 	DAI/USDT, 	1.028888, 	142.66, 	1.02031, 	500.518, 	0.840725%, 	0.510000%, 	0.330725%
2020-04-09 02:24:47, 	Bittrex     , 	Kraken      , 	DAI/USDT, 	1.028888, 	142.66, 	1.02031, 	500.518, 	0.840725%, 	0.510000%, 	0.330725%
2020-04-09 02:25:02, 	Bittrex     , 	Kraken      , 	DAI/USDT, 	1.028888, 	142.66, 	1.02031, 	500.518, 	0.840725%, 	0.510000%, 	0.330725%
2020-04-09 02:25:17, 	Bittrex     , 	Kraken      , 	DAI/USDT, 	1.028888, 	142.66, 	1.02031, 	500.518, 	0.840725%, 	0.510000%, 	0.330725%
2020-04-09 02:25:32, 	Bittrex     , 	Kraken      , 	DAI/USDT, 	1.028888, 	142.66, 	1.02031, 	500.518, 	0.840725%, 	0.510000%, 	0.330725%
2020-04-09 02:25:47, 	Bittrex     , 	Kraken      , 	DAI/USDT, 	1.028888, 	142.66, 	1.02031, 	500.518, 	0.840725%, 	0.510000%, 	0.330725%
2020-04-09 02:26:02, 	Bittrex     , 	Kraken      , 	DAI/USDT, 	1.028888, 	142.66, 	1.02031, 	500.518, 	0.840725%, 	0.510000%, 	0.330725%
2020-04-09 02:26:17, 	Bittrex     , 	Kraken      , 	DAI/USDT, 	1.028888, 	142.66, 	1.02031, 	500.518, 	0.840725%, 	0.510000%, 	0.330725%
2020-04-09 02:26:32, 	Bittrex     , 	Kraken      , 	DAI/USDT, 	1.028888, 	142.66, 	1.02031, 	500.518, 	0.840725%, 	0.510000%, 	0.330725%
2020-04-09 02:26:47, 	Bittrex     , 	Kraken      , 	DAI/USDT, 	1.028888, 	142.66, 	1.02031, 	500.518, 	0.840725%, 	0.510000%, 	0.330725%
2020-04-09 02:27:02, 	Bittrex     , 	Kraken      , 	DAI/USDT, 	1.028888, 	142.66, 	1.02051, 	339.483, 	0.820962%, 	0.510000%, 	0.310962%
2020-04-09 02:27:17, 	Bittrex     , 	Kraken      , 	DAI/USDT, 	1.028888, 	142.66, 	1.02049, 	339.483, 	0.822938%, 	0.510000%, 	0.312938%
2020-04-09 02:27:32, 	Bittrex     , 	Kraken      , 	DAI/USDT, 	1.028888, 	142.66, 	1.02049, 	339.483, 	0.822938%, 	0.510000%, 	0.312938%
2020-04-09 02:27:47, 	Bittrex     , 	Kraken      , 	DAI/USDT, 	1.028888, 	142.66, 	1.02049, 	339.483, 	0.822938%, 	0.510000%, 	0.312938%
2020-04-09 02:28:02, 	Bittrex     , 	Kraken      , 	DAI/USDT, 	1.028888, 	142.66, 	1.02045, 	339.483, 	0.826890%, 	0.510000%, 	0.316890%
2020-04-09 02:28:17, 	Bittrex     , 	Kraken      , 	DAI/USDT, 	1.028888, 	142.66, 	1.02045, 	339.483, 	0.826890%, 	0.510000%, 	0.316890%
2020-04-09 02:28:32, 	Bittrex     , 	Kraken      , 	DAI/USDT, 	1.028888, 	142.66, 	1.02045, 	339.483, 	0.826890%, 	0.510000%, 	0.316890%
2020-04-09 02:28:47, 	Bittrex     , 	Kraken      , 	DAI/USDT, 	1.028888, 	142.66, 	1.02044, 	500.518, 	0.827878%, 	0.510000%, 	0.317878%
2020-04-09 02:29:02, 	Bittrex     , 	Kraken      , 	DAI/USDT, 	1.028888, 	142.66, 	1.02043, 	339.483, 	0.828866%, 	0.510000%, 	0.318866%
2020-04-09 02:29:17, 	Bittrex     , 	Kraken      , 	DAI/USDT, 	1.028888, 	142.66, 	1.02039, 	339.483, 	0.832819%, 	0.510000%, 	0.322819%
2020-04-09 02:29:32, 	Bittrex     , 	Kraken      , 	DAI/USDT, 	1.028888, 	142.66, 	1.02037, 	339.483, 	0.834795%, 	0.510000%, 	0.324795%
2020-04-09 02:29:47, 	Bittrex     , 	Kraken      , 	DAI/USDT, 	1.028888, 	142.66, 	1.02037, 	300.0, 	0.834795%, 	0.510000%, 	0.324795%
2020-04-09 02:30:02, 	Bittrex     , 	Kraken      , 	DAI/USDT, 	1.028888, 	142.66, 	1.02037, 	300.0, 	0.834795%, 	0.510000%, 	0.324795%
2020-04-09 02:30:17, 	Bittrex     , 	Kraken      , 	DAI/USDT, 	1.028888, 	142.66, 	1.02035, 	300.0, 	0.836772%, 	0.510000%, 	0.326772%
2020-04-09 02:30:32, 	Bittrex     , 	Kraken      , 	DAI/USDT, 	1.028888, 	142.66, 	1.02033, 	300.0, 	0.838748%, 	0.510000%, 	0.328748%
2020-04-09 02:30:47, 	Bittrex     , 	Kraken      , 	DAI/USDT, 	1.028888, 	142.66, 	1.02032, 	500.518, 	0.839737%, 	0.510000%, 	0.329737%
2020-04-09 02:31:02, 	Bittrex     , 	Kraken      , 	DAI/USDT, 	1.028888, 	142.66, 	1.02032, 	500.518, 	0.839737%, 	0.510000%, 	0.329737%
2020-04-09 02:31:17, 	Bittrex     , 	Kraken      , 	DAI/USDT, 	1.028888, 	142.66, 	1.02023, 	300.0, 	0.848632%, 	0.510000%, 	0.338632%
2020-04-09 02:31:32, 	Bittrex     , 	Kraken      , 	DAI/USDT, 	1.028888, 	142.66, 	1.02023, 	300.0, 	0.848632%, 	0.510000%, 	0.338632%
2020-04-09 02:31:47, 	Bittrex     , 	Kraken      , 	DAI/USDT, 	1.028888, 	142.66, 	1.02022, 	800.518, 	0.849621%, 	0.510000%, 	0.339621%
2020-04-09 02:32:02, 	Bittrex     , 	Kraken      , 	DAI/USDT, 	1.028888, 	142.66, 	1.02022, 	800.518, 	0.849621%, 	0.510000%, 	0.339621%
2020-04-09 02:32:17, 	Bittrex     , 	Kraken      , 	DAI/USDT, 	1.028888, 	142.66, 	1.02022, 	800.518, 	0.849621%, 	0.510000%, 	0.339621%
2020-04-09 02:32:32, 	Bittrex     , 	Kraken      , 	DAI/USDT, 	1.028888, 	142.66, 	1.02022, 	800.518, 	0.849621%, 	0.510000%, 	0.339621%
2020-04-09 02:32:47, 	Bittrex     , 	Kraken      , 	DAI/USDT, 	1.028888, 	142.66, 	1.02022, 	500.518, 	0.849621%, 	0.510000%, 	0.339621%
2020-04-09 02:33:02, 	Bittrex     , 	Kraken      , 	DAI/USDT, 	1.028888, 	142.66, 	1.02022, 	500.518, 	0.849621%, 	0.510000%, 	0.339621%
2020-04-09 02:33:17, 	Bittrex     , 	Kraken      , 	DAI/USDT, 	1.028888, 	142.66, 	1.02022, 	500.518, 	0.849621%, 	0.510000%, 	0.339621%
2020-04-09 02:33:32, 	Bittrex     , 	Kraken      , 	DAI/USDT, 	1.028888, 	142.66, 	1.02022, 	800.518, 	0.849621%, 	0.510000%, 	0.339621%
2020-04-09 02:33:47, 	Bittrex     , 	Kraken      , 	DAI/USDT, 	1.028888, 	142.66, 	1.02022, 	800.518, 	0.849621%, 	0.510000%, 	0.339621%
2020-04-09 02:34:02, 	Bittrex     , 	Kraken      , 	DAI/USDT, 	1.028888, 	142.66, 	1.02022, 	800.518, 	0.849621%, 	0.510000%, 	0.339621%
2020-04-09 02:34:17, 	Bittrex     , 	Kraken      , 	DAI/USDT, 	1.028888, 	142.66, 	1.0199, 	500.518, 	0.881263%, 	0.510000%, 	0.371263%
2020-04-09 02:34:32, 	Bittrex     , 	Kraken      , 	DAI/USDT, 	1.028888, 	142.66, 	1.0199, 	500.518, 	0.881263%, 	0.510000%, 	0.371263%
2020-04-09 02:34:47, 	Bittrex     , 	Kraken      , 	DAI/USDT, 	1.028888, 	142.66, 	1.0199, 	500.518, 	0.881263%, 	0.510000%, 	0.371263%
2020-04-09 02:35:02, 	Bittrex     , 	Kraken      , 	DAI/USDT, 	1.028888, 	142.66, 	1.0199, 	500.518, 	0.881263%, 	0.510000%, 	0.371263%
2020-04-09 02:35:17, 	Bittrex     , 	Kraken      , 	DAI/USDT, 	1.028888, 	142.66, 	1.0199, 	500.518, 	0.881263%, 	0.510000%, 	0.371263%
2020-04-09 02:35:32, 	Bittrex     , 	Kraken      , 	DAI/USDT, 	1.028888, 	142.66, 	1.0199, 	500.518, 	0.881263%, 	0.510000%, 	0.371263%
2020-04-09 02:35:47, 	Bittrex     , 	Kraken      , 	DAI/USDT, 	1.028888, 	142.66, 	1.02021, 	500.518, 	0.850609%, 	0.510000%, 	0.340609%
2020-04-09 02:36:02, 	Bittrex     , 	Kraken      , 	DAI/USDT, 	1.028888, 	142.66, 	1.02021, 	500.518, 	0.850609%, 	0.510000%, 	0.340609%
2020-04-09 02:36:17, 	Bittrex     , 	Kraken      , 	DAI/USDT, 	1.028888, 	142.66, 	1.02021, 	500.518, 	0.850609%, 	0.510000%, 	0.340609%
2020-04-09 02:36:32, 	Bittrex     , 	Kraken      , 	DAI/USDT, 	1.028888, 	142.66, 	1.02021, 	500.518, 	0.850609%, 	0.510000%, 	0.340609%
2020-04-09 02:36:47, 	Bittrex     , 	Kraken      , 	DAI/USDT, 	1.028888, 	142.66, 	1.02021, 	500.518, 	0.850609%, 	0.510000%, 	0.340609%
2020-04-09 02:37:02, 	Bittrex     , 	Kraken      , 	DAI/USDT, 	1.028888, 	142.66, 	1.02021, 	500.518, 	0.850609%, 	0.510000%, 	0.340609%
2020-04-09 02:37:17, 	Bittrex     , 	Kraken      , 	DAI/USDT, 	1.028888, 	142.66, 	1.02021, 	500.518, 	0.850609%, 	0.510000%, 	0.340609%
2020-04-09 02:37:32, 	Bittrex     , 	Kraken      , 	DAI/USDT, 	1.028888, 	142.66, 	1.02021, 	500.518, 	0.850609%, 	0.510000%, 	0.340609%
2020-04-09 02:37:47, 	Bittrex     , 	Kraken      , 	DAI/USDT, 	1.028888, 	142.66, 	1.02021, 	500.518, 	0.850609%, 	0.510000%, 	0.340609%
2020-04-09 02:38:02, 	Bittrex     , 	Kraken      , 	DAI/USDT, 	1.028888, 	142.66, 	1.02021, 	500.518, 	0.850609%, 	0.510000%, 	0.340609%
2020-04-09 02:38:17, 	Bittrex     , 	Kraken      , 	DAI/USDT, 	1.028888, 	142.66, 	1.02021, 	500.518, 	0.850609%, 	0.510000%, 	0.340609%
2020-04-09 02:38:32, 	Bittrex     , 	Kraken      , 	DAI/USDT, 	1.028888, 	142.66, 	1.02021, 	500.518, 	0.850609%, 	0.510000%, 	0.340609%
2020-04-09 02:38:47, 	Bittrex     , 	Kraken      , 	DAI/USDT, 	1.028888, 	142.66, 	1.02021, 	500.518, 	0.850609%, 	0.510000%, 	0.340609%
2020-04-09 02:39:02, 	Bittrex     , 	Kraken      , 	DAI/USDT, 	1.028888, 	142.66, 	1.02021, 	500.518, 	0.850609%, 	0.510000%, 	0.340609%
2020-04-09 02:39:17, 	Bittrex     , 	Kraken      , 	DAI/USDT, 	1.028888, 	142.66, 	1.02021, 	500.518, 	0.850609%, 	0.510000%, 	0.340609%
2020-04-09 02:39:32, 	Bittrex     , 	Kraken      , 	DAI/USDT, 	1.028888, 	142.66, 	1.02021, 	500.518, 	0.850609%, 	0.510000%, 	0.340609%
2020-04-09 02:39:47, 	Bittrex     , 	Kraken      , 	DAI/USDT, 	1.028888, 	142.66, 	1.02021, 	500.518, 	0.850609%, 	0.510000%, 	0.340609%
2020-04-09 02:40:02, 	Bittrex     , 	Kraken      , 	DAI/USDT, 	1.028888, 	142.66, 	1.02021, 	500.518, 	0.850609%, 	0.510000%, 	0.340609%
2020-04-09 02:40:17, 	Bittrex     , 	Kraken      , 	DAI/USDT, 	1.028888, 	142.66, 	1.02021, 	500.518, 	0.850609%, 	0.510000%, 	0.340609%
2020-04-09 02:40:32, 	Bittrex     , 	Kraken      , 	DAI/USDT, 	1.028888, 	142.66, 	1.02021, 	500.518, 	0.850609%, 	0.510000%, 	0.340609%
2020-04-09 02:40:47, 	Bittrex     , 	Kraken      , 	DAI/USDT, 	1.028888, 	142.66, 	1.02021, 	500.518, 	0.850609%, 	0.510000%, 	0.340609%
2020-04-09 02:41:02, 	Bittrex     , 	Kraken      , 	DAI/USDT, 	1.028888, 	142.66, 	1.02021, 	500.518, 	0.850609%, 	0.510000%, 	0.340609%
2020-04-09 02:41:17, 	Bittrex     , 	Kraken      , 	DAI/USDT, 	1.028888, 	142.66, 	1.02021, 	500.518, 	0.850609%, 	0.510000%, 	0.340609%
2020-04-09 02:41:32, 	Bittrex     , 	Kraken      , 	DAI/USDT, 	1.028888, 	142.66, 	1.02021, 	500.518, 	0.850609%, 	0.510000%, 	0.340609%
2020-04-09 02:41:47, 	Bittrex     , 	Kraken      , 	DAI/USDT, 	1.028888, 	142.66, 	1.02018, 	339.483, 	0.853575%, 	0.510000%, 	0.343575%
2020-04-09 02:42:02, 	Bittrex     , 	Kraken      , 	DAI/USDT, 	1.028888, 	142.66, 	1.02014, 	339.483, 	0.857529%, 	0.510000%, 	0.347529%
2020-04-09 02:42:17, 	Bittrex     , 	Kraken      , 	DAI/USDT, 	1.028888, 	142.66, 	1.02012, 	339.483, 	0.859507%, 	0.510000%, 	0.349507%
2020-04-09 02:42:32, 	Bittrex     , 	Kraken      , 	DAI/USDT, 	1.028888, 	142.66, 	1.02008, 	339.483, 	0.863462%, 	0.510000%, 	0.353462%
2020-04-09 02:42:47, 	Bittrex     , 	Kraken      , 	DAI/USDT, 	1.028888, 	142.66, 	1.02006, 	339.483, 	0.865439%, 	0.510000%, 	0.355439%
2020-04-09 02:43:02, 	Bittrex     , 	Kraken      , 	DAI/USDT, 	1.028888, 	142.66, 	1.02002, 	339.483, 	0.869395%, 	0.510000%, 	0.359395%
2020-04-09 02:43:17, 	Bittrex     , 	Kraken      , 	DAI/USDT, 	1.028888, 	142.66, 	1.02001, 	500.518, 	0.870384%, 	0.510000%, 	0.360384%
2020-04-09 02:43:32, 	Bittrex     , 	Kraken      , 	DAI/USDT, 	1.028888, 	142.66, 	1.02001, 	500.518, 	0.870384%, 	0.510000%, 	0.360384%
2020-04-09 02:43:47, 	Bittrex     , 	Kraken      , 	DAI/USDT, 	1.028888, 	142.66, 	1.02001, 	500.518, 	0.870384%, 	0.510000%, 	0.360384%
2020-04-09 02:44:02, 	Bittrex     , 	Kraken      , 	DAI/USDT, 	1.028888, 	142.66, 	1.02001, 	500.518, 	0.870384%, 	0.510000%, 	0.360384%
2020-04-09 02:44:17, 	Bittrex     , 	Kraken      , 	DAI/USDT, 	1.028888, 	142.66, 	1.01998, 	51.088, 	0.873350%, 	0.510000%, 	0.363350%
2020-04-09 02:44:32, 	Bittrex     , 	Kraken      , 	DAI/USDT, 	1.028888, 	142.66, 	1.01997, 	840.0, 	0.874339%, 	0.510000%, 	0.364339%
2020-04-09 02:44:47, 	Bittrex     , 	Kraken      , 	DAI/USDT, 	1.028888, 	142.66, 	1.01992, 	500.518, 	0.879285%, 	0.510000%, 	0.369285%
2020-04-09 02:45:02, 	Bittrex     , 	Kraken      , 	DAI/USDT, 	1.028888, 	142.66, 	1.01991, 	51.088, 	0.880274%, 	0.510000%, 	0.370274%
2020-04-09 02:45:17, 	Bittrex     , 	Kraken      , 	DAI/USDT, 	1.028888, 	142.66, 	1.0204, 	339.483, 	0.831831%, 	0.510000%, 	0.321831%
2020-04-09 02:45:32, 	Bittrex     , 	Kraken      , 	DAI/USDT, 	1.028888, 	142.66, 	1.02043, 	500.518, 	0.828866%, 	0.510000%, 	0.318866%
2020-04-09 02:45:47, 	Bittrex     , 	Kraken      , 	DAI/USDT, 	1.028888, 	139.03992668, 	1.02042, 	339.483, 	0.829854%, 	0.510000%, 	0.319854%
2020-04-09 02:46:02, 	Bittrex     , 	Kraken      , 	DAI/USDT, 	1.028888, 	139.03992668, 	1.02041, 	840.0, 	0.830843%, 	0.510000%, 	0.320843%
2020-04-09 02:46:17, 	Bittrex     , 	Kraken      , 	DAI/USDT, 	1.028888, 	139.03992668, 	1.02041, 	840.0, 	0.830843%, 	0.510000%, 	0.320843%
2020-04-09 02:46:32, 	Bittrex     , 	Kraken      , 	DAI/USDT, 	1.028888, 	139.03992668, 	1.02041, 	551.605, 	0.830843%, 	0.510000%, 	0.320843%
2020-04-09 02:46:47, 	Bittrex     , 	Kraken      , 	DAI/USDT, 	1.028888, 	139.03992668, 	1.02038, 	51.088, 	0.833807%, 	0.510000%, 	0.323807%
2020-04-09 02:47:02, 	Bittrex     , 	Kraken      , 	DAI/USDT, 	1.028888, 	139.03992668, 	1.02036, 	339.483, 	0.835783%, 	0.510000%, 	0.325783%
2020-04-09 02:47:17, 	Bittrex     , 	Kraken      , 	DAI/USDT, 	1.028888, 	139.03992668, 	1.02036, 	339.483, 	0.835783%, 	0.510000%, 	0.325783%
2020-04-09 02:47:32, 	Bittrex     , 	Kraken      , 	DAI/USDT, 	1.028888, 	139.03992668, 	1.02032, 	300.0, 	0.839737%, 	0.510000%, 	0.329737%
2020-04-09 02:47:47, 	Bittrex     , 	Kraken      , 	DAI/USDT, 	1.028888, 	139.03992668, 	1.02032, 	300.0, 	0.839737%, 	0.510000%, 	0.329737%
2020-04-09 02:48:02, 	Bittrex     , 	Kraken      , 	DAI/USDT, 	1.028888, 	139.03992668, 	1.02029, 	300.0, 	0.842702%, 	0.510000%, 	0.332702%
2020-04-09 02:48:17, 	Bittrex     , 	Kraken      , 	DAI/USDT, 	1.028888, 	139.03992668, 	1.02027, 	300.0, 	0.844678%, 	0.510000%, 	0.334678%
2020-04-09 02:48:32, 	Bittrex     , 	Kraken      , 	DAI/USDT, 	1.028888, 	139.03992668, 	1.02025, 	300.0, 	0.846655%, 	0.510000%, 	0.336655%
2020-04-09 02:48:47, 	Bittrex     , 	Kraken      , 	DAI/USDT, 	1.028888, 	139.03992668, 	1.02025, 	300.0, 	0.846655%, 	0.510000%, 	0.336655%
2020-04-09 02:49:02, 	Bittrex     , 	Kraken      , 	DAI/USDT, 	1.028888, 	139.03992668, 	1.02023, 	300.0, 	0.848632%, 	0.510000%, 	0.338632%
2020-04-09 02:49:17, 	Bittrex     , 	Kraken      , 	DAI/USDT, 	1.028888, 	139.03992668, 	1.02023, 	300.0, 	0.848632%, 	0.510000%, 	0.338632%
2020-04-09 02:49:32, 	Bittrex     , 	Kraken      , 	DAI/USDT, 	1.028888, 	139.03992668, 	1.02019, 	300.0, 	0.852586%, 	0.510000%, 	0.342586%
2020-04-09 02:49:47, 	Bittrex     , 	Kraken      , 	DAI/USDT, 	1.028888, 	139.03992668, 	1.02019, 	300.0, 	0.852586%, 	0.510000%, 	0.342586%
2020-04-09 02:50:02, 	Bittrex     , 	Kraken      , 	DAI/USDT, 	1.028888, 	139.03992668, 	1.02017, 	300.0, 	0.854563%, 	0.510000%, 	0.344563%
2020-04-09 02:50:17, 	Bittrex     , 	Kraken      , 	DAI/USDT, 	1.028888, 	139.03992668, 	1.02013, 	300.0, 	0.858518%, 	0.510000%, 	0.348518%
2020-04-09 02:50:32, 	Bittrex     , 	Kraken      , 	DAI/USDT, 	1.028888, 	139.03992668, 	1.02011, 	300.0, 	0.860495%, 	0.510000%, 	0.350495%
2020-04-09 02:50:47, 	Bittrex     , 	Kraken      , 	DAI/USDT, 	1.028888, 	139.03992668, 	1.02011, 	300.0, 	0.860495%, 	0.510000%, 	0.350495%
2020-04-09 02:51:02, 	Bittrex     , 	Kraken      , 	DAI/USDT, 	1.028888, 	139.03992668, 	1.02007, 	300.0, 	0.864450%, 	0.510000%, 	0.354450%
2020-04-09 02:51:17, 	Bittrex     , 	Kraken      , 	DAI/USDT, 	1.028888, 	139.03992668, 	1.02007, 	300.0, 	0.864450%, 	0.510000%, 	0.354450%
2020-04-09 02:51:32, 	Bittrex     , 	Kraken      , 	DAI/USDT, 	1.028888, 	139.03992668, 	1.02005, 	300.0, 	0.866428%, 	0.510000%, 	0.356428%
2020-04-09 02:51:47, 	Bittrex     , 	Kraken      , 	DAI/USDT, 	1.028888, 	139.03992668, 	1.02005, 	300.0, 	0.866428%, 	0.510000%, 	0.356428%
2020-04-09 02:52:02, 	Bittrex     , 	Kraken      , 	DAI/USDT, 	1.028888, 	139.03992668, 	1.02001, 	300.0, 	0.870384%, 	0.510000%, 	0.360384%
2020-04-09 02:52:17, 	Bittrex     , 	Kraken      , 	DAI/USDT, 	1.028888, 	139.03992668, 	1.02001, 	300.0, 	0.870384%, 	0.510000%, 	0.360384%
2020-04-09 02:52:32, 	Bittrex     , 	Kraken      , 	DAI/USDT, 	1.028888, 	139.03992668, 	1.02001, 	300.0, 	0.870384%, 	0.510000%, 	0.360384%
2020-04-09 02:52:47, 	Bittrex     , 	Kraken      , 	DAI/USDT, 	1.028888, 	139.03992668, 	1.01999, 	300.0, 	0.872361%, 	0.510000%, 	0.362361%
2020-04-09 02:53:02, 	Bittrex     , 	Kraken      , 	DAI/USDT, 	1.028888, 	139.03992668, 	1.01998, 	500.518, 	0.873350%, 	0.510000%, 	0.363350%
2020-04-09 02:53:17, 	Bittrex     , 	Kraken      , 	DAI/USDT, 	1.028888, 	139.03992668, 	1.01998, 	500.518, 	0.873350%, 	0.510000%, 	0.363350%
2020-04-09 02:53:32, 	Bittrex     , 	Kraken      , 	DAI/USDT, 	1.028888, 	139.03992668, 	1.01998, 	500.518, 	0.873350%, 	0.510000%, 	0.363350%
2020-04-09 02:53:47, 	Bittrex     , 	Kraken      , 	DAI/USDT, 	1.028888, 	139.03992668, 	1.01998, 	500.518, 	0.873350%, 	0.510000%, 	0.363350%
2020-04-09 02:54:02, 	Bittrex     , 	Kraken      , 	DAI/USDT, 	1.028888, 	139.03992668, 	1.01998, 	500.518, 	0.873350%, 	0.510000%, 	0.363350%
2020-04-09 02:54:17, 	Bittrex     , 	Kraken      , 	DAI/USDT, 	1.028888, 	139.03992668, 	1.01998, 	500.518, 	0.873350%, 	0.510000%, 	0.363350%
2020-04-09 02:54:32, 	Bittrex     , 	Kraken      , 	DAI/USDT, 	1.028888, 	139.03992668, 	1.01998, 	500.518, 	0.873350%, 	0.510000%, 	0.363350%
2020-04-09 02:54:47, 	Bittrex     , 	Kraken      , 	DAI/USDT, 	1.028888, 	139.03992668, 	1.01998, 	500.518, 	0.873350%, 	0.510000%, 	0.363350%
2020-04-09 02:55:02, 	Bittrex     , 	Kraken      , 	DAI/USDT, 	1.028888, 	139.03992668, 	1.02007, 	339.483, 	0.864450%, 	0.510000%, 	0.354450%
2020-04-09 02:55:17, 	Bittrex     , 	Kraken      , 	DAI/USDT, 	1.028888, 	139.03992668, 	1.02007, 	339.483, 	0.864450%, 	0.510000%, 	0.354450%
2020-04-09 02:55:32, 	Bittrex     , 	Kraken      , 	DAI/USDT, 	1.028888, 	139.03992668, 	1.02006, 	500.518, 	0.865439%, 	0.510000%, 	0.355439%
2020-04-09 02:55:47, 	Bittrex     , 	Kraken      , 	DAI/USDT, 	1.028888, 	139.03992668, 	1.02006, 	500.518, 	0.865439%, 	0.510000%, 	0.355439%
2020-04-09 02:56:02, 	Bittrex     , 	Kraken      , 	DAI/USDT, 	1.028888, 	139.03992668, 	1.02006, 	800.518, 	0.865439%, 	0.510000%, 	0.355439%
2020-04-09 02:56:17, 	Bittrex     , 	Kraken      , 	DAI/USDT, 	1.028888, 	139.03992668, 	1.02006, 	800.518, 	0.865439%, 	0.510000%, 	0.355439%
2020-04-09 02:56:32, 	Bittrex     , 	Kraken      , 	DAI/USDT, 	1.028888, 	139.03992668, 	1.02006, 	800.518, 	0.865439%, 	0.510000%, 	0.355439%
2020-04-09 02:56:47, 	Bittrex     , 	Kraken      , 	DAI/USDT, 	1.026334, 	10.0, 	1.02006, 	500.518, 	0.615062%, 	0.510000%, 	0.105062%
2020-04-09 02:57:02, 	Bittrex     , 	Kraken      , 	DAI/USDT, 	1.026334, 	10.0, 	1.01951, 	500.518, 	0.669341%, 	0.510000%, 	0.159341%
2020-04-09 02:57:17, 	Bittrex     , 	Kraken      , 	DAI/USDT, 	1.025502, 	10.0, 	1.01951, 	500.518, 	0.587733%, 	0.510000%, 	0.077733%
2020-04-09 02:57:32, 	Bittrex     , 	Kraken      , 	DAI/USDT, 	1.025502, 	10.0, 	1.01951, 	500.518, 	0.587733%, 	0.510000%, 	0.077733%
2020-04-09 02:57:47, 	Bittrex     , 	Kraken      , 	DAI/USDT, 	1.025502, 	10.0, 	1.01951, 	500.518, 	0.587733%, 	0.510000%, 	0.077733%
2020-04-09 02:58:02, 	Bittrex     , 	Kraken      , 	DAI/USDT, 	1.025502, 	10.0, 	1.01951, 	500.518, 	0.587733%, 	0.510000%, 	0.077733%
2020-04-09 02:58:17, 	Bittrex     , 	Kraken      , 	DAI/USDT, 	1.028888, 	10.0, 	1.01951, 	500.518, 	0.919854%, 	0.510000%, 	0.409854%
2020-04-09 02:58:32, 	Bittrex     , 	Kraken      , 	DAI/USDT, 	1.025502, 	10.0, 	1.01951, 	500.518, 	0.587733%, 	0.510000%, 	0.077733%
2020-04-09 02:58:47, 	Bittrex     , 	Kraken      , 	DAI/USDT, 	1.02216333, 	3.03, 	1.01951, 	500.518, 	0.260255%, 	0.510000%, 	-0.249745%
